Picture_ID,Nr_on_picture,Taxon,Further_ID,Probability Taxon,Probability Further_ID
GS_AD_SH_010517_SCH_+500µm_001.jpg,1,Sandeels,Hyperoplus lanceolatus,0.023687642,0.6311742663383484
GS_AD_SH_010517_SCH_+500µm_001.jpg,2,Sandeels,Ammodytes marinus,0.0024843935,0.8793103098869324
GS_AD_SH_010517_SCH_+500µm_001.jpg,3,Sandeels,Ammodytes marinus,0.005216972,0.8839653134346008
GS_AD_SH_010517_SCH_+500µm_001.jpg,4,Sandeels,Ammodytes marinus,0.004674385,0.891345739364624
GS_AD_SH_010517_SCH_+500µm_001.jpg,5,Sandeels,Ammodytes marinus,0.008896563,0.8361420035362244
GS_AD_SH_010517_SCH_+500µm_001.jpg,6,Sandeels,Ammodytes marinus,0.0028232276,0.8750514388084412
GS_AD_SH_010517_SCH_+500µm_001.jpg,7,Sandeels,Ammodytes marinus,0.005977054,0.8855627179145813
GS_AD_SH_010517_SCH_+500µm_001.jpg,8,Sandeels,Ammodytes marinus,0.0049608517,0.8240000605583191
GS_AD_SH_010517_SCH_+500µm_001.jpg,9,Sandeels,Ammodytes marinus,0.0030551737,0.8825830817222595
GS_AD_SH_010517_SCH_+500µm_001.jpg,10,Sandeels,Ammodytes marinus,0.015571736,0.6403270959854126
GS_AD_SH_010517_SCH_+500µm_001.jpg,11,Sandeels,Ammodytes marinus,0.0069231866,0.8886536359786987
GS_AD_SH_010517_SCH_+500µm_001.jpg,12,Sandeels,Ammodytes marinus,0.18162176,0.7365700006484985
GS_AD_SH_010517_SCH_+500µm_001.jpg,13,Sandeels,Ammodytes marinus,0.0028717183,0.8766747713088989
GS_AD_SH_010517_SCH_+500µm_001.jpg,14,Sandeels,Ammodytes marinus,0.0025116475,0.880559504032135
GS_AD_SH_010517_SCH_+500µm_001.jpg,15,Sandeels,Ammodytes marinus,0.0037372804,0.8793648481369019
GS_AD_SH_010517_SCH_+500µm_001.jpg,16,Sandeels,Ammodytes marinus,0.004585903,0.47447919845581055
GS_AD_SH_010517_SCH_+500µm_001.jpg,17,Sandeels,Ammodytes marinus,0.0021677942,0.8876900672912598
GS_AD_SH_010517_SCH_+500µm_001.jpg,18,Sandeels,Ammodytes marinus,0.002874322,0.7333829998970032
GS_AD_SH_010517_SCH_+500µm_001.jpg,19,Sandeels,Ammodytes marinus,0.0032059131,0.9044118523597717
GS_AD_SH_010517_SCH_+500µm_001.jpg,20,Sandeels,Ammodytes marinus,0.0054471926,0.8748921751976013
GS_AD_SH_010517_SCH_+500µm_001.jpg,21,Clupeids,Sprattus sprattus,0.9299881,0.36430084705352783
GS_AD_SH_010517_SCH_+500µm_002.jpg,1,Sandeels,Ammodytes marinus,0.002315742,0.8723002672195435
GS_AD_SH_010517_SCH_+500µm_002.jpg,2,Sandeels,Ammodytes marinus,0.0012249162,0.7060131430625916
GS_AD_SH_010517_SCH_+500µm_002.jpg,3,Sandeels,Ammodytes marinus,0.0014468128,0.8013976812362671
GS_AD_SH_010517_SCH_+500µm_002.jpg,4,Sandeels,Ammodytes marinus,0.0028482554,0.8732442855834961
GS_AD_SH_010517_SCH_+500µm_002.jpg,5,Sandeels,Ammodytes marinus,0.0015525419,0.8848527669906616
GS_AD_SH_010517_SCH_+500µm_002.jpg,6,Sandeels,Ammodytes marinus,0.0016500477,0.8735176920890808
GS_AD_SH_010517_SCH_+500µm_002.jpg,7,Sandeels,Ammodytes marinus,0.0015697822,0.8646983504295349
GS_AD_SH_010517_SCH_+500µm_002.jpg,8,Sandeels,Ammodytes marinus,0.0015206453,0.8368240594863892
GS_AD_SH_010517_SCH_+500µm_002.jpg,9,Sandeels,Ammodytes marinus,0.0021560662,0.8506024479866028
GS_AD_SH_010517_SCH_+500µm_002.jpg,10,Sandeels,Ammodytes marinus,0.001688678,0.8800181746482849
GS_AD_SH_010517_SCH_+500µm_002.jpg,11,Sandeels,Ammodytes marinus,0.002267307,0.8573058843612671
GS_AD_SH_010517_SCH_+500µm_002.jpg,12,Sandeels,Ammodytes marinus,0.0015890178,0.8562776446342468
GS_AD_SH_010517_SCH_+500µm_002.jpg,13,Sandeels,Hyperoplus lanceolatus,0.009021064,0.8000264167785645
GS_AD_SH_010517_SCH_+500µm_002.jpg,14,Sandeels,Ammodytes marinus,0.0018326133,0.8719984889030457
GS_AD_SH_010517_SCH_+500µm_002.jpg,15,Sandeels,Ammodytes marinus,0.0013741323,0.8603371977806091
GS_AD_SH_010517_SCH_+500µm_002.jpg,16,Sandeels,Ammodytes marinus,0.0038545763,0.8626082539558411
GS_AD_SH_010517_SCH_+500µm_002.jpg,17,Sandeels,Ammodytes marinus,0.0011378028,0.9273892641067505
GS_AD_SH_010517_SCH_+500µm_002.jpg,18,Sandeels,Ammodytes marinus,0.001572463,0.8459824323654175
GS_AD_SH_010517_SCH_+500µm_002.jpg,19,Sandeels,Ammodytes marinus,0.0013601972,0.8817282915115356
GS_AD_SH_010517_SCH_+500µm_003.jpg,1,Sandeels,Ammodytes marinus,0.0013291714,0.8694943189620972
GS_AD_SH_010517_SCH_+500µm_003.jpg,2,Sandeels,Ammodytes marinus,0.0016230004,0.8221799731254578
GS_AD_SH_010517_SCH_+500µm_003.jpg,3,Sandeels,Ammodytes marinus,0.0018411577,0.8694570064544678
GS_AD_SH_010517_SCH_+500µm_003.jpg,4,Sandeels,Ammodytes marinus,0.0013590202,0.8840712308883667
GS_AD_SH_010517_SCH_+500µm_003.jpg,5,Sandeels,Ammodytes marinus,0.0012064289,0.881550669670105
GS_AD_SH_010517_SCH_+500µm_003.jpg,6,Sandeels,Ammodytes marinus,0.0017676178,0.8615022897720337
GS_AD_SH_010517_SCH_+500µm_003.jpg,7,Sandeels,Ammodytes marinus,0.0012180309,0.49215248227119446
GS_AD_SH_010517_SCH_+500µm_003.jpg,8,Sandeels,Ammodytes marinus,0.0016300832,0.8909506797790527
GS_AD_SH_010517_SCH_+500µm_003.jpg,9,Sandeels,Ammodytes marinus,0.0012948058,0.8669072389602661
GS_AD_SH_010517_SCH_+500µm_003.jpg,10,Sandeels,Ammodytes marinus,0.001742899,0.8697431087493896
GS_AD_SH_010517_SCH_+500µm_003.jpg,11,Sandeels,Ammodytes marinus,0.0008560841,0.855906069278717
GS_AD_SH_010517_SCH_+500µm_003.jpg,12,Sandeels,Ammodytes marinus,0.0015936041,0.8704562783241272
GS_AD_SH_010517_SCH_+500µm_003.jpg,13,Sandeels,Ammodytes marinus,0.0012391809,0.8569027185440063
GS_AD_SH_010517_SCH_+500µm_003.jpg,14,Sandeels,Ammodytes marinus,0.0011772088,0.8944729566574097
GS_AD_SH_010517_SCH_+500µm_003.jpg,15,Sandeels,Ammodytes marinus,0.00059476955,0.7834019064903259
GS_AD_SH_010517_SCH_+500µm_003.jpg,16,Sandeels,Ammodytes marinus,0.0025474133,0.8681760430335999
GS_AD_SH_010517_SCH_+500µm_003.jpg,17,Sandeels,Ammodytes marinus,0.001738885,0.6125563979148865
GS_AD_SH_010517_SCH_+500µm_003.jpg,18,Sandeels,Ammodytes marinus,0.0027201665,0.7762972712516785
GS_AD_SH_010517_SCH_+500µm_003.jpg,19,Sandeels,Ammodytes marinus,0.0022363556,0.8792979717254639
GS_AD_SH_010517_SCH_+500µm_003.jpg,20,Sandeels,Ammodytes marinus,0.0020428018,0.5337059497833252
GS_AD_SH_010517_SCH_+500µm_004.jpg,1,Sandeels,Ammodytes marinus,0.0019505194,0.8793280124664307
GS_AD_SH_010517_SCH_+500µm_004.jpg,2,Sandeels,Ammodytes marinus,0.0010701622,0.8420045375823975
GS_AD_SH_010517_SCH_+500µm_004.jpg,3,Sandeels,Ammodytes marinus,0.001372683,0.8675140142440796
GS_AD_SH_010517_SCH_+500µm_004.jpg,4,Sandeels,Hyperoplus lanceolatus,0.0039909836,0.6485463380813599
GS_AD_SH_010517_SCH_+500µm_004.jpg,5,Sandeels,Ammodytes marinus,0.002411823,0.883796751499176
GS_AD_SH_010517_SCH_+500µm_004.jpg,6,Sandeels,Ammodytes marinus,0.00046272352,0.43182888627052307
GS_AD_SH_010517_SCH_+500µm_004.jpg,7,Sandeels,Ammodytes marinus,0.0014642216,0.8905110359191895
GS_AD_SH_010517_SCH_+500µm_004.jpg,8,Sandeels,Ammodytes marinus,0.0018521106,0.8527051210403442
GS_AD_SH_010517_SCH_+500µm_004.jpg,9,Sandeels,Ammodytes marinus,0.0009419314,0.8477663397789001
GS_AD_SH_010517_SCH_+500µm_004.jpg,10,Sandeels,Ammodytes marinus,0.0020417182,0.8787879943847656
GS_AD_SH_010517_SCH_+500µm_004.jpg,11,Sandeels,Ammodytes marinus,0.0016640392,0.8535959720611572
GS_AD_SH_010517_SCH_+500µm_004.jpg,12,Sandeels,Ammodytes marinus,0.0018917037,0.8564189076423645
GS_AD_SH_010517_SCH_+500µm_004.jpg,13,Sandeels,Ammodytes marinus,0.0012522223,0.8005526661872864
GS_AD_SH_010517_SCH_+500µm_004.jpg,14,Sandeels,Ammodytes marinus,0.0010776607,0.8108668923377991
GS_AD_SH_010517_SCH_+500µm_004.jpg,15,Sandeels,Hyperoplus lanceolatus,0.005044016,0.6347449421882629
GS_AD_SH_010517_SCH_+500µm_004.jpg,16,Sandeels,Ammodytes marinus,0.0009999955,0.8380088806152344
GS_AD_SH_010517_SCH_+500µm_004.jpg,17,Sandeels,Ammodytes marinus,0.0018960104,0.8746702075004578
GS_AD_SH_010517_SCH_+500µm_004.jpg,18,Sandeels,Ammodytes marinus,0.0009570007,0.8469011783599854
GS_AD_SH_010517_SCH_+500µm_004.jpg,19,Sandeels,Ammodytes marinus,0.0015470359,0.8930711150169373
GS_AD_SH_010517_SCH_+500µm_005.jpg,1,Sandeels,Ammodytes marinus,0.0020127725,0.8532342910766602
GS_AD_SH_010517_SCH_+500µm_005.jpg,2,Sandeels,Ammodytes marinus,0.0014320149,0.6054437160491943
GS_AD_SH_010517_SCH_+500µm_005.jpg,3,Sandeels,Ammodytes marinus,0.0015760628,0.8320272564888
GS_AD_SH_010517_SCH_+500µm_005.jpg,4,Sandeels,Ammodytes tobianus,0.006340153,0.5283840298652649
GS_AD_SH_010517_SCH_+500µm_005.jpg,5,Sandeels,Ammodytes marinus,0.0015691837,0.8163237571716309
GS_AD_SH_010517_SCH_+500µm_005.jpg,6,Sandeels,Ammodytes marinus,0.0025866847,0.8617100119590759
GS_AD_SH_010517_SCH_+500µm_005.jpg,7,Sandeels,Hyperoplus lanceolatus,0.0010134575,0.5478322505950928
GS_AD_SH_010517_SCH_+500µm_005.jpg,8,Sandeels,Ammodytes marinus,0.00044540796,0.6527732014656067
GS_AD_SH_010517_SCH_+500µm_005.jpg,9,Sandeels,Ammodytes tobianus,0.0006248775,0.3777291178703308
GS_AD_SH_010517_SCH_+500µm_005.jpg,10,Sandeels,Ammodytes marinus,0.0018642313,0.8260378241539001
GS_AD_SH_010517_SCH_+500µm_005.jpg,11,Sandeels,Ammodytes marinus,0.0021795866,0.6849625706672668
GS_AD_SH_010517_SCH_+500µm_005.jpg,12,Sandeels,Hyperoplus lanceolatus,0.0043196217,0.6206005215644836
GS_AD_SH_010517_SCH_+500µm_005.jpg,13,Sandeels,Ammodytes marinus,0.001133542,0.8874152898788452
GS_AD_SH_010517_SCH_+500µm_005.jpg,14,Sandeels,Ammodytes marinus,0.0021351725,0.7898770570755005
GS_AD_SH_010517_SCH_+500µm_005.jpg,15,Sandeels,Ammodytes marinus,0.0005276763,0.7677149772644043
GS_AD_SH_010517_SCH_+500µm_005.jpg,16,Sandeels,Ammodytes marinus,0.0011813664,0.7721214294433594
GS_AD_SH_010517_SCH_+500µm_005.jpg,17,Sandeels,Ammodytes marinus,0.0011949787,0.8640762567520142
GS_AD_SH_010517_SCH_+500µm_005.jpg,18,Sandeels,Ammodytes marinus,0.0017479339,0.39920055866241455
GS_AD_SH_010517_SCH_+500µm_005.jpg,19,Sandeels,Ammodytes marinus,0.0014876244,0.8713914155960083
GS_AD_SH_010517_SCH_+500µm_005.jpg,20,Sandeels,Ammodytes marinus,0.0013329459,0.8974305391311646
GS_AD_SH_010517_SCH_+500µm_005.jpg,21,Sandeels,Ammodytes marinus,0.002002812,0.8643652200698853
GS_AD_SH_010517_SCH_+500µm_005.jpg,22,Sandeels,Ammodytes marinus,0.0021899524,0.8599337339401245
GS_AD_SH_010517_SCH_+500µm_005.jpg,23,Sandeels,Ammodytes marinus,0.0006624126,0.4748881757259369
GS_AD_SH_010517_SCH_+500µm_005.jpg,24,Sandeels,Ammodytes marinus,0.0013820403,0.8745852708816528
GS_AD_SH_010517_SCH_+500µm_005.jpg,25,Sandeels,Hyperoplus lanceolatus,0.0006771371,0.49260950088500977
GS_AD_SH_010517_SCH_+500µm_005.jpg,26,Sandeels,Ammodytes marinus,0.0017903432,0.7839707136154175
GS_AD_SH_010517_SCH_+500µm_005.jpg,27,Sandeels,Ammodytes marinus,0.0011743697,0.7594940066337585
GS_AD_SH_010517_SCH_+500µm_005.jpg,28,Sandeels,Ammodytes marinus,0.0007851185,0.7832856178283691
GS_AD_SH_010517_SCH_+500µm_005.jpg,29,Sandeels,Hyperoplus lanceolatus,0.0022681605,0.8495500087738037
GS_AD_SH_010517_SCH_+500µm_005.jpg,30,Sandeels,Ammodytes marinus,0.0012501094,0.8837577104568481
GS_AD_SH_010517_SCH_+500µm_006.jpg,1,Sandeels,Hyperoplus lanceolatus,0.009581605,0.9121644496917725
GS_AD_SH_010517_SCH_+500µm_006.jpg,2,Sandeels,Ammodytes marinus,0.0014382381,0.6382201313972473
GS_AD_SH_010517_SCH_+500µm_006.jpg,3,Sandeels,Ammodytes marinus,0.0005806883,0.7940910458564758
GS_AD_SH_010517_SCH_+500µm_006.jpg,4,Sandeels,Ammodytes marinus,0.0017847761,0.5100343227386475
GS_AD_SH_010517_SCH_+500µm_006.jpg,5,Sandeels,Hyperoplus lanceolatus,0.009871518,0.8120272159576416
GS_AD_SH_010517_SCH_+500µm_006.jpg,6,Sandeels,Ammodytes marinus,0.0023684246,0.8011402487754822
GS_AD_SH_010517_SCH_+500µm_006.jpg,7,Sandeels,Ammodytes marinus,0.011457099,0.5213891863822937
GS_AD_SH_010517_SCH_+500µm_006.jpg,8,Sandeels,Ammodytes marinus,0.0013174246,0.7642900943756104
GS_AD_SH_010517_SCH_+500µm_006.jpg,9,Sandeels,Ammodytes marinus,0.0015748859,0.8116596341133118
GS_AD_SH_010517_SCH_+500µm_006.jpg,10,Sandeels,Ammodytes marinus,0.00085123663,0.7706028819084167
GS_AD_SH_010517_SCH_+500µm_006.jpg,11,Sandeels,Ammodytes marinus,0.0020958798,0.7361912131309509
GS_AD_SH_010517_SCH_+500µm_006.jpg,12,Sandeels,Ammodytes marinus,0.0018359999,0.8445362448692322
GS_AD_SH_010517_SCH_+500µm_006.jpg,13,Sandeels,Ammodytes marinus,0.0021653438,0.8511704206466675
GS_AD_SH_010517_SCH_+500µm_006.jpg,14,Sandeels,Ammodytes marinus,0.0010319734,0.634646475315094
GS_AD_SH_010517_SCH_+500µm_006.jpg,15,Sandeels,Ammodytes marinus,0.0017429107,0.8170053362846375
GS_AD_SH_010517_SCH_+500µm_006.jpg,16,Sandeels,Ammodytes marinus,0.00092634466,0.8523257374763489
GS_AD_SH_010517_SCH_+500µm_006.jpg,17,Sandeels,Ammodytes marinus,0.0014325782,0.8404741883277893
GS_AD_SH_010517_SCH_+500µm_006.jpg,18,Sandeels,Ammodytes tobianus,0.00039545944,0.701813817024231
GS_AD_SH_010517_SCH_+500µm_006.jpg,19,Sandeels,Ammodytes marinus,0.0011010871,0.661674439907074
GS_AD_SH_010517_SCH_+500µm_006.jpg,20,Sandeels,Hyperoplus lanceolatus,0.0019474252,0.5603973269462585
GS_AD_SH_010517_SCH_+500µm_006.jpg,21,Sandeels,Hyperoplus lanceolatus,0.0020920588,0.8101789951324463
GS_AD_SH_010517_SCH_+500µm_006.jpg,22,Sandeels,Ammodytes marinus,0.00097255176,0.8375465273857117
GS_AD_SH_010517_SCH_+500µm_006.jpg,23,Sandeels,Ammodytes marinus,0.00077118265,0.7149139046669006
GS_AD_SH_010517_SCH_+500µm_006.jpg,24,Sandeels,Ammodytes marinus,0.0022507857,0.7791831493377686
GS_AD_SH_010517_SCH_+500µm_006.jpg,25,Sandeels,Ammodytes marinus,0.0014831213,0.8376558423042297
GS_AD_SH_010517_SCH_+500µm_006.jpg,26,Sandeels,Ammodytes marinus,0.0021609005,0.871545672416687
GS_AD_SH_010517_SCH_+500µm_006.jpg,27,Sandeels,Ammodytes marinus,0.0012217794,0.7417343854904175
GS_AD_SH_010517_SCH_+500µm_006.jpg,28,Sandeels,Ammodytes marinus,0.00051154307,0.7171319127082825
GS_AD_SH_010517_SCH_+500µm_006.jpg,29,Sandeels,Ammodytes marinus,0.0027761394,0.6435983180999756
GS_AD_SH_010517_SCH_+500µm_006.jpg,30,Sandeels,Ammodytes marinus,0.003248794,0.46863800287246704
GS_AD_SH_010517_SCH_+500µm_006.jpg,31,Sandeels,Ammodytes marinus,0.0016732702,0.6900609731674194
GS_AD_SH_010517_SCH_+500µm_006.jpg,32,Sandeels,Hyperoplus lanceolatus,0.0032194424,0.8035016059875488
GS_AD_SH_010517_SCH_+500µm_006.jpg,33,Sandeels,Ammodytes marinus,0.004429227,0.8527299165725708
GS_AD_SH_010517_SCH_+500µm_006.jpg,34,Sandeels,Ammodytes marinus,0.001366831,0.43169310688972473
GS_AD_SH_010517_SCH_+500µm_006.jpg,35,Sandeels,Ammodytes marinus,0.0012594075,0.7359151840209961
GS_AD_SH_010517_SCH_+500µm_006.jpg,36,Sandeels,Hyperoplus lanceolatus,0.064545944,0.8640794157981873
GS_AD_SH_010517_SCH_+500µm_006.jpg,37,Sandeels,Ammodytes tobianus,0.001516701,0.6045889854431152
GS_AD_SH_010517_SCH_+500µm_006.jpg,38,Sandeels,Ammodytes tobianus,0.0038432537,0.43044227361679077
GS_AD_SH_010517_SCH_+500µm_006.jpg,39,Sandeels,Hyperoplus lanceolatus,0.0021342726,0.7363758683204651
GS_AD_SH_010517_SCH_+500µm_006.jpg,40,Sandeels,Ammodytes tobianus,0.0012373173,0.706602931022644
GS_AD_SH_010517_SCH_+500µm_006.jpg,41,Sandeels,Ammodytes tobianus,0.0019609784,0.47864019870758057
GS_AD_SH_010517_SCH_+500µm_006.jpg,42,Sandeels,Ammodytes tobianus,0.014168557,0.6501205563545227
GS_AD_SH_010517_SCH_+500µm_006.jpg,43,Sandeels,Ammodytes tobianus,0.38198107,0.8451004028320312
GS_AD_SH_010517_SCH_+500µm_007.jpg,1,Sandeels,Ammodytes tobianus,0.00022937261,0.8652647733688354
GS_AD_SH_010517_SCH_+500µm_007.jpg,2,Sandeels,Ammodytes tobianus,0.0010274206,0.8202840089797974
GS_AD_SH_010517_SCH_+500µm_007.jpg,3,Clupeids,Sprattus sprattus,0.9621771,0.5790210366249084
GS_AD_SH_010517_SCH_+500µm_007.jpg,4,Sandeels,Ammodytes tobianus,0.01194525,0.7796849012374878
GS_AD_SH_010517_SCH_+500µm_007.jpg,5,Sandeels,Ammodytes marinus,0.00079855643,0.8707318305969238
GS_AD_SH_010517_SCH_+500µm_007.jpg,6,Sandeels,Ammodytes marinus,0.0011075975,0.5953413248062134
GS_AD_SH_010517_SCH_+500µm_007.jpg,7,Sandeels,Ammodytes marinus,0.0016352736,0.6671805381774902
GS_AD_SH_010517_SCH_+500µm_007.jpg,8,Sandeels,Ammodytes marinus,0.00096578535,0.7634354829788208
GS_AD_SH_010517_SCH_+500µm_007.jpg,9,Sandeels,Ammodytes tobianus,0.0005890833,0.8364142775535583
GS_AD_SH_010517_SCH_+500µm_007.jpg,10,Sandeels,Ammodytes marinus,0.009977248,0.6724564433097839
GS_AD_SH_010517_SCH_+500µm_007.jpg,11,Sandeels,Ammodytes marinus,0.0018701775,0.744194746017456
GS_AD_SH_010517_SCH_+500µm_007.jpg,12,Sandeels,Ammodytes marinus,0.0012514043,0.8711602091789246
GS_AD_SH_010517_SCH_+500µm_007.jpg,13,Sandeels,Ammodytes tobianus,0.00067055976,0.8228867650032043
GS_AD_SH_010517_SCH_+500µm_007.jpg,14,Sandeels,Hyperoplus lanceolatus,0.006630005,0.7761366367340088
GS_AD_SH_010517_SCH_+500µm_007.jpg,15,Sandeels,Ammodytes tobianus,0.28847665,0.5656198859214783
GS_AD_SH_010517_SCH_+500µm_007.jpg,16,Sandeels,Hyperoplus lanceolatus,0.0007942867,0.47770005464553833
GS_AD_SH_010517_SCH_+500µm_007.jpg,17,Sandeels,Ammodytes tobianus,0.00038790854,0.8494349718093872
GS_AD_SH_010517_SCH_+500µm_007.jpg,18,Sandeels,Ammodytes marinus,0.002338243,0.8331627249717712
GS_AD_SH_010517_SCH_+500µm_007.jpg,19,Sandeels,Ammodytes marinus,0.030481357,0.6248035430908203
GS_AD_SH_010517_SCH_+500µm_007.jpg,20,Sandeels,Ammodytes tobianus,0.00048470998,0.839801549911499
GS_AD_SH_010517_SCH_+500µm_007.jpg,21,Sandeels,Ammodytes tobianus,0.0019882964,0.8294936418533325
GS_AD_SH_010517_SCH_+500µm_007.jpg,22,Sandeels,Hyperoplus lanceolatus,0.027563073,0.7589629888534546
GS_AD_SH_010517_SCH_+500µm_007.jpg,23,Sandeels,Hyperoplus lanceolatus,0.015964162,0.8686558604240417
GS_AD_SH_010517_SCH_+500µm_007.jpg,24,Sandeels,Ammodytes marinus,0.0011149793,0.7714963555335999
GS_AD_SH_010517_SCH_+500µm_007.jpg,25,Sandeels,Ammodytes tobianus,0.10988852,0.8418132066726685
GS_AD_SH_010517_SCH_+500µm_007.jpg,26,Sandeels,Ammodytes tobianus,0.00707851,0.7674039602279663
GS_AD_SH_010517_SCH_+500µm_007.jpg,27,Sandeels,Ammodytes tobianus,0.001831144,0.8327710032463074
GS_AD_SH_010517_SCH_+500µm_008.jpg,1,Sandeels,Ammodytes tobianus,0.0002810661,0.8592226505279541
GS_AD_SH_010517_SCH_+500µm_008.jpg,2,Sandeels,Ammodytes tobianus,0.1962384,0.44590243697166443
GS_AD_SH_010517_SCH_+500µm_008.jpg,3,Clupeids,Sprattus sprattus,0.8641944,0.7328436374664307
GS_AD_SH_010517_SCH_+500µm_008.jpg,4,Sandeels,Ammodytes tobianus,0.0005400124,0.8354714512825012
GS_AD_SH_010517_SCH_+500µm_008.jpg,5,Clupeids,Clupea harengus,0.9616841,0.5118961930274963
GS_AD_SH_010517_SCH_+500µm_008.jpg,6,Sandeels,Ammodytes tobianus,0.004760531,0.7917878031730652
GS_AD_SH_010517_SCH_+500µm_008.jpg,7,Sandeels,Ammodytes tobianus,0.0028588888,0.7876432538032532
GS_AD_SH_010517_SCH_+500µm_008.jpg,8,Sandeels,Ammodytes tobianus,0.15872438,0.5673202872276306
GS_AD_SH_010517_SCH_+500µm_008.jpg,9,Clupeids,Clupea harengus,0.90106887,0.5099411010742188
GS_AD_SH_010517_SCH_+500µm_008.jpg,10,Clupeids,Clupea harengus,0.959182,0.8638454675674438
GS_AD_SH_010517_SCH_+500µm_008.jpg,11,Clupeids,Clupea harengus,0.9986162,0.810827910900116
GS_AD_SH_010517_SCH_+500µm_008.jpg,12,Clupeids,Clupea harengus,0.9969409,0.8713706731796265
GS_AD_SH_010517_SCH_+500µm_008.jpg,13,Sandeels,Ammodytes tobianus,0.0005496845,0.8309546709060669
GS_AD_SH_010517_SCH_+500µm_008.jpg,14,Clupeids,Clupea harengus,0.97571295,0.4571072459220886
GS_AD_SH_010517_SCH_+500µm_008.jpg,15,Clupeids,Clupea harengus,0.7309846,0.6185722351074219
GS_AD_SH_010517_SCH_+500µm_008.jpg,16,Clupeids,Alosa fallax,0.911977,0.5129262804985046
GS_AD_SH_010517_SCH_+500µm_008.jpg,17,Sandeels,Ammodytes tobianus,0.49172384,0.4398305416107178
GS_AD_SH_010517_SCH_+500µm_008.jpg,18,Sandeels,Ammodytes tobianus,0.00068333437,0.806082010269165
GS_AD_SH_010517_SCH_+500µm_008.jpg,19,Sandeels,Ammodytes tobianus,0.0016729316,0.7959551811218262
GS_AD_SH_010517_SCH_+500µm_008.jpg,20,Sandeels,Ammodytes tobianus,0.0031365976,0.7932125329971313
GS_AD_SH_010517_SCH_+500µm_008.jpg,21,Sandeels,Ammodytes tobianus,0.00052224146,0.8548803329467773
GS_AD_SH_010517_SCH_+500µm_008.jpg,22,Sandeels,Ammodytes tobianus,0.0036114547,0.782293975353241
GS_AD_SH_010517_SCH_+500µm_008.jpg,23,Sandeels,Ammodytes tobianus,0.1794046,0.7521744966506958
GS_AD_SH_010517_SCH_+500µm_008.jpg,24,Sandeels,Ammodytes tobianus,0.00029113042,0.8637712001800537
GS_AD_SH_010517_SCH_+500µm_009.jpg,1,Sandeels,Ammodytes marinus,0.0096634645,0.6114716529846191
GS_AD_SH_010517_SCH_+500µm_009.jpg,2,Clupeids,Alosa fallax,0.97908974,0.4019503891468048
GS_AD_SH_010517_SCH_+500µm_009.jpg,3,Sandeels,Hyperoplus lanceolatus,0.01749506,0.9492563605308533
GS_AD_SH_010517_SCH_+500µm_009.jpg,4,Sandeels,Hyperoplus lanceolatus,0.080009475,0.5555161237716675
GS_AD_SH_010517_SCH_+500µm_009.jpg,5,Sandeels,Ammodytes marinus,0.002839993,0.8389579653739929
GS_AD_SH_010517_SCH_+500µm_009.jpg,6,Sandeels,Ammodytes marinus,0.0044241776,0.8619670271873474
GS_AD_SH_010517_SCH_+500µm_009.jpg,7,Sandeels,Hyperoplus lanceolatus,0.20248462,0.46259942650794983
GS_AD_SH_010517_SCH_+500µm_009.jpg,8,Sandeels,Ammodytes marinus,0.0023789487,0.8520188927650452
GS_AD_SH_010517_SCH_+500µm_009.jpg,9,Clupeids,Alosa fallax,0.86130935,0.6372336149215698
GS_AD_SH_010517_SCH_+500µm_009.jpg,10,Sandeels,Hyperoplus lanceolatus,0.057741325,0.8870828151702881
GS_AD_SH_010517_SCH_+500µm_009.jpg,11,Sandeels,Ammodytes tobianus,0.05151155,0.4853370785713196
GS_AD_SH_010517_SCH_+500µm_009.jpg,12,Sandeels,Ammodytes tobianus,0.0043558567,0.7531296610832214
GS_AD_SH_010517_SCH_-500µm_001.jpg,1,Sandeels,Ammodytes tobianus,8.1019774e-05,0.9230156540870667
GS_AD_SH_010517_SCH_-500µm_001.jpg,2,Sandeels,Ammodytes tobianus,0.02741123,0.5082268118858337
GS_AD_SH_010517_SCH_-500µm_001.jpg,3,Sandeels,Hyperoplus lanceolatus,0.05793006,0.7959491610527039
GS_AD_SH_010517_SCH_-500µm_001.jpg,4,Sandeels,Ammodytes marinus,0.0020604166,0.8008902668952942
GS_AD_SH_010517_SCH_-500µm_001.jpg,5,Sandeels,Ammodytes marinus,0.023520855,0.6049150228500366
GS_AD_SH_010517_SCH_-500µm_001.jpg,6,Clupeids,Clupea harengus,0.94195366,0.6398716568946838
GS_AD_SH_010517_SCH_-500µm_001.jpg,7,Sandeels,Hyperoplus lanceolatus,0.0023879134,0.8471459746360779
GS_AD_SH_010517_SCH_-500µm_001.jpg,8,Sandeels,Ammodytes marinus,0.004400439,0.8034007549285889
GS_AD_SH_010517_SCH_-500µm_001.jpg,9,Sandeels,Ammodytes marinus,0.002609512,0.7865886688232422
GS_AD_SH_010517_SCH_-500µm_001.jpg,10,Sandeels,Ammodytes marinus,0.0006880196,0.779110312461853
GS_AD_SH_010517_SCH_-500µm_001.jpg,11,Sandeels,Ammodytes marinus,0.0027045375,0.7600722908973694
GS_AD_SH_010517_SCH_-500µm_001.jpg,12,Sandeels,Ammodytes tobianus,0.020971123,0.4985290765762329
GS_AD_SH_010517_SCH_-500µm_001.jpg,13,Sandeels,Ammodytes marinus,0.0029714731,0.8352066278457642
GS_AD_SH_010517_SCH_-500µm_001.jpg,14,Sandeels,Ammodytes tobianus,0.021414952,0.4483194649219513
GS_AD_SH_010517_SCH_-500µm_001.jpg,15,Sandeels,Ammodytes tobianus,0.009101101,0.4900233745574951
GS_AD_SH_010517_SCH_-500µm_001.jpg,16,Sandeels,Ammodytes marinus,0.00046142552,0.5808092951774597
GS_AD_SH_010517_SCH_-500µm_001.jpg,17,Sandeels,Hyperoplus lanceolatus,0.018019255,0.8180267810821533
GS_AD_SH_010517_SCH_-500µm_001.jpg,18,Sandeels,Ammodytes tobianus,0.011339951,0.42227956652641296
GS_AD_SH_010517_SCH_-500µm_001.jpg,19,Sandeels,Ammodytes marinus,0.0026931367,0.8130725622177124
GS_AD_SH_010517_SCH_-500µm_001.jpg,20,Sandeels,Ammodytes tobianus,0.0004973763,0.584412693977356
GS_AD_SH_010517_SCH_-500µm_001.jpg,21,Sandeels,Ammodytes tobianus,0.026566941,0.5695605278015137
GS_AD_SH_010517_SCH_-500µm_001.jpg,22,Sandeels,Ammodytes marinus,0.00752556,0.6341429352760315
GS_AD_SH_010517_SCH_-500µm_001.jpg,23,Sandeels,Ammodytes tobianus,0.004270381,0.6162381172180176
GS_AD_SH_010517_SCH_-500µm_001.jpg,24,Sandeels,Ammodytes marinus,0.001776098,0.7532334923744202
GS_AD_SH_010517_SCH_-500µm_001.jpg,25,Sandeels,Ammodytes tobianus,0.03777265,0.47329485416412354
GS_AD_SH_010517_SCH_-500µm_001.jpg,26,Sandeels,Ammodytes tobianus,0.003972,0.39418113231658936
GS_AD_SH_010517_SCH_-500µm_001.jpg,27,Sandeels,Ammodytes tobianus,0.0089152,0.5721055865287781
GS_AD_SH_010517_SCH_-500µm_001.jpg,28,Clupeids,Sprattus sprattus,0.52830565,0.45671942830085754
GS_AD_SH_010517_SCH_-500µm_001.jpg,29,Sandeels,Ammodytes marinus,0.0053982884,0.5493712425231934
GS_AD_SH_010517_SCH_-500µm_001.jpg,30,Sandeels,Ammodytes tobianus,0.17616104,0.5390555262565613
GS_AD_SH_010517_SCH_-500µm_002.jpg,1,Sandeels,Ammodytes tobianus,0.0014636674,0.8221595883369446
GS_AD_SH_010517_SCH_-500µm_002.jpg,2,Sandeels,Ammodytes tobianus,0.037743278,0.7485585808753967
GS_AD_SH_010517_SCH_-500µm_002.jpg,3,Clupeids,Sprattus sprattus,0.79656965,0.7254270911216736
GS_AD_SH_010517_SCH_-500µm_002.jpg,4,Clupeids,Sprattus sprattus,0.93267065,0.6207906007766724
GS_AD_SH_010517_SCH_-500µm_002.jpg,5,Clupeids,Sprattus sprattus,0.9621783,0.531213104724884
GS_AD_SH_010517_SCH_-500µm_002.jpg,6,Clupeids,Clupea harengus,0.9993086,0.8344564437866211
GS_AD_SH_010517_SCH_-500µm_002.jpg,7,Clupeids,Alosa fallax,0.75824094,0.37333858013153076
GS_AD_SH_010517_SCH_-500µm_002.jpg,8,Clupeids,Sprattus sprattus,0.7497317,0.7442805171012878
GS_AD_SH_010517_SCH_-500µm_002.jpg,9,Clupeids,Clupea harengus,0.89794,0.7157548069953918
GS_AD_SH_010517_SCH_-500µm_002.jpg,10,Clupeids,Alosa fallax,0.83189094,0.5608786940574646
GS_AD_SH_010517_SCH_-500µm_002.jpg,11,Clupeids,Clupea harengus,0.95006806,0.45993074774742126
GS_AD_SH_010517_SCH_-500µm_002.jpg,12,Clupeids,Sprattus sprattus,0.6866574,0.70505291223526
GS_AD_SH_010517_SCH_-500µm_002.jpg,13,Sandeels,Ammodytes tobianus,0.31479257,0.6269692778587341
GS_AD_SH_010517_SCH_-500µm_002.jpg,14,Clupeids,Alosa fallax,0.6205912,0.7066577076911926
GS_AD_SH_010517_SCH_-500µm_002.jpg,15,Sandeels,Ammodytes tobianus,0.47159022,0.5620270371437073
GS_AD_SH_010517_SCH_-500µm_002.jpg,16,Sandeels,Ammodytes tobianus,0.21722785,0.818371057510376
GS_AD_SH_010517_SCH_-500µm_002.jpg,17,Clupeids,Alosa fallax,0.91085386,0.4135684072971344
GS_AD_SH_010517_SCH_-500µm_002.jpg,18,Sandeels,Ammodytes tobianus,0.038295288,0.6731765866279602
GS_AD_SH_010517_SCH_-500µm_002.jpg,19,Clupeids,Sprattus sprattus,0.9823423,0.6578550934791565
GS_AD_SH_010517_SCH_-500µm_002.jpg,20,Clupeids,Alosa fallax,0.90113354,0.43148431181907654
GS_AD_SH_010517_SCH_-500µm_002.jpg,21,Clupeids,Sprattus sprattus,0.73824584,0.4923332929611206
GS_AD_SH_010517_SCH_-500µm_002.jpg,22,Clupeids,Sprattus sprattus,0.633794,0.4512721598148346
GS_AD_SH_010517_SCH_-500µm_002.jpg,23,Sandeels,Ammodytes tobianus,0.20057465,0.7919195294380188
GS_AD_SH_010517_SCH_-500µm_002.jpg,24,Sandeels,Ammodytes tobianus,0.018997017,0.8255713582038879
GS_AD_SH_010517_SCH_-500µm_002.jpg,25,Clupeids,Clupea harengus,0.90836304,0.8979320526123047
GS_AD_SH_010517_SCH_-500µm_002.jpg,26,Clupeids,Clupea harengus,0.9965609,0.7842733860015869
GS_AD_SH_010517_SCH_-500µm_002.jpg,27,Sandeels,Ammodytes tobianus,0.32280234,0.7999948859214783
GS_AD_SH_010517_SCH_-500µm_002.jpg,28,Clupeids,Sprattus sprattus,0.9639097,0.5669035911560059
GS_AD_SH_010517_SCH_-500µm_002.jpg,29,Sandeels,Ammodytes tobianus,0.006644583,0.8537108302116394
GS_AD_SH_010517_SCH_-500µm_002.jpg,30,Clupeids,Alosa fallax,0.9798339,0.6498540639877319
GS_AD_SH_010517_SCH_-500µm_002.jpg,31,Clupeids,Clupea harengus,0.9574051,0.46838805079460144
GS_AD_SH_010517_SCH_-500µm_002.jpg,32,Sandeels,Ammodytes tobianus,0.43271884,0.7513672113418579
GS_AD_SH_010517_SCH_-500µm_002.jpg,33,Sandeels,Ammodytes tobianus,0.45467135,0.6364553570747375
GS_AD_SH_010517_SCH_-500µm_002.jpg,34,Clupeids,Clupea harengus,0.8719099,0.666337251663208
GS_AD_SH_010517_SCH_-500µm_002.jpg,35,Clupeids,Clupea harengus,0.82822776,0.4927404224872589
GS_AD_SH_010517_SCH_-500µm_002.jpg,36,Sandeels,Ammodytes tobianus,0.02964197,0.8830930590629578
GS_AD_SH_010517_SCH_-500µm_002.jpg,37,Sandeels,Ammodytes tobianus,0.06548239,0.45699891448020935
GS_AD_SH_010517_SCH_-500µm_002.jpg,38,Sandeels,Ammodytes tobianus,0.1704252,0.6365031599998474
GS_AD_SH_010517_SCH_-500µm_002.jpg,39,Clupeids,Alosa fallax,0.9653366,0.5143638253211975
GS_AD_SH_010517_SCH_-500µm_002.jpg,40,Clupeids,Clupea harengus,0.98908025,0.7796211242675781
GS_AD_SH_010517_SCH_-500µm_002.jpg,41,Clupeids,Clupea harengus,0.78916097,0.6839228868484497
GS_AD_SH_010517_SCH_-500µm_002.jpg,42,Sandeels,Ammodytes tobianus,0.05661523,0.8595191836357117
GS_AD_SH_010517_SCH_-500µm_002.jpg,43,Clupeids,Clupea harengus,0.9927469,0.6999343633651733
GS_AD_SH_010517_SCH_-500µm_002.jpg,44,Clupeids,Clupea harengus,0.94779086,0.7271294593811035
GS_AD_SH_010517_SCH_-500µm_002.jpg,45,Clupeids,Sprattus sprattus,0.94155246,0.6977090835571289
GS_AD_SH_010517_SCH_-500µm_002.jpg,46,Clupeids,Sprattus sprattus,0.9598268,0.5178903937339783
GS_AD_SH_010517_SCH_-500µm_002.jpg,47,Clupeids,Sprattus sprattus,0.9933171,0.8170679807662964
GS_AD_SH_010517_SCH_-500µm_002.jpg,48,Sandeels,Ammodytes tobianus,0.00035638374,0.8784559965133667
GS_AD_SH_010517_SCH_-500µm_002.jpg,49,Clupeids,Clupea harengus,0.92157006,0.6949507594108582
GS_AD_SH_010517_SCH_-500µm_002.jpg,50,Clupeids,Clupea harengus,0.78619134,0.4405851364135742
GS_AD_SH_010517_SCH_-500µm_002.jpg,51,Sandeels,Ammodytes tobianus,0.36922562,0.6986561417579651
GS_AD_SH_010517_SCH_-500µm_002.jpg,52,Clupeids,Clupea harengus,0.7357894,0.5172079205513
GS_AD_SH_010517_SCH_-500µm_002.jpg,53,Clupeids,Sprattus sprattus,0.9779244,0.6892968416213989
GS_AD_SH_010517_SCH_-500µm_002.jpg,54,Clupeids,Sprattus sprattus,0.99095386,0.5245984792709351
GS_AD_SH_010517_SCH_-500µm_002.jpg,55,Sandeels,Ammodytes tobianus,0.25759196,0.746059238910675
GS_AD_SH_010517_SCH_-500µm_002.jpg,56,Sandeels,Ammodytes marinus,0.18951666,0.7124871015548706
GS_AD_SH_010517_SCH_-500µm_002.jpg,57,Sandeels,Ammodytes tobianus,0.10509285,0.7569897770881653
GS_AD_SH_010517_SCH_-500µm_002.jpg,58,Sandeels,Ammodytes tobianus,0.029043118,0.7332708239555359
GS_AD_SH_010517_SCH_-500µm_002.jpg,59,Clupeids,Clupea harengus,0.9864585,0.7695335745811462
GS_AD_SH_010517_SCH_-500µm_002.jpg,60,Clupeids,Alosa fallax,0.5244024,0.5380500555038452
GS_AD_SH_010517_SCH_-500µm_002.jpg,61,Sandeels,Ammodytes tobianus,0.00467061,0.8216221928596497
GS_AD_SH_010517_SCH_-500µm_002.jpg,62,Sandeels,Ammodytes tobianus,0.0069947843,0.8381825685501099
GS_AD_SH_010517_SCH_-500µm_002.jpg,63,Sandeels,Ammodytes tobianus,0.0017317259,0.81026691198349
GS_AD_SH_010517_SCH_-500µm_002.jpg,64,Clupeids,Clupea harengus,0.89551663,0.7012223601341248
GS_AD_SH_010517_SCH_-500µm_003.jpg,1,Clupeids,Sprattus sprattus,0.9887388,0.4128805994987488
GS_AD_SH_010517_SCH_-500µm_003.jpg,2,Clupeids,Sprattus sprattus,0.99606043,0.787103533744812
GS_AD_SH_010517_SCH_-500µm_003.jpg,3,Clupeids,Sprattus sprattus,0.89929247,0.4568760097026825
GS_AD_SH_010517_SCH_-500µm_003.jpg,4,Clupeids,Sprattus sprattus,0.83254546,0.6281865239143372
GS_AD_SH_010517_SCH_-500µm_003.jpg,5,Clupeids,Alosa fallax,0.8241938,0.6371905207633972
GS_AD_SH_010517_SCH_-500µm_003.jpg,6,Clupeids,Clupea harengus,0.98912585,0.5584698915481567
GS_AD_SH_010517_SCH_-500µm_003.jpg,7,Sandeels,Ammodytes tobianus,0.36885506,0.8077926635742188
GS_AD_SH_010517_SCH_-500µm_003.jpg,8,Clupeids,Clupea harengus,0.9735482,0.8878427147865295
GS_AD_SH_010517_SCH_-500µm_003.jpg,9,Clupeids,Alosa fallax,0.8594915,0.6280388236045837
GS_AD_SH_010517_SCH_-500µm_003.jpg,10,Clupeids,Alosa fallax,0.84754366,0.5141052007675171
GS_AD_SH_010517_SCH_-500µm_003.jpg,11,Clupeids,Sprattus sprattus,0.9598074,0.6565211415290833
GS_AD_SH_010517_SCH_-500µm_003.jpg,12,Clupeids,Sprattus sprattus,0.59640205,0.4931952953338623
GS_AD_SH_010517_SCH_-500µm_003.jpg,13,Clupeids,Clupea harengus,0.95366466,0.6193669438362122
GS_AD_SH_010517_SCH_-500µm_003.jpg,14,Clupeids,Clupea harengus,0.95970315,0.42835527658462524
GS_AD_SH_010517_SCH_-500µm_003.jpg,15,Clupeids,Sprattus sprattus,0.96618706,0.4193975329399109
GS_AD_SH_010517_SCH_-500µm_003.jpg,16,Clupeids,Sprattus sprattus,0.834349,0.5625389814376831
GS_AD_SH_010517_SCH_-500µm_003.jpg,17,Clupeids,Sprattus sprattus,0.6969203,0.4784609377384186
GS_AD_SH_010517_SCH_-500µm_003.jpg,18,Clupeids,Sprattus sprattus,0.98371094,0.8373621106147766
GS_AD_SH_010517_SCH_-500µm_003.jpg,19,Clupeids,Sprattus sprattus,0.99096113,0.7863696217536926
GS_AD_SH_010517_SCH_-500µm_003.jpg,20,Sandeels,Ammodytes tobianus,0.3615447,0.8721039295196533
GS_AD_SH_010517_SCH_-500µm_003.jpg,21,Sandeels,Ammodytes tobianus,0.06551824,0.8613508343696594
GS_AD_SH_010517_SCH_-500µm_003.jpg,22,Clupeids,Alosa fallax,0.9750758,0.5089439153671265
GS_AD_SH_010517_SCH_-500µm_003.jpg,23,Clupeids,Sprattus sprattus,0.5865786,0.5090631246566772
GS_AD_SH_010517_SCH_-500µm_003.jpg,24,Clupeids,Clupea harengus,0.6292999,0.48833340406417847
GS_AD_SH_010517_SCH_-500µm_003.jpg,25,Clupeids,Sprattus sprattus,0.9927288,0.8261064887046814
GS_AD_SH_010517_SCH_-500µm_003.jpg,26,Clupeids,Alosa fallax,0.9537938,0.5763061046600342
GS_AD_SH_010517_SCH_-500µm_003.jpg,27,Clupeids,Sprattus sprattus,0.7047144,0.5267831683158875
GS_AD_SH_010517_SCH_-500µm_003.jpg,28,Sandeels,Ammodytes tobianus,0.12618119,0.7754484415054321
GS_AD_SH_010517_SCH_-500µm_003.jpg,29,Sandeels,Ammodytes tobianus,0.018000307,0.6866491436958313
GS_AD_SH_010517_SCH_-500µm_003.jpg,30,Clupeids,Sprattus sprattus,0.6408537,0.4436718225479126
GS_AD_SH_010517_SCH_-500µm_003.jpg,31,Sandeels,Ammodytes tobianus,0.007183477,0.7712589502334595
GS_AD_SH_010517_SCH_-500µm_003.jpg,32,Sandeels,Ammodytes tobianus,0.16460827,0.6842468976974487
GS_AD_SH_010517_SCH_-500µm_003.jpg,33,Clupeids,Sprattus sprattus,0.7029601,0.5584774017333984
GS_AD_SH_010517_SCH_-500µm_003.jpg,34,Sandeels,Ammodytes tobianus,0.3596969,0.8166914582252502
GS_AD_SH_010517_SCH_-500µm_003.jpg,35,Clupeids,Clupea harengus,0.87540907,0.8627778887748718
GS_AD_SH_010517_SCH_-500µm_003.jpg,36,Clupeids,Sprattus sprattus,0.8457102,0.49985066056251526
GS_AD_SH_010517_SCH_-500µm_003.jpg,37,Sandeels,Ammodytes tobianus,0.4733464,0.8738492131233215
GS_AD_SH_010517_SCH_-500µm_003.jpg,38,Clupeids,Alosa fallax,0.9510023,0.5310116410255432
GS_AD_SH_010517_SCH_-500µm_003.jpg,39,Clupeids,Alosa fallax,0.95559627,0.7766903042793274
GS_AD_SH_010517_SCH_-500µm_003.jpg,40,Clupeids,Sprattus sprattus,0.92180836,0.49233943223953247
GS_AD_SH_010517_SCH_-500µm_003.jpg,41,Clupeids,Clupea harengus,0.723277,0.46487653255462646
GS_AD_SH_010517_SCH_-500µm_003.jpg,42,Clupeids,Sprattus sprattus,0.6755773,0.34418678283691406
GS_AD_SH_010517_SCH_-500µm_003.jpg,43,Sandeels,Ammodytes tobianus,0.40883344,0.6582164764404297
GS_AD_SH_010517_SCH_-500µm_003.jpg,44,Clupeids,Sprattus sprattus,0.8028361,0.4742491543292999
GS_AD_SH_010517_SCH_-500µm_003.jpg,45,Clupeids,Sprattus sprattus,0.84686095,0.5067156553268433
GS_AD_SH_010517_SCH_-500µm_003.jpg,46,Clupeids,Sprattus sprattus,0.91391695,0.5037040114402771
GS_AD_SH_010517_SCH_-500µm_003.jpg,47,Sandeels,Ammodytes tobianus,0.3274364,0.8755133748054504
GS_AD_SH_010517_SCH_-500µm_003.jpg,48,Clupeids,Sprattus sprattus,0.8465218,0.663859486579895
GS_AD_SH_010517_SCH_-500µm_003.jpg,49,Clupeids,Clupea harengus,0.7321757,0.37828850746154785
GS_AD_SH_010517_SCH_-500µm_003.jpg,50,Sandeels,Ammodytes tobianus,0.06464269,0.8636096119880676
GS_AD_SH_010517_SCH_-500µm_003.jpg,51,Sandeels,Ammodytes tobianus,0.13446052,0.7477465271949768
GS_AD_SH_010517_SCH_-500µm_003.jpg,52,Clupeids,Alosa fallax,0.62882435,0.44602328538894653
GS_AD_SH_010517_SCH_-500µm_003.jpg,53,Sandeels,Ammodytes tobianus,0.011528964,0.7718262672424316
GS_AD_SH_010517_SCH_-500µm_003.jpg,54,Sandeels,Ammodytes tobianus,0.13496843,0.8464980721473694
GS_AD_SH_010517_SCH_-500µm_003.jpg,55,Clupeids,Alosa fallax,0.78441525,0.7190210223197937
GS_AD_SH_010517_SCH_-500µm_003.jpg,56,Sandeels,Ammodytes tobianus,0.16366667,0.5188769698143005
GS_AD_SH_010517_SCH_-500µm_003.jpg,57,Sandeels,Ammodytes tobianus,0.33778757,0.7666348814964294
GS_AD_SH_010517_SCH_-500µm_003.jpg,58,Sandeels,Ammodytes tobianus,0.3516785,0.6484346389770508
GS_AD_SH_010517_SCH_-500µm_003.jpg,59,Sandeels,Ammodytes tobianus,0.47981447,0.8150061368942261
GS_AD_SH_010517_SCH_-500µm_003.jpg,60,Sandeels,Ammodytes tobianus,0.21958314,0.8655024170875549
GS_AD_SH_010517_SCH_-500µm_003.jpg,61,Clupeids,Alosa fallax,0.6967051,0.7359325289726257
GS_AD_SH_010517_SCH_-500µm_003.jpg,62,Clupeids,Sprattus sprattus,0.82308483,0.4244035482406616
GS_AD_SH_010517_SCH_-500µm_003.jpg,63,Sandeels,Ammodytes tobianus,0.41679618,0.9001457691192627
GS_AD_SH_010517_SCH_-500µm_003.jpg,64,Clupeids,Alosa fallax,0.8421655,0.38073626160621643
GS_AD_SH_010517_SCH_-500µm_003.jpg,65,Sandeels,Ammodytes tobianus,0.06876938,0.796044647693634
GS_AD_SH_010517_SCH_-500µm_003.jpg,66,Clupeids,Clupea harengus,0.6542183,0.3960437476634979
GS_AD_SH_010517_SCH_-500µm_003.jpg,67,Clupeids,Sprattus sprattus,0.9931102,0.862764298915863
GS_AD_SH_010517_SCH_-500µm_003.jpg,68,Sandeels,Ammodytes tobianus,0.068936095,0.8620747327804565
GS_AD_SH_010517_SCH_-500µm_003.jpg,69,Sandeels,Ammodytes tobianus,0.26466608,0.8428331017494202
GS_AD_SH_010517_SCH_-500µm_003.jpg,70,Sandeels,Ammodytes tobianus,0.37255034,0.755188524723053
GS_AD_SH_010517_SCH_-500µm_003.jpg,71,Clupeids,Sprattus sprattus,0.9019323,0.4514106810092926
GS_AD_SH_010517_SCH_-500µm_003.jpg,72,Clupeids,Alosa fallax,0.96564597,0.6933523416519165
GS_AD_SH_010517_SCH_-500µm_003.jpg,73,Sandeels,Ammodytes tobianus,0.23967986,0.8023899793624878
GS_AD_SH_010517_SCH_-500µm_003.jpg,74,Sandeels,Ammodytes tobianus,0.0014950124,0.7916569709777832
GS_AD_SH_010517_SCH_-500µm_004.jpg,1,Sandeels,Ammodytes tobianus,0.32251516,0.8299089074134827
GS_AD_SH_010517_SCH_-500µm_004.jpg,2,Clupeids,Sprattus sprattus,0.98970336,0.44035324454307556
GS_AD_SH_010517_SCH_-500µm_004.jpg,3,Clupeids,Sprattus sprattus,0.98544693,0.7834019064903259
GS_AD_SH_010517_SCH_-500µm_004.jpg,4,Clupeids,Sprattus sprattus,0.9748259,0.7399803996086121
GS_AD_SH_010517_SCH_-500µm_004.jpg,5,Clupeids,Sprattus sprattus,0.5501607,0.42789310216903687
GS_AD_SH_010517_SCH_-500µm_004.jpg,6,Clupeids,Sprattus sprattus,0.60691744,0.4630330204963684
GS_AD_SH_010517_SCH_-500µm_004.jpg,7,Clupeids,Sprattus sprattus,0.9379364,0.7506192922592163
GS_AD_SH_010517_SCH_-500µm_004.jpg,8,Sandeels,Ammodytes tobianus,0.4788837,0.8331772685050964
GS_AD_SH_010517_SCH_-500µm_004.jpg,9,Clupeids,Sprattus sprattus,0.9095194,0.6976490020751953
GS_AD_SH_010517_SCH_-500µm_004.jpg,10,Clupeids,Sprattus sprattus,0.9794397,0.4334527850151062
GS_AD_SH_010517_SCH_-500µm_004.jpg,11,Clupeids,Sprattus sprattus,0.87368244,0.5140491724014282
GS_AD_SH_010517_SCH_-500µm_004.jpg,12,Clupeids,Alosa fallax,0.9599018,0.5047639608383179
GS_AD_SH_010517_SCH_-500µm_004.jpg,13,Clupeids,Alosa fallax,0.93883586,0.5690231323242188
GS_AD_SH_010517_SCH_-500µm_004.jpg,14,Sandeels,Ammodytes tobianus,0.2668373,0.8363058567047119
GS_AD_SH_010517_SCH_-500µm_004.jpg,15,Clupeids,Sprattus sprattus,0.95751,0.5446025729179382
GS_AD_SH_010517_SCH_-500µm_004.jpg,16,Sandeels,Ammodytes tobianus,0.02781955,0.6579699516296387
GS_AD_SH_010517_SCH_-500µm_004.jpg,17,Clupeids,Alosa fallax,0.85237104,0.4900656044483185
GS_AD_SH_010517_SCH_-500µm_004.jpg,18,Clupeids,Alosa fallax,0.5877301,0.40419140458106995
GS_AD_SH_010517_SCH_-500µm_004.jpg,19,Sandeels,Ammodytes tobianus,0.011383014,0.8111905455589294
GS_AD_SH_010517_SCH_-500µm_004.jpg,20,Clupeids,Sprattus sprattus,0.9189459,0.48906922340393066
GS_AD_SH_010517_SCH_-500µm_004.jpg,21,Clupeids,Clupea harengus,0.92208576,0.48092547059059143
GS_AD_SH_010517_SCH_-500µm_004.jpg,22,Clupeids,Clupea harengus,0.94989777,0.6630639433860779
GS_AD_SH_010517_SCH_-500µm_004.jpg,23,Sandeels,Ammodytes tobianus,0.08810683,0.8138070702552795
GS_AD_SH_010517_SCH_-500µm_004.jpg,24,Clupeids,Sprattus sprattus,0.99359953,0.6957379579544067
GS_AD_SH_010517_SCH_-500µm_004.jpg,25,Clupeids,Sprattus sprattus,0.98968023,0.6387482285499573
GS_AD_SH_010517_SCH_-500µm_004.jpg,26,Clupeids,Sprattus sprattus,0.6994846,0.4545292854309082
GS_AD_SH_010517_SCH_-500µm_004.jpg,27,Sandeels,Ammodytes tobianus,0.070036106,0.8512290716171265
GS_AD_SH_010517_SCH_-500µm_004.jpg,28,Sandeels,Ammodytes tobianus,0.14475013,0.7545531392097473
GS_AD_SH_010517_SCH_-500µm_004.jpg,29,Sandeels,Ammodytes tobianus,0.26473686,0.5233049988746643
GS_AD_SH_010517_SCH_-500µm_004.jpg,30,Clupeids,Alosa fallax,0.9874155,0.702823281288147
GS_AD_SH_010517_SCH_-500µm_004.jpg,31,Sandeels,Ammodytes tobianus,0.26607174,0.6918479204177856
GS_AD_SH_010517_SCH_-500µm_004.jpg,32,Clupeids,Alosa fallax,0.99177974,0.7753874063491821
GS_AD_SH_010517_SCH_-500µm_004.jpg,33,Clupeids,Sprattus sprattus,0.7267227,0.597614049911499
GS_AD_SH_010517_SCH_-500µm_004.jpg,34,Clupeids,Alosa fallax,0.85101825,0.47501930594444275
GS_AD_SH_010517_SCH_-500µm_004.jpg,35,Clupeids,Sprattus sprattus,0.9104374,0.46941471099853516
GS_AD_SH_010517_SCH_-500µm_004.jpg,36,Clupeids,Sprattus sprattus,0.766284,0.4787136912345886
GS_AD_SH_010517_SCH_-500µm_004.jpg,37,Sandeels,Ammodytes tobianus,0.040122796,0.7428582310676575
GS_AD_SH_010517_SCH_-500µm_004.jpg,38,Clupeids,Clupea harengus,0.98967254,0.46509796380996704
GS_AD_SH_010517_SCH_-500µm_004.jpg,39,Clupeids,Alosa fallax,0.9366766,0.405171275138855
GS_AD_SH_010517_SCH_-500µm_004.jpg,40,Clupeids,Sprattus sprattus,0.94357073,0.7328611016273499
GS_AD_SH_010517_SCH_-500µm_004.jpg,41,Sandeels,Ammodytes tobianus,0.028003406,0.8412460684776306
GS_AD_SH_010517_SCH_-500µm_004.jpg,42,Clupeids,Alosa fallax,0.9776148,0.48540863394737244
GS_AD_SH_010517_SCH_-500µm_004.jpg,43,Clupeids,Sprattus sprattus,0.9767438,0.7624037265777588
GS_AD_SH_010517_SCH_-500µm_004.jpg,44,Sandeels,Ammodytes tobianus,0.15084715,0.6307400465011597
GS_AD_SH_010517_SCH_-500µm_004.jpg,45,Sandeels,Ammodytes tobianus,0.42691046,0.8935183882713318
GS_AD_SH_010517_SCH_-500µm_004.jpg,46,Clupeids,Alosa fallax,0.6818406,0.38685137033462524
GS_AD_SH_010517_SCH_-500µm_004.jpg,47,Clupeids,Alosa fallax,0.96837664,0.42002615332603455
GS_AD_SH_010517_SCH_-500µm_004.jpg,48,Clupeids,Sprattus sprattus,0.8625467,0.5128740668296814
GS_AD_SH_010517_SCH_-500µm_004.jpg,49,Sandeels,Ammodytes tobianus,0.32735333,0.8612292408943176
GS_AD_SH_010517_SCH_-500µm_004.jpg,50,Clupeids,Sprattus sprattus,0.69192916,0.6149717569351196
GS_AD_SH_010517_SCH_-500µm_004.jpg,51,Sandeels,Ammodytes tobianus,0.2991265,0.8416175246238708
GS_AD_SH_010517_SCH_-500µm_004.jpg,52,Sandeels,Ammodytes tobianus,0.33493444,0.8772631883621216
GS_AD_SH_010517_SCH_-500µm_004.jpg,53,Clupeids,Alosa fallax,0.9617731,0.49321043491363525
GS_AD_SH_010517_SCH_-500µm_004.jpg,54,Clupeids,Sprattus sprattus,0.9978034,0.5274356603622437
GS_AD_SH_010517_SCH_-500µm_004.jpg,55,Sandeels,Ammodytes tobianus,0.03903072,0.8634111285209656
GS_AD_SH_010517_SCH_-500µm_004.jpg,56,Sandeels,Ammodytes tobianus,0.014251221,0.8374471664428711
GS_AD_SH_010517_SCH_-500µm_004.jpg,57,Sandeels,Ammodytes tobianus,0.2530287,0.6596678495407104
GS_AD_SH_010517_SCH_-500µm_004.jpg,58,Clupeids,Alosa fallax,0.9205265,0.48999136686325073
GS_AD_SH_010517_SCH_-500µm_004.jpg,59,Clupeids,Alosa fallax,0.94115174,0.5554515719413757
GS_AD_SH_010517_SCH_-500µm_004.jpg,60,Clupeids,Sprattus sprattus,0.832468,0.6939050555229187
GS_AD_SH_010517_SCH_-500µm_004.jpg,61,Clupeids,Clupea harengus,0.98506725,0.5687604546546936
GS_AD_SH_010517_SCH_-500µm_004.jpg,62,Clupeids,Sprattus sprattus,0.90308785,0.5337197780609131
GS_AD_SH_010517_SCH_-500µm_004.jpg,63,Clupeids,Sprattus sprattus,0.97390294,0.7009115815162659
GS_AD_SH_010517_SCH_-500µm_004.jpg,64,Clupeids,Alosa fallax,0.97527254,0.48405733704566956
GS_AD_SH_010517_SCH_-500µm_004.jpg,65,Sandeels,Ammodytes tobianus,0.18811895,0.7944687008857727
GS_AD_SH_010517_SCH_-500µm_004.jpg,66,Clupeids,Sprattus sprattus,0.94217354,0.7523856163024902
GS_AD_SH_010517_SCH_-500µm_004.jpg,67,Sandeels,Ammodytes tobianus,0.047691338,0.8226552605628967
GS_AD_SH_010517_SCH_-500µm_004.jpg,68,Clupeids,Sprattus sprattus,0.98401135,0.4601927101612091
GS_AD_SH_010517_SCH_-500µm_004.jpg,69,Clupeids,Sprattus sprattus,0.74732524,0.7110813856124878
GS_AD_SH_010517_SCH_-500µm_004.jpg,70,Clupeids,Sprattus sprattus,0.80727714,0.6095266938209534
GS_AD_SH_010517_SCH_-500µm_004.jpg,71,Sandeels,Ammodytes tobianus,0.45281744,0.7350484132766724
GS_AD_SH_010517_SCH_-500µm_004.jpg,72,Clupeids,Sprattus sprattus,0.6776257,0.4122782349586487
GS_AD_SH_010517_SCH_-500µm_004.jpg,73,Sandeels,Ammodytes tobianus,0.01725039,0.7931515574455261
GS_AD_SH_010517_SCH_-500µm_004.jpg,74,Sandeels,Ammodytes tobianus,0.43597376,0.7728315591812134
GS_AD_SH_010517_SCH_-500µm_005.jpg,1,Sandeels,Ammodytes tobianus,0.028279861,0.8108362555503845
GS_AD_SH_010517_SCH_-500µm_005.jpg,2,Clupeids,Clupea harengus,0.966942,0.4662691354751587
GS_AD_SH_010517_SCH_-500µm_005.jpg,3,Clupeids,Sprattus sprattus,0.9858277,0.6203627586364746
GS_AD_SH_010517_SCH_-500µm_005.jpg,4,Clupeids,Alosa fallax,0.98964345,0.5515199303627014
GS_AD_SH_010517_SCH_-500µm_005.jpg,5,Clupeids,Sprattus sprattus,0.87105745,0.5619831681251526
GS_AD_SH_010517_SCH_-500µm_005.jpg,6,Clupeids,Sprattus sprattus,0.9869458,0.4803842306137085
GS_AD_SH_010517_SCH_-500µm_005.jpg,7,Clupeids,Sprattus sprattus,0.99244845,0.4257652759552002
GS_AD_SH_010517_SCH_-500µm_005.jpg,8,Clupeids,Alosa fallax,0.9085778,0.6037451028823853
GS_AD_SH_010517_SCH_-500µm_005.jpg,9,Clupeids,Alosa fallax,0.923225,0.400882363319397
GS_AD_SH_010517_SCH_-500µm_005.jpg,10,Clupeids,Clupea harengus,0.9879435,0.4324297606945038
GS_AD_SH_010517_SCH_-500µm_005.jpg,11,Clupeids,Sprattus sprattus,0.9902671,0.6762079000473022
GS_AD_SH_010517_SCH_-500µm_005.jpg,12,Sandeels,Ammodytes tobianus,0.43332195,0.7305620312690735
GS_AD_SH_010517_SCH_-500µm_005.jpg,13,Clupeids,Alosa fallax,0.7760717,0.521439790725708
GS_AD_SH_010517_SCH_-500µm_005.jpg,14,Sandeels,Ammodytes tobianus,0.02688751,0.8559293746948242
GS_AD_SH_010517_SCH_-500µm_005.jpg,15,Sandeels,Ammodytes tobianus,0.08177178,0.7655929923057556
GS_AD_SH_010517_SCH_-500µm_005.jpg,16,Clupeids,Alosa fallax,0.9665375,0.6668074131011963
GS_AD_SH_010517_SCH_-500µm_005.jpg,17,Clupeids,Clupea harengus,0.9380601,0.5773260593414307
GS_AD_SH_010517_SCH_-500µm_005.jpg,18,Clupeids,Alosa fallax,0.91461146,0.5019444227218628
GS_AD_SH_010517_SCH_-500µm_005.jpg,19,Clupeids,Sprattus sprattus,0.9658879,0.3535681664943695
GS_AD_SH_010517_SCH_-500µm_005.jpg,20,Clupeids,Sprattus sprattus,0.9636873,0.48920634388923645
GS_AD_SH_010517_SCH_-500µm_005.jpg,21,Clupeids,Alosa fallax,0.9887537,0.6941130757331848
GS_AD_SH_010517_SCH_-500µm_005.jpg,22,Clupeids,Sprattus sprattus,0.9815424,0.4722675085067749
GS_AD_SH_010517_SCH_-500µm_005.jpg,23,Clupeids,Sprattus sprattus,0.50931615,0.6135011911392212
GS_AD_SH_010517_SCH_-500µm_005.jpg,24,Clupeids,Sprattus sprattus,0.91481495,0.5593471527099609
GS_AD_SH_010517_SCH_-500µm_005.jpg,25,Sandeels,Ammodytes tobianus,0.39012384,0.9018566608428955
GS_AD_SH_010517_SCH_-500µm_005.jpg,26,Clupeids,Clupea harengus,0.9978643,0.5355058312416077
GS_AD_SH_010517_SCH_-500µm_005.jpg,27,Clupeids,Alosa fallax,0.9888325,0.6441647410392761
GS_AD_SH_010517_SCH_-500µm_005.jpg,28,Clupeids,Alosa fallax,0.97967017,0.6756246089935303
GS_AD_SH_010517_SCH_-500µm_005.jpg,29,Clupeids,Alosa fallax,0.9449225,0.7301742434501648
GS_AD_SH_010517_SCH_-500µm_005.jpg,30,Clupeids,Sprattus sprattus,0.9184624,0.5575376749038696
GS_AD_SH_010517_SCH_-500µm_005.jpg,31,Clupeids,Sprattus sprattus,0.9767779,0.482416033744812
GS_AD_SH_010517_SCH_-500µm_005.jpg,32,Clupeids,Alosa fallax,0.61246043,0.6528220176696777
GS_AD_SH_010517_SCH_-500µm_005.jpg,33,Clupeids,Sprattus sprattus,0.9053567,0.41691097617149353
GS_AD_SH_010517_SCH_-500µm_005.jpg,34,Sandeels,Ammodytes tobianus,0.19552974,0.8948670625686646
GS_AD_SH_010517_SCH_-500µm_005.jpg,35,Sandeels,Ammodytes tobianus,0.0029207726,0.77020263671875
GS_AD_SH_010517_SCH_-500µm_005.jpg,36,Sandeels,Ammodytes tobianus,0.0010086788,0.8106048107147217
GS_AD_SH_010517_SCH_-500µm_005.jpg,37,Sandeels,Ammodytes tobianus,0.46287766,0.6970495581626892
GS_AD_SH_010517_SCH_-500µm_005.jpg,38,Clupeids,Sprattus sprattus,0.8952202,0.7260861992835999
GS_AD_SH_010517_SCH_-500µm_005.jpg,39,Clupeids,Sprattus sprattus,0.95383245,0.4429197609424591
GS_AD_SH_010517_SCH_-500µm_005.jpg,40,Clupeids,Alosa fallax,0.9538612,0.6360599398612976
GS_AD_SH_010517_SCH_-500µm_005.jpg,41,Clupeids,Sprattus sprattus,0.85549694,0.4203985333442688
GS_AD_SH_010517_SCH_-500µm_005.jpg,42,Sandeels,Ammodytes tobianus,0.21799341,0.685731053352356
GS_AD_SH_010517_SCH_-500µm_005.jpg,43,Clupeids,Alosa fallax,0.91029394,0.7323597073554993
GS_AD_SH_010517_SCH_-500µm_005.jpg,44,Clupeids,Sprattus sprattus,0.9942011,0.5294560790061951
GS_AD_SH_010517_SCH_-500µm_005.jpg,45,Sandeels,Ammodytes tobianus,0.03964984,0.8879923224449158
GS_AD_SH_010517_SCH_-500µm_005.jpg,46,Clupeids,Alosa fallax,0.5041372,0.495082825422287
GS_AD_SH_010517_SCH_-500µm_005.jpg,47,Clupeids,Alosa fallax,0.98693997,0.5433793663978577
GS_AD_SH_010517_SCH_-500µm_005.jpg,48,Clupeids,Sprattus sprattus,0.9538002,0.4231598377227783
GS_AD_SH_010517_SCH_-500µm_005.jpg,49,Sandeels,Ammodytes tobianus,0.3313474,0.6689894199371338
GS_AD_SH_010517_SCH_-500µm_005.jpg,50,Sandeels,Ammodytes tobianus,0.4036177,0.6293599605560303
GS_AD_SH_010517_SCH_-500µm_005.jpg,51,Clupeids,Clupea harengus,0.5101897,0.5266025066375732
GS_AD_SH_010517_SCH_-500µm_005.jpg,52,Clupeids,Alosa fallax,0.7269921,0.6963747143745422
GS_AD_SH_010517_SCH_-500µm_005.jpg,53,Sandeels,Ammodytes tobianus,0.4648783,0.8140913248062134
GS_AD_SH_010517_SCH_-500µm_005.jpg,54,Clupeids,Clupea harengus,0.96632785,0.4025346636772156
GS_AD_SH_010517_SCH_-500µm_005.jpg,55,Clupeids,Sprattus sprattus,0.9875717,0.7355647087097168
GS_AD_SH_010517_SCH_-500µm_005.jpg,56,Sandeels,Ammodytes tobianus,0.050585113,0.8040753602981567
GS_AD_SH_010517_SCH_-500µm_005.jpg,57,Clupeids,Sprattus sprattus,0.98612565,0.7843542098999023
GS_AD_SH_010517_SCH_-500µm_005.jpg,58,Clupeids,Sprattus sprattus,0.9911889,0.7778955698013306
GS_AD_SH_010517_SCH_-500µm_005.jpg,59,Clupeids,Alosa fallax,0.9836174,0.6962890028953552
GS_AD_SH_010517_SCH_-500µm_005.jpg,60,Sandeels,Ammodytes tobianus,0.0372534,0.6653290390968323
GS_AD_SH_010517_SCH_-500µm_005.jpg,61,Clupeids,Sprattus sprattus,0.9501152,0.46167078614234924
GS_AD_SH_010517_SCH_-500µm_005.jpg,62,Clupeids,Sprattus sprattus,0.85764396,0.8299173712730408
GS_AD_SH_010517_SCH_-500µm_005.jpg,63,Sandeels,Ammodytes tobianus,0.026007583,0.8549112677574158
GS_AD_SH_010517_SCH_-500µm_005.jpg,64,Clupeids,Sprattus sprattus,0.77765846,0.6413807272911072
GS_AD_SH_010517_SCH_-500µm_005.jpg,65,Clupeids,Alosa fallax,0.6885673,0.6571174263954163
GS_AD_SH_010517_SCH_-500µm_005.jpg,66,Clupeids,Clupea harengus,0.98985183,0.6350292563438416
GS_AD_SH_010517_SCH_-500µm_005.jpg,67,Clupeids,Clupea harengus,0.79226065,0.7459626793861389
GS_AD_SH_010517_SCH_-500µm_005.jpg,68,Clupeids,Alosa fallax,0.99434906,0.6522198915481567
GS_AD_SH_010517_SCH_-500µm_005.jpg,69,Clupeids,Sprattus sprattus,0.8508335,0.6826848983764648
GS_AD_SH_010517_SCH_-500µm_005.jpg,70,Sandeels,Ammodytes tobianus,0.008007891,0.8301907777786255
GS_AD_SH_010517_SCH_-500µm_005.jpg,71,Sandeels,Hyperoplus lanceolatus,0.004978052,0.5460981726646423
GS_AD_SH_010517_SCH_-500µm_006.jpg,1,Clupeids,Sprattus sprattus,0.99880254,0.4560772180557251
GS_AD_SH_010517_SCH_-500µm_006.jpg,2,Clupeids,Clupea harengus,0.9809924,0.4988093674182892
GS_AD_SH_010517_SCH_-500µm_006.jpg,3,Sandeels,Ammodytes tobianus,0.0020427492,0.8495164513587952
GS_AD_SH_010517_SCH_-500µm_006.jpg,4,Clupeids,Alosa fallax,0.90358835,0.5048028230667114
GS_AD_SH_010517_SCH_-500µm_006.jpg,5,Clupeids,Clupea harengus,0.92565787,0.6658521890640259
GS_AD_SH_010517_SCH_-500µm_006.jpg,6,Clupeids,Sprattus sprattus,0.99337417,0.7607940435409546
GS_AD_SH_010517_SCH_-500µm_006.jpg,7,Sandeels,Ammodytes tobianus,0.18833438,0.8128180503845215
GS_AD_SH_010517_SCH_-500µm_006.jpg,8,Clupeids,Sprattus sprattus,0.8846199,0.5066723227500916
GS_AD_SH_010517_SCH_-500µm_006.jpg,9,Clupeids,Clupea harengus,0.99608266,0.5195224285125732
GS_AD_SH_010517_SCH_-500µm_006.jpg,10,Sandeels,Ammodytes tobianus,0.38179594,0.7868025302886963
GS_AD_SH_010517_SCH_-500µm_006.jpg,11,Clupeids,Sprattus sprattus,0.6736883,0.5541839599609375
GS_AD_SH_010517_SCH_-500µm_006.jpg,12,Clupeids,Alosa fallax,0.96990967,0.4436231255531311
GS_AD_SH_010517_SCH_-500µm_006.jpg,13,Clupeids,Sprattus sprattus,0.7686382,0.5730635523796082
GS_AD_SH_010517_SCH_-500µm_006.jpg,14,Sandeels,Ammodytes tobianus,0.48199013,0.7552573680877686
GS_AD_SH_010517_SCH_-500µm_006.jpg,15,Clupeids,Clupea harengus,0.9686593,0.6179876327514648
GS_AD_SH_010517_SCH_-500µm_006.jpg,16,Clupeids,Alosa fallax,0.9926099,0.6384104490280151
GS_AD_SH_010517_SCH_-500µm_006.jpg,17,Clupeids,Alosa fallax,0.96163183,0.6190415024757385
GS_AD_SH_010517_SCH_-500µm_006.jpg,18,Clupeids,Alosa fallax,0.91037047,0.631568968296051
GS_AD_SH_010517_SCH_-500µm_007.jpg,1,Sandeels,Ammodytes tobianus,0.00036611056,0.838061511516571
GS_AD_SH_010517_SCH_-500µm_007.jpg,2,Sandeels,Ammodytes tobianus,0.00031369273,0.8625060319900513
GS_AD_SH_010517_SCH_-500µm_007.jpg,3,Sandeels,Ammodytes tobianus,0.000827281,0.8377022743225098
GS_AD_SH_010517_SCH_-500µm_007.jpg,4,Sandeels,Ammodytes tobianus,0.00044404247,0.8554323315620422
GS_AD_SH_010517_SCH_-500µm_007.jpg,5,Sandeels,Ammodytes tobianus,0.012079063,0.6344473958015442
GS_AD_SH_010517_SCH_-500µm_007.jpg,6,Sandeels,Ammodytes tobianus,0.0013538083,0.8069859743118286
GS_AD_SH_010517_SCH_-500µm_007.jpg,7,Sandeels,Ammodytes tobianus,0.0007885375,0.759467363357544
GS_AD_SH_010517_SCH_-500µm_007.jpg,8,Sandeels,Ammodytes tobianus,0.076956734,0.6642948985099792
GS_AD_SH_010517_SCH_-500µm_007.jpg,9,Sandeels,Hyperoplus lanceolatus,0.0032406421,0.5701209306716919
GS_AD_SH_010517_SCH_-500µm_007.jpg,10,Sandeels,Ammodytes tobianus,0.00086792064,0.8422327041625977
GS_AD_SH_010517_SCH_-500µm_007.jpg,11,Sandeels,Ammodytes tobianus,0.004831808,0.7170833349227905
GS_AD_SH_010517_SCH_-500µm_007.jpg,12,Sandeels,Ammodytes tobianus,0.00069717615,0.48316827416419983
GS_AD_SH_010517_SCH_-500µm_007.jpg,13,Sandeels,Ammodytes tobianus,0.019609997,0.7104842662811279
GS_AD_SH_010517_SCH_-500µm_007.jpg,14,Sandeels,Ammodytes tobianus,0.0031852697,0.6497511267662048
GS_AD_SH_010517_SCH_-500µm_007.jpg,15,Sandeels,Ammodytes tobianus,0.013163448,0.660216212272644
GS_AD_SH_010517_SCH_-500µm_007.jpg,16,Sandeels,Ammodytes tobianus,0.00037542824,0.8485726118087769
GS_AD_SH_010517_SCH_-500µm_007.jpg,17,Sandeels,Ammodytes tobianus,0.0005442854,0.8199475407600403
GS_AD_SH_010517_SCH_-500µm_007.jpg,18,Sandeels,Ammodytes tobianus,0.0008663726,0.5698100328445435
GS_AD_SH_010517_SCH_-500µm_007.jpg,19,Sandeels,Hyperoplus lanceolatus,0.010487641,0.463978111743927
GS_AD_SH_010517_SCH_-500µm_007.jpg,20,Sandeels,Ammodytes tobianus,0.18346633,0.7916267514228821
GS_AD_SH_010517_SCH_-500µm_007.jpg,21,Sandeels,Ammodytes tobianus,0.0040723593,0.8633750677108765
GS_AD_SH_010517_SCH_-500µm_007.jpg,22,Sandeels,Ammodytes tobianus,0.00066957285,0.7411530017852783
GS_AD_SH_010517_SCH_-500µm_007.jpg,23,Sandeels,Ammodytes tobianus,0.011080914,0.7352957129478455
GS_AD_SH_010517_SCH_-500µm_007.jpg,24,Sandeels,Ammodytes tobianus,0.0010658,0.7319178581237793
GS_AD_SH_010517_SCH_-500µm_007.jpg,25,Sandeels,Ammodytes tobianus,0.036947086,0.5918314456939697
GS_AD_SH_010517_SCH_-500µm_007.jpg,26,Sandeels,Ammodytes tobianus,0.00064848043,0.8214728236198425
GS_AD_SH_010517_SCH_-500µm_007.jpg,27,Sandeels,Ammodytes tobianus,0.04132857,0.6012665033340454
GS_AD_SH_010517_SCH_-500µm_007.jpg,28,Sandeels,Ammodytes tobianus,0.1256236,0.6953950524330139
GS_AD_SH_090517_SCH_+500µm_001.jpg,1,Sandeels,Ammodytes marinus,0.0018682807,0.8837043642997742
GS_AD_SH_090517_SCH_+500µm_001.jpg,2,Sandeels,Ammodytes marinus,0.003750279,0.8438795208930969
GS_AD_SH_090517_SCH_+500µm_001.jpg,3,Sandeels,Ammodytes marinus,0.0020054192,0.824124276638031
GS_AD_SH_090517_SCH_+500µm_001.jpg,4,Sandeels,Hyperoplus lanceolatus,0.0016627429,0.5173139572143555
GS_AD_SH_090517_SCH_+500µm_001.jpg,5,Sandeels,Ammodytes marinus,0.0016820616,0.811175525188446
GS_AD_SH_090517_SCH_+500µm_001.jpg,6,Sandeels,Hyperoplus lanceolatus,0.0026691002,0.8903659582138062
GS_AD_SH_090517_SCH_+500µm_001.jpg,7,Sandeels,Ammodytes marinus,0.002040639,0.8788875341415405
GS_AD_SH_090517_SCH_+500µm_001.jpg,8,Sandeels,Hyperoplus lanceolatus,0.0043877764,0.7986211776733398
GS_AD_SH_090517_SCH_+500µm_001.jpg,9,Sandeels,Ammodytes marinus,0.0019563893,0.6165732741355896
GS_AD_SH_090517_SCH_+500µm_001.jpg,10,Sandeels,Hyperoplus lanceolatus,0.0025927753,0.7478281855583191
GS_AD_SH_090517_SCH_+500µm_001.jpg,11,Sandeels,Hyperoplus lanceolatus,0.0017695355,0.6428079605102539
GS_AD_SH_090517_SCH_+500µm_001.jpg,12,Sandeels,Hyperoplus lanceolatus,0.011680023,0.9022604823112488
GS_AD_SH_090517_SCH_+500µm_001.jpg,13,Sandeels,Hyperoplus lanceolatus,0.0025632824,0.8235124349594116
GS_AD_SH_090517_SCH_+500µm_001.jpg,14,Sandeels,Hyperoplus lanceolatus,0.002526781,0.6231623888015747
GS_AD_SH_090517_SCH_+500µm_001.jpg,15,Sandeels,Hyperoplus lanceolatus,0.0025698876,0.832487940788269
GS_AD_SH_090517_SCH_+500µm_001.jpg,16,Sandeels,Hyperoplus lanceolatus,0.011490988,0.8379730582237244
GS_AD_SH_090517_SCH_+500µm_001.jpg,17,Sandeels,Hyperoplus lanceolatus,0.014526587,0.7584246397018433
GS_AD_SH_090517_SCH_+500µm_001.jpg,18,Sandeels,Hyperoplus lanceolatus,0.0012194709,0.6402479410171509
GS_AD_SH_090517_SCH_+500µm_001.jpg,19,Sandeels,Ammodytes marinus,0.00397257,0.8635506629943848
GS_AD_SH_090517_SCH_+500µm_002.jpg,1,Sandeels,Hyperoplus lanceolatus,0.0044527827,0.5160347819328308
GS_AD_SH_090517_SCH_+500µm_002.jpg,2,Sandeels,Ammodytes marinus,0.00090757525,0.7570428848266602
GS_AD_SH_090517_SCH_+500µm_002.jpg,3,Sandeels,Ammodytes marinus,0.0038247523,0.8707918524742126
GS_AD_SH_090517_SCH_+500µm_002.jpg,4,Sandeels,Hyperoplus lanceolatus,0.0019145154,0.7476436495780945
GS_AD_SH_090517_SCH_+500µm_002.jpg,5,Sandeels,Ammodytes marinus,0.0059529957,0.6471887230873108
GS_AD_SH_090517_SCH_+500µm_002.jpg,6,Sandeels,Ammodytes marinus,0.0019063517,0.8209530115127563
GS_AD_SH_090517_SCH_+500µm_002.jpg,7,Sandeels,Hyperoplus lanceolatus,0.0005634398,0.4675191342830658
GS_AD_SH_090517_SCH_+500µm_002.jpg,8,Sandeels,Hyperoplus lanceolatus,0.0025565384,0.8806682229042053
GS_AD_SH_090517_SCH_+500µm_002.jpg,9,Sandeels,Hyperoplus lanceolatus,0.005364067,0.7273213863372803
GS_AD_SH_090517_SCH_+500µm_002.jpg,10,Sandeels,Hyperoplus lanceolatus,0.0016471384,0.743715226650238
GS_AD_SH_090517_SCH_+500µm_002.jpg,11,Sandeels,Hyperoplus lanceolatus,0.0012208854,0.8333638310432434
GS_AD_SH_090517_SCH_+500µm_002.jpg,12,Sandeels,Hyperoplus lanceolatus,0.002700055,0.9173714518547058
GS_AD_SH_090517_SCH_+500µm_002.jpg,13,Sandeels,Ammodytes marinus,0.0016224402,0.7931608557701111
GS_AD_SH_090517_SCH_+500µm_002.jpg,14,Sandeels,Hyperoplus lanceolatus,0.0046504308,0.8026331663131714
GS_AD_SH_090517_SCH_+500µm_002.jpg,15,Sandeels,Hyperoplus lanceolatus,0.002183212,0.7712052464485168
GS_AD_SH_090517_SCH_+500µm_002.jpg,16,Sandeels,Hyperoplus lanceolatus,0.0018428734,0.8249710202217102
GS_AD_SH_090517_SCH_+500µm_002.jpg,17,Sandeels,Ammodytes marinus,0.0010731729,0.5298128128051758
GS_AD_SH_090517_SCH_+500µm_002.jpg,18,Sandeels,Ammodytes marinus,0.0022882528,0.4520528018474579
GS_AD_SH_090517_SCH_+500µm_002.jpg,19,Sandeels,Hyperoplus lanceolatus,0.0026470895,0.8591108322143555
GS_AD_SH_090517_SCH_+500µm_002.jpg,20,Sandeels,Ammodytes marinus,0.002540514,0.8630140423774719
GS_AD_SH_090517_SCH_+500µm_002.jpg,21,Sandeels,Hyperoplus lanceolatus,0.0017686236,0.8035220503807068
GS_AD_SH_090517_SCH_+500µm_002.jpg,22,Sandeels,Hyperoplus lanceolatus,0.008335692,0.9181602001190186
GS_AD_SH_090517_SCH_+500µm_002.jpg,23,Sandeels,Hyperoplus lanceolatus,0.011481199,0.910180926322937
GS_AD_SH_090517_SCH_+500µm_002.jpg,24,Sandeels,Hyperoplus lanceolatus,0.006730176,0.9002689719200134
GS_AD_SH_090517_SCH_+500µm_002.jpg,25,Sandeels,Hyperoplus lanceolatus,0.0031865162,0.8983630537986755
GS_AD_SH_090517_SCH_+500µm_002.jpg,26,Sandeels,Ammodytes marinus,0.00059058826,0.5745206475257874
GS_AD_SH_090517_SCH_+500µm_003.jpg,1,Sandeels,Ammodytes marinus,0.002608853,0.8401493430137634
GS_AD_SH_090517_SCH_+500µm_003.jpg,2,Sandeels,Hyperoplus lanceolatus,0.0016325488,0.6852458715438843
GS_AD_SH_090517_SCH_+500µm_003.jpg,3,Sandeels,Ammodytes marinus,0.0010761674,0.7525560855865479
GS_AD_SH_090517_SCH_+500µm_003.jpg,4,Sandeels,Hyperoplus lanceolatus,0.0017449528,0.5389021039009094
GS_AD_SH_090517_SCH_+500µm_003.jpg,5,Sandeels,Hyperoplus lanceolatus,0.016265448,0.8769203424453735
GS_AD_SH_090517_SCH_+500µm_003.jpg,6,Sandeels,Ammodytes marinus,0.0007477237,0.7000312209129333
GS_AD_SH_090517_SCH_+500µm_003.jpg,7,Sandeels,Ammodytes marinus,0.0018588356,0.8729916214942932
GS_AD_SH_090517_SCH_+500µm_003.jpg,8,Sandeels,Ammodytes marinus,0.0014337909,0.862382709980011
GS_AD_SH_090517_SCH_+500µm_003.jpg,9,Sandeels,Ammodytes marinus,0.002605141,0.870407223701477
GS_AD_SH_090517_SCH_+500µm_003.jpg,10,Sandeels,Ammodytes marinus,0.0014520619,0.5021981000900269
GS_AD_SH_090517_SCH_+500µm_003.jpg,11,Sandeels,Hyperoplus lanceolatus,0.0009367834,0.8546003103256226
GS_AD_SH_090517_SCH_+500µm_003.jpg,12,Sandeels,Hyperoplus lanceolatus,0.0020858452,0.8399853110313416
GS_AD_SH_090517_SCH_+500µm_003.jpg,13,Sandeels,Ammodytes marinus,0.0010832698,0.8748013973236084
GS_AD_SH_090517_SCH_+500µm_003.jpg,14,Sandeels,Ammodytes marinus,0.014209528,0.7180033326148987
GS_AD_SH_090517_SCH_+500µm_003.jpg,15,Sandeels,Ammodytes marinus,0.00097152847,0.705537736415863
GS_AD_SH_090517_SCH_+500µm_003.jpg,16,Sandeels,Hyperoplus lanceolatus,0.0020687152,0.6277347803115845
GS_AD_SH_090517_SCH_+500µm_003.jpg,17,Sandeels,Ammodytes marinus,0.00078348693,0.838718056678772
GS_AD_SH_090517_SCH_+500µm_003.jpg,18,Sandeels,Ammodytes marinus,0.0016164652,0.8479384183883667
GS_AD_SH_090517_SCH_+500µm_003.jpg,19,Sandeels,Hyperoplus lanceolatus,0.017856473,0.8603730797767639
GS_AD_SH_090517_SCH_+500µm_003.jpg,20,Sandeels,Ammodytes marinus,0.0006617334,0.47862300276756287
GS_AD_SH_090517_SCH_+500µm_003.jpg,21,Sandeels,Ammodytes marinus,0.0008218611,0.8250865340232849
GS_AD_SH_090517_SCH_+500µm_003.jpg,22,Sandeels,Ammodytes marinus,0.002610402,0.8091878294944763
GS_AD_SH_090517_SCH_+500µm_003.jpg,23,Sandeels,Ammodytes marinus,0.0020104952,0.8858712315559387
GS_AD_SH_090517_SCH_+500µm_003.jpg,24,Sandeels,Ammodytes marinus,0.0022120704,0.8657276034355164
GS_AD_SH_090517_SCH_+500µm_004.jpg,1,Sandeels,Ammodytes marinus,0.0026064434,0.8504005670547485
GS_AD_SH_090517_SCH_+500µm_004.jpg,2,Sandeels,Hyperoplus lanceolatus,0.004883276,0.689059317111969
GS_AD_SH_090517_SCH_+500µm_004.jpg,3,Sandeels,Ammodytes marinus,0.0005430151,0.6984071135520935
GS_AD_SH_090517_SCH_+500µm_004.jpg,4,Sandeels,Hyperoplus lanceolatus,0.0038957405,0.8003377914428711
GS_AD_SH_090517_SCH_+500µm_004.jpg,5,Sandeels,Ammodytes marinus,0.0025118077,0.841675341129303
GS_AD_SH_090517_SCH_+500µm_004.jpg,6,Sandeels,Hyperoplus lanceolatus,0.0016807113,0.8839774131774902
GS_AD_SH_090517_SCH_+500µm_004.jpg,7,Sandeels,Hyperoplus lanceolatus,0.0022183235,0.6553938984870911
GS_AD_SH_090517_SCH_+500µm_004.jpg,8,Sandeels,Hyperoplus lanceolatus,0.00051767717,0.38913896679878235
GS_AD_SH_090517_SCH_+500µm_004.jpg,9,Sandeels,Ammodytes marinus,0.0011546441,0.7987055778503418
GS_AD_SH_090517_SCH_+500µm_004.jpg,10,Sandeels,Ammodytes marinus,0.0010372852,0.6819726228713989
GS_AD_SH_090517_SCH_+500µm_004.jpg,11,Sandeels,Ammodytes marinus,0.002867224,0.821644127368927
GS_AD_SH_090517_SCH_+500µm_004.jpg,12,Sandeels,Hyperoplus lanceolatus,0.0013454554,0.6543092131614685
GS_AD_SH_090517_SCH_+500µm_004.jpg,13,Sandeels,Ammodytes marinus,0.0019861015,0.8426666259765625
GS_AD_SH_090517_SCH_+500µm_004.jpg,14,Sandeels,Ammodytes tobianus,0.0005015217,0.4098072350025177
GS_AD_SH_090517_SCH_+500µm_004.jpg,15,Sandeels,Ammodytes marinus,0.00080524763,0.47651034593582153
GS_AD_SH_090517_SCH_+500µm_004.jpg,16,Sandeels,Hyperoplus lanceolatus,0.0081662,0.8351258039474487
GS_AD_SH_090517_SCH_+500µm_004.jpg,17,Sandeels,Ammodytes marinus,0.0009030092,0.5696605443954468
GS_AD_SH_090517_SCH_+500µm_004.jpg,18,Sandeels,Hyperoplus lanceolatus,0.0018245704,0.5508744120597839
GS_AD_SH_090517_SCH_+500µm_004.jpg,19,Sandeels,Ammodytes marinus,0.0012498184,0.7251561880111694
GS_AD_SH_090517_SCH_+500µm_004.jpg,20,Sandeels,Ammodytes marinus,0.0007818837,0.5390616059303284
GS_AD_SH_090517_SCH_+500µm_004.jpg,21,Sandeels,Hyperoplus lanceolatus,0.006769712,0.8805834650993347
GS_AD_SH_090517_SCH_+500µm_004.jpg,22,Sandeels,Hyperoplus lanceolatus,0.0011537062,0.9348240494728088
GS_AD_SH_090517_SCH_+500µm_004.jpg,23,Sandeels,Hyperoplus lanceolatus,0.00077550224,0.6866217851638794
GS_AD_SH_090517_SCH_+500µm_004.jpg,24,Sandeels,Hyperoplus lanceolatus,0.0069588376,0.7826433777809143
GS_AD_SH_090517_SCH_+500µm_004.jpg,25,Sandeels,Ammodytes marinus,0.0021984128,0.871726930141449
GS_AD_SH_090517_SCH_+500µm_004.jpg,26,Sandeels,Ammodytes marinus,0.0007010985,0.6861080527305603
GS_AD_SH_090517_SCH_+500µm_004.jpg,27,Sandeels,Ammodytes marinus,0.0011032784,0.6701304912567139
GS_AD_SH_090517_SCH_+500µm_004.jpg,28,Sandeels,Ammodytes marinus,0.0010614996,0.7056601047515869
GS_AD_SH_090517_SCH_+500µm_004.jpg,29,Sandeels,Ammodytes marinus,0.0008147517,0.7997528910636902
GS_AD_SH_090517_SCH_+500µm_004.jpg,30,Sandeels,Ammodytes marinus,0.0018806262,0.8331322073936462
GS_AD_SH_090517_SCH_+500µm_004.jpg,31,Sandeels,Ammodytes marinus,0.0011295398,0.6895879507064819
GS_AD_SH_090517_SCH_+500µm_004.jpg,32,Sandeels,Hyperoplus lanceolatus,0.0012310077,0.7453334331512451
GS_AD_SH_090517_SCH_+500µm_004.jpg,33,Sandeels,Hyperoplus lanceolatus,0.0076382295,0.8861803412437439
GS_AD_SH_090517_SCH_+500µm_004.jpg,34,Sandeels,Hyperoplus lanceolatus,0.0011134592,0.8502464294433594
GS_AD_SH_090517_SCH_+500µm_004.jpg,35,Sandeels,Hyperoplus lanceolatus,0.001954556,0.9020451903343201
GS_AD_SH_090517_SCH_+500µm_004.jpg,36,Sandeels,Hyperoplus lanceolatus,0.0026711992,0.8446046113967896
GS_AD_SH_090517_SCH_+500µm_005.jpg,1,Sandeels,Ammodytes marinus,0.0024679617,0.5877305865287781
GS_AD_SH_090517_SCH_+500µm_005.jpg,2,Sandeels,Ammodytes marinus,0.0015981437,0.634032130241394
GS_AD_SH_090517_SCH_+500µm_005.jpg,3,Sandeels,Hyperoplus lanceolatus,0.0018861907,0.845294177532196
GS_AD_SH_090517_SCH_+500µm_005.jpg,4,Sandeels,Hyperoplus lanceolatus,0.0020256254,0.5092637538909912
GS_AD_SH_090517_SCH_+500µm_005.jpg,5,Sandeels,Hyperoplus lanceolatus,0.0017359152,0.8994462490081787
GS_AD_SH_090517_SCH_+500µm_005.jpg,6,Sandeels,Ammodytes marinus,0.0019250427,0.6663029789924622
GS_AD_SH_090517_SCH_+500µm_005.jpg,7,Sandeels,Hyperoplus lanceolatus,0.0023932334,0.6125179529190063
GS_AD_SH_090517_SCH_+500µm_005.jpg,8,Sandeels,Hyperoplus lanceolatus,0.0018281448,0.5327308177947998
GS_AD_SH_090517_SCH_+500µm_005.jpg,9,Sandeels,Hyperoplus lanceolatus,0.00272533,0.9168081879615784
GS_AD_SH_090517_SCH_+500µm_005.jpg,10,Sandeels,Hyperoplus lanceolatus,0.005942069,0.9044736623764038
GS_AD_SH_090517_SCH_+500µm_005.jpg,11,Sandeels,Hyperoplus lanceolatus,0.0016005407,0.9087438583374023
GS_AD_SH_090517_SCH_+500µm_005.jpg,12,Sandeels,Ammodytes marinus,0.0018213002,0.8732045292854309
GS_AD_SH_090517_SCH_+500µm_005.jpg,13,Sandeels,Ammodytes marinus,0.0020019305,0.8215056657791138
GS_AD_SH_090517_SCH_+500µm_005.jpg,14,Sandeels,Hyperoplus lanceolatus,0.0025696848,0.746203601360321
GS_AD_SH_090517_SCH_+500µm_005.jpg,15,Sandeels,Hyperoplus lanceolatus,0.0043782275,0.8696576356887817
GS_AD_SH_090517_SCH_+500µm_005.jpg,16,Sandeels,Ammodytes marinus,0.0008378688,0.47829219698905945
GS_AD_SH_090517_SCH_+500µm_005.jpg,17,Sandeels,Hyperoplus lanceolatus,0.0010496501,0.8675099015235901
GS_AD_SH_090517_SCH_+500µm_005.jpg,18,Sandeels,Ammodytes marinus,0.0004991602,0.681202232837677
GS_AD_SH_090517_SCH_+500µm_005.jpg,19,Sandeels,Hyperoplus lanceolatus,0.0029389844,0.7975444793701172
GS_AD_SH_090517_SCH_+500µm_005.jpg,20,Sandeels,Hyperoplus lanceolatus,0.01687888,0.8758636116981506
GS_AD_SH_090517_SCH_+500µm_005.jpg,21,Sandeels,Ammodytes marinus,0.0015111659,0.6359904408454895
GS_AD_SH_090517_SCH_+500µm_005.jpg,22,Sandeels,Ammodytes marinus,0.0018786257,0.6477318406105042
GS_AD_SH_090517_SCH_+500µm_005.jpg,23,Sandeels,Hyperoplus lanceolatus,0.002906044,0.7873958349227905
GS_AD_SH_090517_SCH_+500µm_005.jpg,24,Sandeels,Hyperoplus lanceolatus,0.0053479234,0.8938986659049988
GS_AD_SH_090517_SCH_+500µm_005.jpg,25,Sandeels,Hyperoplus lanceolatus,0.004052082,0.9107339382171631
GS_AD_SH_090517_SCH_+500µm_005.jpg,26,Sandeels,Hyperoplus lanceolatus,0.0019852463,0.7660555243492126
GS_AD_SH_090517_SCH_+500µm_005.jpg,27,Sandeels,Ammodytes marinus,0.00082937814,0.7348871827125549
GS_AD_SH_090517_SCH_+500µm_005.jpg,28,Sandeels,Hyperoplus lanceolatus,0.0021577731,0.9338241815567017
GS_AD_SH_090517_SCH_+500µm_005.jpg,29,Sandeels,Hyperoplus lanceolatus,0.0014428013,0.763737678527832
GS_AD_SH_090517_SCH_+500µm_005.jpg,30,Sandeels,Ammodytes marinus,0.0006516283,0.5526708364486694
GS_AD_SH_090517_SCH_+500µm_005.jpg,31,Sandeels,Hyperoplus lanceolatus,0.0011711033,0.7420237064361572
GS_AD_SH_090517_SCH_+500µm_005.jpg,32,Sandeels,Ammodytes marinus,0.001030328,0.547534704208374
GS_AD_SH_090517_SCH_+500µm_005.jpg,33,Sandeels,Hyperoplus lanceolatus,0.002479118,0.7596303820610046
GS_AD_SH_090517_SCH_+500µm_005.jpg,34,Sandeels,Ammodytes marinus,0.0009527844,0.5928657650947571
GS_AD_SH_090517_SCH_+500µm_005.jpg,35,Sandeels,Ammodytes marinus,0.0014425176,0.7202691435813904
GS_AD_SH_090517_SCH_+500µm_005.jpg,36,Sandeels,Ammodytes marinus,0.0020179476,0.8699126839637756
GS_AD_SH_090517_SCH_+500µm_006.jpg,1,Sandeels,Ammodytes tobianus,0.0175111,0.7659985423088074
GS_AD_SH_090517_SCH_+500µm_006.jpg,2,Sandeels,Hyperoplus lanceolatus,0.0013180295,0.5570101141929626
GS_AD_SH_090517_SCH_+500µm_006.jpg,3,Sandeels,Hyperoplus lanceolatus,0.0011880198,0.6461508870124817
GS_AD_SH_090517_SCH_+500µm_006.jpg,4,Sandeels,Hyperoplus lanceolatus,0.0024913764,0.4500313103199005
GS_AD_SH_090517_SCH_+500µm_006.jpg,5,Sandeels,Hyperoplus lanceolatus,0.004728746,0.8573400974273682
GS_AD_SH_090517_SCH_+500µm_006.jpg,6,Sandeels,Hyperoplus lanceolatus,0.0011028664,0.5032874345779419
GS_AD_SH_090517_SCH_+500µm_006.jpg,7,Sandeels,Hyperoplus lanceolatus,0.004273529,0.898337185382843
GS_AD_SH_090517_SCH_+500µm_006.jpg,8,Sandeels,Hyperoplus lanceolatus,0.004115552,0.926303505897522
GS_AD_SH_090517_SCH_+500µm_006.jpg,9,Sandeels,Ammodytes marinus,0.002845156,0.5778510570526123
GS_AD_SH_090517_SCH_+500µm_006.jpg,10,Sandeels,Hyperoplus lanceolatus,0.0015882599,0.6989069581031799
GS_AD_SH_090517_SCH_+500µm_006.jpg,11,Sandeels,Hyperoplus lanceolatus,0.0034757918,0.8183714151382446
GS_AD_SH_090517_SCH_+500µm_006.jpg,12,Sandeels,Hyperoplus lanceolatus,0.0025105402,0.8363663554191589
GS_AD_SH_090517_SCH_+500µm_006.jpg,13,Sandeels,Hyperoplus lanceolatus,0.0023686083,0.5897098779678345
GS_AD_SH_090517_SCH_+500µm_006.jpg,14,Sandeels,Ammodytes marinus,0.0014371708,0.8551464676856995
GS_AD_SH_090517_SCH_+500µm_006.jpg,15,Sandeels,Hyperoplus lanceolatus,0.003468262,0.9272817373275757
GS_AD_SH_090517_SCH_+500µm_006.jpg,16,Sandeels,Ammodytes marinus,0.00043902188,0.6517547965049744
GS_AD_SH_090517_SCH_+500µm_006.jpg,17,Sandeels,Ammodytes marinus,0.0016321689,0.5937544703483582
GS_AD_SH_090517_SCH_+500µm_006.jpg,18,Sandeels,Hyperoplus lanceolatus,0.0014637461,0.8100200295448303
GS_AD_SH_090517_SCH_+500µm_006.jpg,19,Sandeels,Ammodytes marinus,0.00090018765,0.5244852304458618
GS_AD_SH_090517_SCH_+500µm_006.jpg,20,Sandeels,Ammodytes marinus,0.00095137424,0.4197905659675598
GS_AD_SH_090517_SCH_+500µm_006.jpg,21,Sandeels,Ammodytes marinus,0.0041901194,0.8113788366317749
GS_AD_SH_090517_SCH_+500µm_006.jpg,22,Sandeels,Hyperoplus lanceolatus,0.0050687897,0.9148460626602173
GS_AD_SH_090517_SCH_+500µm_006.jpg,23,Sandeels,Hyperoplus lanceolatus,0.022430094,0.8311598300933838
GS_AD_SH_090517_SCH_+500µm_006.jpg,24,Sandeels,Ammodytes marinus,0.002685052,0.8161944150924683
GS_AD_SH_090517_SCH_+500µm_006.jpg,25,Sandeels,Ammodytes marinus,0.0013216862,0.8425081968307495
GS_AD_SH_090517_SCH_+500µm_006.jpg,26,Sandeels,Hyperoplus lanceolatus,0.00524569,0.8370333909988403
GS_AD_SH_090517_SCH_+500µm_006.jpg,27,Sandeels,Hyperoplus lanceolatus,0.003000117,0.7887603044509888
GS_AD_SH_090517_SCH_+500µm_006.jpg,28,Sandeels,Hyperoplus lanceolatus,0.0054152017,0.9183117747306824
GS_AD_SH_090517_SCH_+500µm_006.jpg,29,Sandeels,Hyperoplus lanceolatus,0.00075394433,0.6079158186912537
GS_AD_SH_090517_SCH_+500µm_006.jpg,30,Sandeels,Hyperoplus lanceolatus,0.0011414455,0.8781185150146484
GS_AD_SH_090517_SCH_+500µm_006.jpg,31,Sandeels,Hyperoplus lanceolatus,0.00080745126,0.6803023219108582
GS_AD_SH_090517_SCH_+500µm_006.jpg,32,Sandeels,Hyperoplus lanceolatus,0.0012097221,0.9112716317176819
GS_AD_SH_090517_SCH_+500µm_006.jpg,33,Sandeels,Hyperoplus lanceolatus,0.0033415298,0.8627228736877441
GS_AD_SH_090517_SCH_+500µm_006.jpg,34,Sandeels,Hyperoplus lanceolatus,0.0056538116,0.7794426679611206
GS_AD_SH_090517_SCH_+500µm_006.jpg,35,Sandeels,Hyperoplus lanceolatus,0.010062846,0.9025306105613708
GS_AD_SH_090517_SCH_+500µm_006.jpg,36,Sandeels,Hyperoplus lanceolatus,0.002105639,0.9112088680267334
GS_AD_SH_090517_SCH_+500µm_006.jpg,37,Sandeels,Ammodytes marinus,0.0032049154,0.5083417892456055
GS_AD_SH_090517_SCH_+500µm_007.jpg,1,Sandeels,Hyperoplus lanceolatus,0.007460093,0.7081507444381714
GS_AD_SH_090517_SCH_+500µm_007.jpg,2,Sandeels,Ammodytes marinus,0.0014580868,0.6294174790382385
GS_AD_SH_090517_SCH_+500µm_007.jpg,3,Sandeels,Hyperoplus lanceolatus,0.0018899352,0.8376830816268921
GS_AD_SH_090517_SCH_+500µm_007.jpg,4,Sandeels,Ammodytes marinus,0.0028853526,0.695819616317749
GS_AD_SH_090517_SCH_+500µm_007.jpg,5,Sandeels,Hyperoplus lanceolatus,0.003123536,0.7462602853775024
GS_AD_SH_090517_SCH_+500µm_007.jpg,6,Sandeels,Hyperoplus lanceolatus,0.0020885377,0.8284175395965576
GS_AD_SH_090517_SCH_+500µm_007.jpg,7,Sandeels,Ammodytes marinus,0.0022558565,0.5512942671775818
GS_AD_SH_090517_SCH_+500µm_007.jpg,8,Sandeels,Hyperoplus lanceolatus,0.008762204,0.8825293183326721
GS_AD_SH_090517_SCH_+500µm_007.jpg,9,Sandeels,Ammodytes marinus,0.001426336,0.8359083533287048
GS_AD_SH_090517_SCH_+500µm_007.jpg,10,Sandeels,Ammodytes tobianus,0.00076609786,0.4931402802467346
GS_AD_SH_090517_SCH_+500µm_007.jpg,11,Sandeels,Hyperoplus lanceolatus,0.025277212,0.9181259274482727
GS_AD_SH_090517_SCH_+500µm_007.jpg,12,Sandeels,Hyperoplus lanceolatus,0.0014634562,0.6516792178153992
GS_AD_SH_090517_SCH_+500µm_007.jpg,13,Sandeels,Hyperoplus lanceolatus,0.003598559,0.8847706913948059
GS_AD_SH_090517_SCH_+500µm_007.jpg,14,Sandeels,Hyperoplus lanceolatus,0.0011274543,0.9174209237098694
GS_AD_SH_090517_SCH_+500µm_007.jpg,15,Sandeels,Ammodytes marinus,0.0021156722,0.7946049571037292
GS_AD_SH_090517_SCH_+500µm_007.jpg,16,Sandeels,Ammodytes marinus,0.001477632,0.6413575410842896
GS_AD_SH_090517_SCH_+500µm_007.jpg,17,Sandeels,Ammodytes marinus,0.0013571732,0.8473835587501526
GS_AD_SH_090517_SCH_+500µm_007.jpg,18,Sandeels,Hyperoplus lanceolatus,0.010047577,0.5754702687263489
GS_AD_SH_090517_SCH_+500µm_007.jpg,19,Sandeels,Ammodytes marinus,0.0012689928,0.7687991857528687
GS_AD_SH_090517_SCH_+500µm_007.jpg,20,Sandeels,Hyperoplus lanceolatus,0.005838042,0.9328467845916748
GS_AD_SH_090517_SCH_+500µm_007.jpg,21,Sandeels,Ammodytes marinus,0.0009870986,0.7812037467956543
GS_AD_SH_090517_SCH_+500µm_007.jpg,22,Sandeels,Hyperoplus lanceolatus,0.0010934044,0.474343866109848
GS_AD_SH_090517_SCH_+500µm_007.jpg,23,Sandeels,Hyperoplus lanceolatus,0.0024837519,0.9075305461883545
GS_AD_SH_090517_SCH_+500µm_007.jpg,24,Sandeels,Hyperoplus lanceolatus,0.0027378597,0.857256293296814
GS_AD_SH_090517_SCH_+500µm_007.jpg,25,Sandeels,Hyperoplus lanceolatus,0.002954045,0.5966679453849792
GS_AD_SH_090517_SCH_+500µm_007.jpg,26,Sandeels,Hyperoplus lanceolatus,0.0014913284,0.8434194922447205
GS_AD_SH_090517_SCH_+500µm_007.jpg,27,Sandeels,Ammodytes marinus,0.000799903,0.7403549551963806
GS_AD_SH_090517_SCH_+500µm_007.jpg,28,Sandeels,Ammodytes marinus,0.0013274678,0.8575318455696106
GS_AD_SH_090517_SCH_+500µm_007.jpg,29,Sandeels,Hyperoplus lanceolatus,0.0013723733,0.8965546488761902
GS_AD_SH_090517_SCH_+500µm_007.jpg,30,Sandeels,Ammodytes marinus,0.0006139603,0.5712936520576477
GS_AD_SH_090517_SCH_+500µm_007.jpg,31,Sandeels,Hyperoplus lanceolatus,0.0063525056,0.9015412926673889
GS_AD_SH_090517_SCH_+500µm_007.jpg,32,Sandeels,Hyperoplus lanceolatus,0.0035715392,0.7059265375137329
GS_AD_SH_090517_SCH_+500µm_007.jpg,33,Sandeels,Hyperoplus lanceolatus,0.0009691862,0.8855206370353699
GS_AD_SH_090517_SCH_+500µm_007.jpg,34,Sandeels,Ammodytes tobianus,0.0004147085,0.5701267719268799
GS_AD_SH_090517_SCH_+500µm_007.jpg,35,Sandeels,Ammodytes marinus,0.00044225113,0.4633869528770447
GS_AD_SH_090517_SCH_+500µm_007.jpg,36,Sandeels,Hyperoplus lanceolatus,0.0015021819,0.5003628730773926
GS_AD_SH_090517_SCH_+500µm_008.jpg,1,Sandeels,Ammodytes marinus,0.0011671443,0.8135057091712952
GS_AD_SH_090517_SCH_+500µm_008.jpg,2,Sandeels,Hyperoplus lanceolatus,0.00043311756,0.7366887927055359
GS_AD_SH_090517_SCH_+500µm_008.jpg,3,Sandeels,Hyperoplus lanceolatus,0.0067911954,0.8508965373039246
GS_AD_SH_090517_SCH_+500µm_008.jpg,4,Sandeels,Hyperoplus lanceolatus,0.0016747477,0.7671430706977844
GS_AD_SH_090517_SCH_+500µm_008.jpg,5,Sandeels,Ammodytes marinus,0.0012820594,0.8127830028533936
GS_AD_SH_090517_SCH_+500µm_008.jpg,6,Sandeels,Hyperoplus lanceolatus,0.0054174857,0.8859803080558777
GS_AD_SH_090517_SCH_+500µm_008.jpg,7,Sandeels,Hyperoplus lanceolatus,0.0030509792,0.6711773872375488
GS_AD_SH_090517_SCH_+500µm_008.jpg,8,Sandeels,Ammodytes marinus,0.00085858715,0.686642050743103
GS_AD_SH_090517_SCH_+500µm_008.jpg,9,Sandeels,Ammodytes marinus,0.0007358105,0.6897128820419312
GS_AD_SH_090517_SCH_+500µm_008.jpg,10,Sandeels,Hyperoplus lanceolatus,0.006522064,0.5156654119491577
GS_AD_SH_090517_SCH_+500µm_008.jpg,11,Sandeels,Hyperoplus lanceolatus,0.008037612,0.8492638468742371
GS_AD_SH_090517_SCH_+500µm_008.jpg,12,Sandeels,Ammodytes marinus,0.0012365639,0.6570549011230469
GS_AD_SH_090517_SCH_+500µm_008.jpg,13,Sandeels,Hyperoplus lanceolatus,0.011310916,0.8440085053443909
GS_AD_SH_090517_SCH_+500µm_008.jpg,14,Sandeels,Hyperoplus lanceolatus,0.0011670932,0.7325412034988403
GS_AD_SH_090517_SCH_+500µm_008.jpg,15,Sandeels,Hyperoplus lanceolatus,0.00035003893,0.6131393909454346
GS_AD_SH_090517_SCH_+500µm_008.jpg,16,Sandeels,Hyperoplus lanceolatus,0.08790897,0.8192405104637146
GS_AD_SH_090517_SCH_+500µm_008.jpg,17,Sandeels,Ammodytes marinus,0.0005575957,0.45383012294769287
GS_AD_SH_090517_SCH_+500µm_008.jpg,18,Sandeels,Hyperoplus lanceolatus,0.016661953,0.860451877117157
GS_AD_SH_090517_SCH_+500µm_008.jpg,19,Sandeels,Hyperoplus lanceolatus,0.0034156588,0.8646993041038513
GS_AD_SH_090517_SCH_+500µm_008.jpg,20,Sandeels,Ammodytes marinus,0.0012009643,0.6197579503059387
GS_AD_SH_090517_SCH_+500µm_008.jpg,21,Sandeels,Ammodytes marinus,0.0016452405,0.8780344724655151
GS_AD_SH_090517_SCH_+500µm_008.jpg,22,Sandeels,Hyperoplus lanceolatus,0.0013425216,0.8813096880912781
GS_AD_SH_090517_SCH_+500µm_008.jpg,23,Sandeels,Hyperoplus lanceolatus,0.0017721502,0.822388768196106
GS_AD_SH_090517_SCH_+500µm_008.jpg,24,Sandeels,Hyperoplus lanceolatus,0.0018911652,0.698021650314331
GS_AD_SH_090517_SCH_+500µm_008.jpg,25,Sandeels,Hyperoplus lanceolatus,0.005885531,0.915618360042572
GS_AD_SH_090517_SCH_+500µm_008.jpg,26,Sandeels,Ammodytes marinus,0.00083558337,0.5429450869560242
GS_AD_SH_090517_SCH_+500µm_008.jpg,27,Sandeels,Ammodytes marinus,0.0009096807,0.794512152671814
GS_AD_SH_090517_SCH_+500µm_008.jpg,28,Sandeels,Hyperoplus lanceolatus,0.0008865792,0.9037763476371765
GS_AD_SH_090517_SCH_+500µm_008.jpg,29,Sandeels,Hyperoplus lanceolatus,0.00093917944,0.8372514247894287
GS_AD_SH_090517_SCH_+500µm_008.jpg,30,Sandeels,Hyperoplus lanceolatus,0.0016706771,0.9154617190361023
GS_AD_SH_090517_SCH_+500µm_008.jpg,31,Sandeels,Hyperoplus lanceolatus,0.001122976,0.795005202293396
GS_AD_SH_090517_SCH_+500µm_008.jpg,32,Sandeels,Hyperoplus lanceolatus,0.0010050922,0.6086999773979187
GS_AD_SH_090517_SCH_+500µm_008.jpg,33,Sandeels,Ammodytes marinus,0.0008996367,0.6786890625953674
GS_AD_SH_090517_SCH_+500µm_008.jpg,34,Sandeels,Ammodytes marinus,0.00038895593,0.7502577304840088
GS_AD_SH_090517_SCH_+500µm_008.jpg,35,Sandeels,Hyperoplus lanceolatus,0.0006350015,0.6288414597511292
GS_AD_SH_090517_SCH_+500µm_008.jpg,36,Sandeels,Hyperoplus lanceolatus,0.0010456543,0.8825119733810425
GS_AD_SH_090517_SCH_+500µm_009.jpg,1,Sandeels,Hyperoplus lanceolatus,0.004145797,0.8296613693237305
GS_AD_SH_090517_SCH_+500µm_009.jpg,2,Sandeels,Hyperoplus lanceolatus,0.0020261605,0.9151363968849182
GS_AD_SH_090517_SCH_+500µm_009.jpg,3,Sandeels,Hyperoplus lanceolatus,0.0040679425,0.8690041303634644
GS_AD_SH_090517_SCH_+500µm_009.jpg,4,Sandeels,Hyperoplus lanceolatus,0.046440575,0.8070931434631348
GS_AD_SH_090517_SCH_+500µm_009.jpg,5,Sandeels,Ammodytes marinus,0.001499428,0.8557330965995789
GS_AD_SH_090517_SCH_+500µm_009.jpg,6,Sandeels,Hyperoplus lanceolatus,0.0007543202,0.7030273675918579
GS_AD_SH_090517_SCH_+500µm_009.jpg,7,Sandeels,Ammodytes tobianus,0.00044697252,0.542014479637146
GS_AD_SH_090517_SCH_+500µm_009.jpg,8,Sandeels,Hyperoplus lanceolatus,0.039149765,0.8599201440811157
GS_AD_SH_090517_SCH_+500µm_009.jpg,9,Sandeels,Hyperoplus lanceolatus,0.025889868,0.8423262238502502
GS_AD_SH_090517_SCH_+500µm_009.jpg,10,Sandeels,Hyperoplus lanceolatus,0.00378731,0.6108790636062622
GS_AD_SH_090517_SCH_+500µm_009.jpg,11,Sandeels,Hyperoplus lanceolatus,0.0039939093,0.9008991718292236
GS_AD_SH_090517_SCH_+500µm_009.jpg,12,Sandeels,Hyperoplus lanceolatus,0.0012856195,0.7920734882354736
GS_AD_SH_090517_SCH_+500µm_009.jpg,13,Sandeels,Ammodytes tobianus,0.0011742108,0.8273006081581116
GS_AD_SH_090517_SCH_+500µm_009.jpg,14,Sandeels,Hyperoplus lanceolatus,0.0020236387,0.6641552448272705
GS_AD_SH_090517_SCH_+500µm_009.jpg,15,Sandeels,Hyperoplus lanceolatus,0.21735443,0.5287637710571289
GS_AD_SH_090517_SCH_+500µm_009.jpg,16,Sandeels,Hyperoplus lanceolatus,0.002679567,0.709465742111206
GS_AD_SH_090517_SCH_+500µm_009.jpg,17,Sandeels,Hyperoplus lanceolatus,0.011085932,0.9264280796051025
GS_AD_SH_090517_SCH_+500µm_009.jpg,18,Sandeels,Hyperoplus lanceolatus,0.036484092,0.5840408205986023
GS_AD_SH_090517_SCH_+500µm_009.jpg,19,Sandeels,Ammodytes tobianus,0.0019419658,0.7692030668258667
GS_AD_SH_090517_SCH_+500µm_009.jpg,20,Sandeels,Ammodytes marinus,0.0022929823,0.8002713918685913
GS_AD_SH_090517_SCH_+500µm_009.jpg,21,Sandeels,Hyperoplus lanceolatus,0.0017449944,0.9286561608314514
GS_AD_SH_090517_SCH_+500µm_009.jpg,22,Sandeels,Hyperoplus lanceolatus,0.0028235337,0.9325791001319885
GS_AD_SH_090517_SCH_+500µm_009.jpg,23,Sandeels,Hyperoplus lanceolatus,0.0057879407,0.7428012490272522
GS_AD_SH_090517_SCH_+500µm_009.jpg,24,Sandeels,Hyperoplus lanceolatus,0.0058805277,0.8941686153411865
GS_AD_SH_090517_SCH_+500µm_009.jpg,25,Sandeels,Hyperoplus lanceolatus,0.0043781316,0.9087433218955994
GS_AD_SH_090517_SCH_+500µm_009.jpg,26,Sandeels,Hyperoplus lanceolatus,0.001628559,0.8697677254676819
GS_AD_SH_090517_SCH_+500µm_009.jpg,27,Sandeels,Hyperoplus lanceolatus,0.0034151003,0.9506415128707886
GS_AD_SH_090517_SCH_+500µm_009.jpg,28,Sandeels,Hyperoplus lanceolatus,0.002595718,0.7787342071533203
GS_AD_SH_090517_SCH_+500µm_009.jpg,29,Sandeels,Hyperoplus lanceolatus,0.0035252117,0.9025413990020752
GS_AD_SH_090517_SCH_+500µm_009.jpg,30,Sandeels,Hyperoplus lanceolatus,0.0023832335,0.8974100947380066
GS_AD_SH_090517_SCH_+500µm_009.jpg,31,Sandeels,Hyperoplus lanceolatus,0.08412654,0.6409432888031006
GS_AD_SH_090517_SCH_+500µm_009.jpg,32,Sandeels,Hyperoplus lanceolatus,0.0059942245,0.8925037384033203
GS_AD_SH_090517_SCH_+500µm_009.jpg,33,Sandeels,Hyperoplus lanceolatus,0.0021926675,0.8244598507881165
GS_AD_SH_090517_SCH_+500µm_009.jpg,34,Sandeels,Hyperoplus lanceolatus,0.002533566,0.769249439239502
GS_AD_SH_090517_SCH_+500µm_009.jpg,35,Sandeels,Hyperoplus lanceolatus,0.0028101346,0.927353024482727
GS_AD_SH_090517_SCH_+500µm_009.jpg,36,Sandeels,Hyperoplus lanceolatus,0.023946438,0.8998702168464661
GS_AD_SH_090517_SCH_+500µm_009.jpg,37,Sandeels,Hyperoplus lanceolatus,0.002021855,0.750468373298645
GS_AD_SH_090517_SCH_+500µm_009.jpg,38,Sandeels,Hyperoplus lanceolatus,0.0031775788,0.6347205638885498
GS_AD_SH_090517_SCH_+500µm_009.jpg,39,Sandeels,Hyperoplus lanceolatus,0.010384584,0.8027718663215637
GS_AD_SH_090517_SCH_+500µm_009.jpg,40,Sandeels,Hyperoplus lanceolatus,0.0018608867,0.718917191028595
GS_AD_SH_090517_SCH_+500µm_010.jpg,1,Sandeels,Hyperoplus lanceolatus,0.0081792325,0.8679706454277039
GS_AD_SH_090517_SCH_+500µm_010.jpg,2,Sandeels,Hyperoplus lanceolatus,0.0029212364,0.8576486110687256
GS_AD_SH_090517_SCH_+500µm_010.jpg,3,Sandeels,Hyperoplus lanceolatus,0.033419378,0.5366465449333191
GS_AD_SH_090517_SCH_+500µm_010.jpg,4,Sandeels,Hyperoplus lanceolatus,0.0011614382,0.5137094855308533
GS_AD_SH_090517_SCH_+500µm_010.jpg,5,Sandeels,Hyperoplus lanceolatus,0.006458663,0.4759330153465271
GS_AD_SH_090517_SCH_+500µm_010.jpg,6,Sandeels,Hyperoplus lanceolatus,0.011512429,0.8484488725662231
GS_AD_SH_090517_SCH_+500µm_010.jpg,7,Sandeels,Hyperoplus lanceolatus,0.00053547806,0.738321840763092
GS_AD_SH_090517_SCH_+500µm_010.jpg,8,Sandeels,Ammodytes tobianus,0.0015611933,0.5080704689025879
GS_AD_SH_090517_SCH_+500µm_010.jpg,9,Sandeels,Hyperoplus lanceolatus,0.061031707,0.8088591694831848
GS_AD_SH_090517_SCH_+500µm_010.jpg,10,Sandeels,Ammodytes tobianus,0.1468932,0.5172779560089111
GS_AD_SH_090517_SCH_+500µm_010.jpg,11,Sandeels,Hyperoplus lanceolatus,0.012968445,0.851521372795105
GS_AD_SH_090517_SCH_+500µm_010.jpg,12,Sandeels,Hyperoplus lanceolatus,0.024465846,0.8877101540565491
GS_AD_SH_090517_SCH_+500µm_010.jpg,13,Sandeels,Hyperoplus lanceolatus,0.016154699,0.47311559319496155
GS_AD_SH_090517_SCH_+500µm_010.jpg,14,Sandeels,Hyperoplus lanceolatus,0.010678251,0.48624536395072937
GS_AD_SH_090517_SCH_+500µm_010.jpg,15,Sandeels,Ammodytes tobianus,0.0042637317,0.41577622294425964
GS_AD_SH_090517_SCH_+500µm_010.jpg,16,Sandeels,Hyperoplus lanceolatus,0.0057098474,0.8843452334403992
GS_AD_SH_090517_SCH_+500µm_010.jpg,17,Sandeels,Hyperoplus lanceolatus,0.009807622,0.8798546195030212
GS_AD_SH_090517_SCH_+500µm_010.jpg,18,Sandeels,Hyperoplus lanceolatus,0.016003612,0.73859041929245
GS_AD_SH_090517_SCH_+500µm_010.jpg,19,Sandeels,Hyperoplus lanceolatus,0.0018511518,0.7121492028236389
GS_AD_SH_090517_SCH_+500µm_010.jpg,20,Sandeels,Hyperoplus lanceolatus,0.024116676,0.6665858626365662
GS_AD_SH_090517_SCH_+500µm_010.jpg,21,Sandeels,Hyperoplus lanceolatus,0.001433541,0.5338301658630371
GS_AD_SH_090517_SCH_+500µm_010.jpg,22,Sandeels,Hyperoplus lanceolatus,0.00070511224,0.48448994755744934
GS_AD_SH_090517_SCH_+500µm_010.jpg,23,Sandeels,Hyperoplus lanceolatus,0.022531278,0.6989608407020569
GS_AD_SH_090517_SCH_+500µm_010.jpg,24,Sandeels,Ammodytes tobianus,0.0014443664,0.49714434146881104
GS_AD_SH_090517_SCH_+500µm_010.jpg,25,Sandeels,Hyperoplus lanceolatus,0.0020145387,0.7271699905395508
GS_AD_SH_090517_SCH_+500µm_010.jpg,26,Sandeels,Hyperoplus lanceolatus,0.009743164,0.8420822024345398
GS_AD_SH_090517_SCH_+500µm_010.jpg,27,Sandeels,Hyperoplus lanceolatus,0.009470869,0.8805730938911438
GS_AD_SH_090517_SCH_+500µm_010.jpg,28,Sandeels,Hyperoplus lanceolatus,0.0056086797,0.7243764996528625
GS_AD_SH_090517_SCH_+500µm_010.jpg,29,Sandeels,Hyperoplus lanceolatus,0.0035075794,0.8641263246536255
GS_AD_SH_090517_SCH_+500µm_010.jpg,30,Sandeels,Ammodytes tobianus,0.00074982113,0.512977659702301
GS_AD_SH_090517_SCH_+500µm_010.jpg,31,Sandeels,Hyperoplus lanceolatus,0.0032739285,0.7660849690437317
GS_AD_SH_090517_SCH_+500µm_010.jpg,32,Sandeels,Hyperoplus lanceolatus,0.011218327,0.8992100358009338
GS_AD_SH_090517_SCH_+500µm_010.jpg,33,Sandeels,Hyperoplus lanceolatus,0.023025366,0.5793617963790894
GS_AD_SH_090517_SCH_+500µm_010.jpg,34,Sandeels,Hyperoplus lanceolatus,0.002026446,0.5524719953536987
GS_AD_SH_090517_SCH_+500µm_010.jpg,35,Sandeels,Hyperoplus lanceolatus,0.013634495,0.7155250310897827
GS_AD_SH_090517_SCH_+500µm_011.jpg,1,Sandeels,Hyperoplus lanceolatus,0.18553397,0.45002540946006775
GS_AD_SH_090517_SCH_+500µm_011.jpg,2,Sandeels,Ammodytes marinus,0.0022852905,0.5182003974914551
GS_AD_SH_090517_SCH_+500µm_011.jpg,3,Sandeels,Hyperoplus lanceolatus,0.0016094975,0.8789088129997253
GS_AD_SH_090517_SCH_+500µm_011.jpg,4,Sandeels,Hyperoplus lanceolatus,0.0089689605,0.9174718260765076
GS_AD_SH_090517_SCH_+500µm_011.jpg,5,Sandeels,Hyperoplus lanceolatus,0.0034193422,0.8875904679298401
GS_AD_SH_090517_SCH_+500µm_011.jpg,6,Sandeels,Hyperoplus lanceolatus,0.002482912,0.7422555685043335
GS_AD_SH_090517_SCH_+500µm_011.jpg,7,Sandeels,Hyperoplus lanceolatus,0.0024279822,0.9179607629776001
GS_AD_SH_090517_SCH_+500µm_011.jpg,8,Sandeels,Ammodytes marinus,0.0012269199,0.4884859025478363
GS_AD_SH_090517_SCH_+500µm_011.jpg,9,Sandeels,Hyperoplus lanceolatus,0.0018161909,0.8142040967941284
GS_AD_SH_090517_SCH_+500µm_011.jpg,10,Sandeels,Hyperoplus lanceolatus,0.014200688,0.4979865252971649
GS_AD_SH_090517_SCH_+500µm_011.jpg,11,Sandeels,Hyperoplus lanceolatus,0.06623138,0.8565633893013
GS_AD_SH_090517_SCH_+500µm_011.jpg,12,Sandeels,Hyperoplus lanceolatus,0.0064570196,0.7320218682289124
GS_AD_SH_090517_SCH_+500µm_011.jpg,13,Sandeels,Ammodytes tobianus,0.0014950424,0.7164068818092346
GS_AD_SH_090517_SCH_+500µm_011.jpg,14,Sandeels,Hyperoplus lanceolatus,0.0016844453,0.8924119472503662
GS_AD_SH_090517_SCH_+500µm_011.jpg,15,Sandeels,Hyperoplus lanceolatus,0.008921455,0.8892320394515991
GS_AD_SH_090517_SCH_+500µm_011.jpg,16,Sandeels,Hyperoplus lanceolatus,0.0016213793,0.8399232029914856
GS_AD_SH_090517_SCH_+500µm_011.jpg,17,Sandeels,Hyperoplus lanceolatus,0.0015898894,0.8659632802009583
GS_AD_SH_090517_SCH_+500µm_011.jpg,18,Sandeels,Ammodytes marinus,0.011602458,0.4633394181728363
GS_AD_SH_090517_SCH_+500µm_011.jpg,19,Sandeels,Hyperoplus lanceolatus,0.050214045,0.8658473491668701
GS_AD_SH_090517_SCH_+500µm_011.jpg,20,Sandeels,Hyperoplus lanceolatus,0.014756804,0.633172333240509
GS_AD_SH_090517_SCH_+500µm_012.jpg,1,Sandeels,Hyperoplus lanceolatus,0.14079718,0.8527117967605591
GS_AD_SH_090517_SCH_+500µm_012.jpg,2,Sandeels,Hyperoplus lanceolatus,0.04328542,0.8009343147277832
GS_AD_SH_090517_SCH_+500µm_012.jpg,3,Sandeels,Hyperoplus lanceolatus,0.13508023,0.5314991474151611
GS_AD_SH_090517_SCH_+500µm_012.jpg,4,Sandeels,Hyperoplus lanceolatus,0.10265966,0.7691745758056641
GS_AD_SH_090517_SCH_+500µm_012.jpg,5,Sandeels,Hyperoplus lanceolatus,0.005831968,0.6170699596405029
GS_AD_SH_090517_SCH_+500µm_012.jpg,6,Clupeids,Alosa fallax,0.7534751,0.4429853558540344
GS_AD_SH_090517_SCH_+500µm_012.jpg,7,Clupeids,Sprattus sprattus,0.93964094,0.6966741681098938
GS_AD_SH_090517_SCH_+500µm_012.jpg,8,Sandeels,Hyperoplus lanceolatus,0.38340446,0.7618261575698853
GS_AD_SH_090517_SCH_+500µm_012.jpg,9,Sandeels,Hyperoplus lanceolatus,0.33578908,0.4089778661727905
GS_AD_SH_090517_SCH_+500µm_012.jpg,10,Sandeels,Hyperoplus lanceolatus,0.024507841,0.7668319940567017
GS_AD_SH_090517_SCH_+500µm_012.jpg,11,Sandeels,Hyperoplus lanceolatus,0.25636688,0.9389785528182983
GS_AD_SH_090517_SCH_+500µm_012.jpg,12,Clupeids,Sprattus sprattus,0.7352316,0.4519646167755127
GS_AD_SH_090517_SCH_+500µm_012.jpg,13,Sandeels,Ammodytes tobianus,0.034294657,0.8380017876625061
GS_AD_SH_090517_SCH_+500µm_013.jpg,1,Sandeels,Ammodytes tobianus,0.0044067083,0.5253260135650635
GS_AD_SH_090517_SCH_+500µm_013.jpg,2,Sandeels,Hyperoplus lanceolatus,0.0012161713,0.7871041893959045
GS_AD_SH_090517_SCH_+500µm_013.jpg,3,Sandeels,Hyperoplus lanceolatus,0.019967197,0.7780629396438599
GS_AD_SH_090517_SCH_+500µm_013.jpg,4,Sandeels,Hyperoplus lanceolatus,0.0013988867,0.4203410744667053
GS_AD_SH_090517_SCH_+500µm_013.jpg,5,Sandeels,Ammodytes tobianus,0.0041612065,0.4827738106250763
GS_AD_SH_090517_SCH_+500µm_013.jpg,6,Sandeels,Ammodytes tobianus,0.00039809506,0.8632482290267944
GS_AD_SH_090517_SCH_+500µm_013.jpg,7,Sandeels,Hyperoplus lanceolatus,0.3922906,0.7959907054901123
GS_AD_SH_090517_SCH_+500µm_013.jpg,8,Sandeels,Hyperoplus lanceolatus,0.05261382,0.8589770197868347
GS_AD_SH_090517_SCH_+500µm_013.jpg,9,Sandeels,Hyperoplus lanceolatus,0.0047149933,0.7711092233657837
GS_AD_SH_090517_SCH_+500µm_013.jpg,10,Sandeels,Hyperoplus lanceolatus,0.004487473,0.9048606157302856
GS_AD_SH_090517_SCH_+500µm_013.jpg,11,Sandeels,Hyperoplus lanceolatus,0.012974416,0.8730723857879639
GS_AD_SH_090517_SCH_+500µm_013.jpg,12,Clupeids,Sprattus sprattus,0.90048003,0.5899433493614197
GS_AD_SH_090517_SCH_+500µm_013.jpg,13,Sandeels,Hyperoplus lanceolatus,0.0048990203,0.8303643465042114
GS_AD_SH_090517_SCH_+500µm_013.jpg,14,Sandeels,Hyperoplus lanceolatus,0.0125245815,0.8954896926879883
GS_AD_SH_090517_SCH_+500µm_013.jpg,15,Sandeels,Hyperoplus lanceolatus,0.025237978,0.502555251121521
GS_AD_SH_090517_SCH_+500µm_013.jpg,16,Sandeels,Hyperoplus lanceolatus,0.060250454,0.5076321959495544
GS_AD_SH_090517_SCH_+500µm_013.jpg,17,Sandeels,Hyperoplus lanceolatus,0.0026592554,0.8025029897689819
GS_AD_SH_090517_SCH_+500µm_013.jpg,18,Sandeels,Hyperoplus lanceolatus,0.004160102,0.6515710353851318
GS_AD_SH_090517_SCH_+500µm_013.jpg,19,Sandeels,Hyperoplus lanceolatus,0.0020914525,0.907636821269989
GS_AD_SH_090517_SCH_+500µm_013.jpg,20,Sandeels,Ammodytes tobianus,0.0007243023,0.6070660948753357
GS_AD_SH_090517_SCH_+500µm_014.jpg,1,Sandeels,Hyperoplus lanceolatus,0.0025630386,0.6747921109199524
GS_AD_SH_090517_SCH_+500µm_014.jpg,2,Sandeels,Hyperoplus lanceolatus,0.056024317,0.8694607019424438
GS_AD_SH_090517_SCH_+500µm_014.jpg,3,Sandeels,Hyperoplus lanceolatus,0.017771065,0.8812817335128784
GS_AD_SH_090517_SCH_+500µm_014.jpg,4,Sandeels,Hyperoplus lanceolatus,0.009699235,0.6794837713241577
GS_AD_SH_090517_SCH_+500µm_014.jpg,5,Sandeels,Hyperoplus lanceolatus,0.008104299,0.6186811923980713
GS_AD_SH_090517_SCH_+500µm_014.jpg,6,Sandeels,Hyperoplus lanceolatus,0.0040981695,0.6537907719612122
GS_AD_SH_090517_SCH_+500µm_014.jpg,7,Sandeels,Ammodytes marinus,0.030234315,0.5795763731002808
GS_AD_SH_090517_SCH_+500µm_014.jpg,8,Sandeels,Hyperoplus lanceolatus,0.0068278858,0.9204263091087341
GS_AD_SH_090517_SCH_+500µm_014.jpg,9,Sandeels,Ammodytes tobianus,0.21758409,0.4581473171710968
GS_AD_SH_090517_SCH_+500µm_014.jpg,10,Sandeels,Hyperoplus lanceolatus,0.016305415,0.8366180062294006
GS_AD_SH_090517_SCH_+500µm_014.jpg,11,Sandeels,Ammodytes tobianus,0.0017284161,0.6672176718711853
GS_AD_SH_090517_SCH_+500µm_014.jpg,12,Sandeels,Hyperoplus lanceolatus,0.02680668,0.7392982244491577
GS_AD_SH_090517_SCH_+500µm_014.jpg,13,Sandeels,Hyperoplus lanceolatus,0.02197848,0.4477411210536957
GS_AD_SH_090517_SCH_+500µm_014.jpg,14,Sandeels,Hyperoplus lanceolatus,0.004864185,0.4365042746067047
GS_AD_SH_090517_SCH_+500µm_014.jpg,15,Sandeels,Ammodytes tobianus,0.0040609553,0.6187087893486023
GS_AD_SH_090517_SCH_+500µm_014.jpg,16,Sandeels,Hyperoplus lanceolatus,0.005217408,0.5788862705230713
GS_AD_SH_090517_SCH_+500µm_014.jpg,17,Sandeels,Ammodytes tobianus,0.0066850795,0.4721420407295227
GS_AD_SH_090517_SCH_+500µm_014.jpg,18,Sandeels,Hyperoplus lanceolatus,0.0029038095,0.684762716293335
GS_AD_SH_090517_SCH_+500µm_014.jpg,19,Sandeels,Ammodytes tobianus,0.00055072526,0.9061223268508911
GS_AD_SH_090517_SCH_+500µm_015.jpg,1,Sandeels,Ammodytes tobianus,0.00043865648,0.8332946300506592
GS_AD_SH_090517_SCH_+500µm_015.jpg,2,Sandeels,Ammodytes tobianus,0.2278059,0.851312518119812
GS_AD_SH_090517_SCH_+500µm_015.jpg,3,Sandeels,Ammodytes tobianus,0.09515819,0.8968871831893921
GS_AD_SH_090517_SCH_+500µm_015.jpg,4,Clupeids,Sprattus sprattus,0.9568431,0.7054066061973572
GS_AD_SH_090517_SCH_+500µm_015.jpg,5,Clupeids,Sprattus sprattus,0.90828246,0.49394285678863525
GS_AD_SH_090517_SCH_+500µm_015.jpg,6,Sandeels,Ammodytes tobianus,0.028621035,0.8195643424987793
GS_AD_SH_090517_SCH_+500µm_015.jpg,7,Clupeids,Sprattus sprattus,0.995239,0.7416015267372131
GS_AD_SH_090517_SCH_+500µm_015.jpg,8,Clupeids,Clupea harengus,0.99879515,0.8257288336753845
GS_AD_SH_090517_SCH_+500µm_015.jpg,9,Sandeels,Ammodytes tobianus,0.00018365792,0.8942872285842896
GS_AD_SH_090517_SCH_+500µm_015.jpg,10,Clupeids,Sprattus sprattus,0.7318084,0.45878729224205017
GS_AD_SH_090517_SCH_+500µm_015.jpg,11,Clupeids,Clupea harengus,0.9962613,0.4758586585521698
GS_AD_SH_090517_SCH_+500µm_015.jpg,12,Clupeids,Alosa fallax,0.5347656,0.4499536454677582
GS_AD_SH_090517_SCH_+500µm_015.jpg,13,Clupeids,Sprattus sprattus,0.9776853,0.6561006307601929
GS_AD_SH_090517_SCH_+500µm_015.jpg,14,Sandeels,Ammodytes tobianus,0.12801151,0.7789963483810425
GS_AD_SH_090517_SCH_+500µm_015.jpg,15,Sandeels,Ammodytes tobianus,0.27181906,0.8094936609268188
GS_AD_SH_090517_SCH_+500µm_015.jpg,16,Clupeids,Sprattus sprattus,0.97389483,0.4689364433288574
GS_AD_SH_090517_SCH_+500µm_015.jpg,17,Clupeids,Clupea harengus,0.79115576,0.7633844017982483
GS_AD_SH_090517_SCH_+500µm_015.jpg,18,Clupeids,Clupea harengus,0.96011055,0.5525628328323364
GS_AD_SH_090517_SCH_+500µm_015.jpg,19,Sandeels,Ammodytes tobianus,0.048576597,0.8534883856773376
GS_AD_SH_090517_SCH_+500µm_015.jpg,20,Clupeids,Clupea harengus,0.991084,0.8400738835334778
GS_AD_SH_090517_SCH_+500µm_015.jpg,21,Clupeids,Clupea harengus,0.69256103,0.591840386390686
GS_AD_SH_090517_SCH_+500µm_015.jpg,22,Sandeels,Hyperoplus lanceolatus,0.25563613,0.6288924813270569
GS_AD_SH_090517_SCH_+500µm_015.jpg,23,Clupeids,Clupea harengus,0.98213416,0.8256193399429321
GS_AD_SH_090517_SCH_+500µm_015.jpg,24,Clupeids,Sprattus sprattus,0.591246,0.4305900037288666
GS_AD_SH_090517_SCH_+500µm_015.jpg,25,Sandeels,Ammodytes tobianus,0.00044838974,0.8315526247024536
GS_AD_SH_090517_SCH_+500µm_015.jpg,26,Clupeids,Sprattus sprattus,0.95087683,0.5184954404830933
GS_AD_SH_090517_SCH_+500µm_015.jpg,27,Sandeels,Ammodytes tobianus,0.0139895445,0.7915447354316711
GS_AD_SH_090517_SCH_+500µm_015.jpg,28,Sandeels,Ammodytes tobianus,0.00018558248,0.9042263031005859
GS_AD_SH_090517_SCH_+500µm_015.jpg,29,Clupeids,Clupea harengus,0.83824015,0.7333559989929199
GS_AD_SH_090517_SCH_+500µm_015.jpg,30,Sandeels,Ammodytes tobianus,0.14051597,0.8436839580535889
GS_AD_SH_090517_SCH_+500µm_015.jpg,31,Clupeids,Clupea harengus,0.54840076,0.6267701387405396
GS_AD_SH_090517_SCH_+500µm_015.jpg,32,Sandeels,Ammodytes tobianus,0.3625265,0.8388670682907104
GS_AD_SH_090517_SCH_+500µm_015.jpg,33,Clupeids,Clupea harengus,0.9686394,0.5233175158500671
GS_AD_SH_090517_SCH_+500µm_015.jpg,34,Sandeels,Ammodytes tobianus,0.0016347031,0.734050452709198
GS_AD_SH_090517_SCH_+500µm_015.jpg,35,Clupeids,Sprattus sprattus,0.9877977,0.5917217135429382
GS_AD_SH_090517_SCH_+500µm_015.jpg,36,Sandeels,Ammodytes tobianus,0.0005569758,0.8241531848907471
GS_AD_SH_090517_SCH_+500µm_015.jpg,37,Sandeels,Ammodytes tobianus,0.0042424877,0.7894562482833862
GS_AD_SH_090517_SCH_+500µm_015.jpg,38,Sandeels,Ammodytes tobianus,0.00023158526,0.9047749042510986
GS_AD_SH_090517_SCH_+500µm_015.jpg,39,Sandeels,Hyperoplus lanceolatus,0.018653154,0.7655600309371948
GS_AD_SH_090517_SCH_+500µm_015.jpg,40,Sandeels,Ammodytes tobianus,0.0015632154,0.7736302614212036
GS_AD_SH_090517_SCH_+500µm_015.jpg,41,Sandeels,Ammodytes tobianus,0.0017302022,0.7793709635734558
GS_AD_SH_090517_SCH_+500µm_016.jpg,1,Clupeids,Clupea harengus,0.72191405,0.7556506395339966
GS_AD_SH_090517_SCH_+500µm_016.jpg,2,Clupeids,Clupea harengus,0.99772733,0.49105948209762573
GS_AD_SH_090517_SCH_+500µm_016.jpg,3,Sandeels,Hyperoplus lanceolatus,0.02780327,0.5586550831794739
GS_AD_SH_090517_SCH_+500µm_016.jpg,4,Sandeels,Ammodytes tobianus,0.0018525374,0.7964985370635986
GS_AD_SH_090517_SCH_+500µm_016.jpg,5,Sandeels,Ammodytes tobianus,0.0010381419,0.8706669807434082
GS_AD_SH_090517_SCH_+500µm_016.jpg,6,Sandeels,Ammodytes tobianus,0.002346557,0.8070336580276489
GS_AD_SH_090517_SCH_+500µm_016.jpg,7,Sandeels,Ammodytes tobianus,0.4108775,0.5328114628791809
GS_AD_SH_090517_SCH_+500µm_016.jpg,8,Clupeids,Alosa fallax,0.5120664,0.49624189734458923
GS_AD_SH_090517_SCH_+500µm_016.jpg,9,Sandeels,Hyperoplus lanceolatus,0.013813054,0.8398011326789856
GS_AD_SH_090517_SCH_+500µm_016.jpg,10,Sandeels,Ammodytes tobianus,0.00034425338,0.8621295094490051
GS_AD_SH_090517_SCH_+500µm_016.jpg,11,Sandeels,Ammodytes tobianus,0.0070600132,0.7781739830970764
GS_AD_SH_090517_SCH_+500µm_016.jpg,12,Clupeids,Clupea harengus,0.9292053,0.7321427464485168
GS_AD_SH_090517_SCH_+500µm_016.jpg,13,Clupeids,Clupea harengus,0.95558816,0.6685010194778442
GS_AD_SH_090517_SCH_+500µm_016.jpg,14,Sandeels,Ammodytes tobianus,0.09024707,0.724418580532074
GS_AD_SH_090517_SCH_+500µm_016.jpg,15,Sandeels,Ammodytes tobianus,0.0017730827,0.8059914112091064
GS_AD_SH_090517_SCH_+500µm_016.jpg,16,Sandeels,Ammodytes tobianus,0.0015075735,0.793842077255249
GS_AD_SH_090517_SCH_-500µm_001.jpg,1,Sandeels,Ammodytes tobianus,0.0021486958,0.5138055682182312
GS_AD_SH_090517_SCH_-500µm_001.jpg,2,Sandeels,Ammodytes marinus,0.0059375274,0.5033184885978699
GS_AD_SH_090517_SCH_-500µm_001.jpg,3,Sandeels,Ammodytes tobianus,0.00037358882,0.4114445149898529
GS_AD_SH_090517_SCH_-500µm_001.jpg,4,Sandeels,Ammodytes tobianus,0.00050728227,0.5125368237495422
GS_AD_SH_090517_SCH_-500µm_001.jpg,5,Sandeels,Hyperoplus lanceolatus,0.01073816,0.9125385284423828
GS_AD_SH_090517_SCH_-500µm_001.jpg,6,Sandeels,Hyperoplus lanceolatus,0.0024892408,0.7963022589683533
GS_AD_SH_090517_SCH_-500µm_001.jpg,7,Sandeels,Hyperoplus lanceolatus,0.024666984,0.5219600200653076
GS_AD_SH_090517_SCH_-500µm_001.jpg,8,Sandeels,Hyperoplus lanceolatus,0.017832495,0.550591230392456
GS_AD_SH_090517_SCH_-500µm_001.jpg,9,Sandeels,Hyperoplus lanceolatus,0.022778338,0.7732137441635132
GS_AD_SH_090517_SCH_-500µm_001.jpg,10,Sandeels,Ammodytes marinus,0.0078748735,0.6601299047470093
GS_AD_SH_090517_SCH_-500µm_001.jpg,11,Sandeels,Hyperoplus lanceolatus,0.0014998491,0.727959394454956
GS_AD_SH_090517_SCH_-500µm_001.jpg,12,Sandeels,Hyperoplus lanceolatus,0.013951165,0.6879027485847473
GS_AD_SH_090517_SCH_-500µm_001.jpg,13,Sandeels,Hyperoplus lanceolatus,0.01978929,0.46228423714637756
GS_AD_SH_090517_SCH_-500µm_001.jpg,14,Sandeels,Hyperoplus lanceolatus,0.010122764,0.7219582200050354
GS_AD_SH_090517_SCH_-500µm_001.jpg,15,Sandeels,Hyperoplus lanceolatus,0.0085630575,0.6569991707801819
GS_AD_SH_090517_SCH_-500µm_001.jpg,16,Sandeels,Hyperoplus lanceolatus,0.0020185893,0.7204567790031433
GS_AD_SH_090517_SCH_-500µm_001.jpg,17,Sandeels,Ammodytes tobianus,0.000939677,0.5686804056167603
GS_AD_SH_090517_SCH_-500µm_001.jpg,18,Sandeels,Hyperoplus lanceolatus,0.012144276,0.7870866060256958
GS_AD_SH_090517_SCH_-500µm_001.jpg,19,Sandeels,Ammodytes marinus,0.030891424,0.3460211157798767
GS_AD_SH_090517_SCH_-500µm_001.jpg,20,Sandeels,Ammodytes marinus,0.006963284,0.5249654054641724
GS_AD_SH_090517_SCH_-500µm_001.jpg,21,Sandeels,Hyperoplus lanceolatus,0.0065851407,0.7877634763717651
GS_AD_SH_090517_SCH_-500µm_001.jpg,22,Sandeels,Hyperoplus lanceolatus,0.19701548,0.6721265912055969
GS_AD_SH_090517_SCH_-500µm_001.jpg,23,Sandeels,Hyperoplus lanceolatus,0.01140266,0.49075955152511597
GS_AD_SH_090517_SCH_-500µm_001.jpg,24,Sandeels,Hyperoplus lanceolatus,0.01713355,0.7965086698532104
GS_AD_SH_090517_SCH_-500µm_001.jpg,25,Sandeels,Ammodytes tobianus,0.00042796705,0.47629550099372864
GS_AD_SH_090517_SCH_-500µm_001.jpg,26,Sandeels,Ammodytes marinus,0.000521345,0.5457725524902344
GS_AD_SH_090517_SCH_-500µm_001.jpg,27,Sandeels,Hyperoplus lanceolatus,0.013734186,0.8730600476264954
GS_AD_SH_090517_SCH_-500µm_001.jpg,28,Sandeels,Hyperoplus lanceolatus,0.011833762,0.8300380110740662
GS_AD_SH_090517_SCH_-500µm_001.jpg,29,Sandeels,Ammodytes tobianus,0.012125201,0.6265762448310852
GS_AD_SH_090517_SCH_-500µm_001.jpg,30,Sandeels,Hyperoplus lanceolatus,0.038587857,0.6460978388786316
GS_AD_SH_090517_SCH_-500µm_002.jpg,1,Clupeids,Sprattus sprattus,0.93714625,0.7397400736808777
GS_AD_SH_090517_SCH_-500µm_002.jpg,2,Clupeids,Sprattus sprattus,0.98895615,0.7928332686424255
GS_AD_SH_090517_SCH_-500µm_002.jpg,3,Sandeels,Ammodytes tobianus,0.00216388,0.7441796064376831
GS_AD_SH_090517_SCH_-500µm_002.jpg,4,Clupeids,Clupea harengus,0.94292384,0.7928848266601562
GS_AD_SH_090517_SCH_-500µm_002.jpg,5,Clupeids,Sprattus sprattus,0.62100285,0.548026978969574
GS_AD_SH_090517_SCH_-500µm_002.jpg,6,Clupeids,Sprattus sprattus,0.8335466,0.47526565194129944
GS_AD_SH_090517_SCH_-500µm_002.jpg,7,Clupeids,Sprattus sprattus,0.8036142,0.5639342069625854
GS_AD_SH_090517_SCH_-500µm_002.jpg,8,Sandeels,Ammodytes tobianus,0.11997084,0.8539873361587524
GS_AD_SH_090517_SCH_-500µm_002.jpg,9,Sandeels,Ammodytes tobianus,0.26229006,0.7414144277572632
GS_AD_SH_090517_SCH_-500µm_002.jpg,10,Sandeels,Ammodytes tobianus,0.011905595,0.7923260927200317
GS_AD_SH_090517_SCH_-500µm_002.jpg,11,Clupeids,Sprattus sprattus,0.576177,0.4754190146923065
GS_AD_SH_090517_SCH_-500µm_002.jpg,12,Sandeels,Ammodytes tobianus,0.3236521,0.8289543986320496
GS_AD_SH_090517_SCH_-500µm_002.jpg,13,Clupeids,Sprattus sprattus,0.51172006,0.5610342025756836
GS_AD_SH_090517_SCH_-500µm_002.jpg,14,Clupeids,Sprattus sprattus,0.76268476,0.5083968639373779
GS_AD_SH_090517_SCH_-500µm_002.jpg,15,Clupeids,Clupea harengus,0.9985551,0.5037861466407776
GS_AD_SH_090517_SCH_-500µm_002.jpg,16,Clupeids,Sprattus sprattus,0.674185,0.5765169858932495
GS_AD_SH_090517_SCH_-500µm_002.jpg,17,Clupeids,Sprattus sprattus,0.97750664,0.7466397285461426
GS_AD_SH_090517_SCH_-500µm_002.jpg,18,Clupeids,Clupea harengus,0.9966325,0.7218241691589355
GS_AD_SH_090517_SCH_-500µm_002.jpg,19,Clupeids,Sprattus sprattus,0.9033486,0.6547188758850098
GS_AD_SH_090517_SCH_-500µm_002.jpg,20,Clupeids,Clupea harengus,0.8816618,0.6676561832427979
GS_AD_SH_090517_SCH_-500µm_002.jpg,21,Clupeids,Sprattus sprattus,0.9967127,0.5281925201416016
GS_AD_SH_090517_SCH_-500µm_002.jpg,22,Clupeids,Sprattus sprattus,0.9792627,0.6255242824554443
GS_AD_SH_090517_SCH_-500µm_002.jpg,23,Clupeids,Sprattus sprattus,0.97878224,0.6043103337287903
GS_AD_SH_090517_SCH_-500µm_002.jpg,24,Clupeids,Clupea harengus,0.97488225,0.6555539965629578
GS_AD_SH_090517_SCH_-500µm_002.jpg,25,Clupeids,Clupea harengus,0.9353786,0.4397299289703369
GS_AD_SH_090517_SCH_-500µm_002.jpg,26,Clupeids,Sprattus sprattus,0.8255734,0.5444061756134033
GS_AD_SH_090517_SCH_-500µm_002.jpg,27,Clupeids,Sprattus sprattus,0.51315325,0.6110659241676331
GS_AD_SH_090517_SCH_-500µm_002.jpg,28,Clupeids,Clupea harengus,0.89051723,0.5514504313468933
GS_AD_SH_090517_SCH_-500µm_002.jpg,29,Clupeids,Sprattus sprattus,0.93304986,0.6039095520973206
GS_AD_SH_090517_SCH_-500µm_002.jpg,30,Clupeids,Clupea harengus,0.9542291,0.5712408423423767
GS_AD_SH_090517_SCH_-500µm_002.jpg,31,Clupeids,Clupea harengus,0.7705536,0.47915899753570557
GS_AD_SH_090517_SCH_-500µm_002.jpg,32,Clupeids,Clupea harengus,0.8461641,0.4272080659866333
GS_AD_SH_090517_SCH_-500µm_002.jpg,33,Sandeels,Ammodytes tobianus,0.494187,0.8174617886543274
GS_AD_SH_090517_SCH_-500µm_002.jpg,34,Clupeids,Sprattus sprattus,0.99709606,0.6027441620826721
GS_AD_SH_090517_SCH_-500µm_002.jpg,35,Clupeids,Sprattus sprattus,0.99491656,0.595712423324585
GS_AD_SH_090517_SCH_-500µm_002.jpg,36,Sandeels,Ammodytes tobianus,0.1614957,0.7967469096183777
GS_AD_SH_090517_SCH_-500µm_002.jpg,37,Clupeids,Clupea harengus,0.9475925,0.735670268535614
GS_AD_SH_090517_SCH_-500µm_002.jpg,38,Sandeels,Ammodytes tobianus,0.43123898,0.8109312057495117
GS_AD_SH_090517_SCH_-500µm_002.jpg,39,Sandeels,Ammodytes tobianus,0.27130127,0.8232780694961548
GS_AD_SH_090517_SCH_-500µm_002.jpg,40,Sandeels,Ammodytes tobianus,0.07366015,0.8270429372787476
GS_AD_SH_090517_SCH_-500µm_002.jpg,41,Clupeids,Sprattus sprattus,0.99364704,0.6697068214416504
GS_AD_SH_090517_SCH_-500µm_002.jpg,42,Clupeids,Clupea harengus,0.91182506,0.38731902837753296
GS_AD_SH_090517_SCH_-500µm_002.jpg,43,Sandeels,Ammodytes tobianus,0.27915758,0.7177931070327759
GS_AD_SH_090517_SCH_-500µm_002.jpg,44,Sandeels,Ammodytes tobianus,0.23276669,0.8587121367454529
GS_AD_SH_090517_SCH_-500µm_002.jpg,45,Clupeids,Clupea harengus,0.8223108,0.608135461807251
GS_AD_SH_090517_SCH_-500µm_002.jpg,46,Clupeids,Clupea harengus,0.99154437,0.8669267892837524
GS_AD_SH_090517_SCH_-500µm_002.jpg,47,Sandeels,Ammodytes tobianus,0.049197998,0.8645461201667786
GS_AD_SH_090517_SCH_-500µm_002.jpg,48,Sandeels,Ammodytes tobianus,0.061845932,0.8253358006477356
GS_AD_SH_090517_SCH_-500µm_002.jpg,49,Sandeels,Ammodytes tobianus,0.0341987,0.8587855100631714
GS_AD_SH_090517_SCH_-500µm_002.jpg,50,Clupeids,Clupea harengus,0.9648699,0.7861101627349854
GS_AD_SH_090517_SCH_-500µm_002.jpg,51,Clupeids,Clupea harengus,0.980977,0.7851807475090027
GS_AD_SH_090517_SCH_-500µm_002.jpg,52,Clupeids,Clupea harengus,0.67775816,0.6125883460044861
GS_AD_SH_090517_SCH_-500µm_002.jpg,53,Sandeels,Ammodytes tobianus,0.40301,0.8604338765144348
GS_AD_SH_090517_SCH_-500µm_002.jpg,54,Sandeels,Ammodytes tobianus,0.020471254,0.8504965901374817
GS_AD_SH_090517_SCH_-500µm_002.jpg,55,Sandeels,Ammodytes tobianus,0.17351738,0.8165816068649292
GS_AD_SH_090517_SCH_-500µm_002.jpg,56,Sandeels,Ammodytes tobianus,0.49058837,0.7637884616851807
GS_AD_SH_090517_SCH_-500µm_002.jpg,57,Sandeels,Ammodytes tobianus,0.44345868,0.722729504108429
GS_AD_SH_090517_SCH_-500µm_002.jpg,58,Clupeids,Clupea harengus,0.72858226,0.5097530484199524
GS_AD_SH_090517_SCH_-500µm_002.jpg,59,Sandeels,Ammodytes tobianus,0.3374024,0.896212100982666
GS_AD_SH_090517_SCH_-500µm_002.jpg,60,Clupeids,Clupea harengus,0.96579397,0.7050861120223999
GS_AD_SH_090517_SCH_-500µm_002.jpg,61,Clupeids,Sprattus sprattus,0.81411874,0.5419135093688965
GS_AD_SH_090517_SCH_-500µm_002.jpg,62,Clupeids,Sprattus sprattus,0.88379693,0.4728613793849945
GS_AD_SH_090517_SCH_-500µm_002.jpg,63,Sandeels,Ammodytes tobianus,0.08308424,0.7223258018493652
GS_AD_SH_090517_SCH_-500µm_002.jpg,64,Clupeids,Clupea harengus,0.87397367,0.6358970999717712
GS_AD_SH_090517_SCH_-500µm_003.jpg,1,Sandeels,Hyperoplus lanceolatus,0.021786587,0.8064655661582947
GS_AD_SH_090517_SCH_-500µm_003.jpg,2,Clupeids,Sprattus sprattus,0.7661052,0.5001237988471985
GS_AD_SH_090517_SCH_-500µm_003.jpg,3,Clupeids,Clupea harengus,0.91245526,0.41052815318107605
GS_AD_SH_090517_SCH_-500µm_003.jpg,4,Clupeids,Clupea harengus,0.99816495,0.9050540328025818
GS_AD_SH_090517_SCH_-500µm_003.jpg,5,Clupeids,Clupea harengus,0.940146,0.7008275389671326
GS_AD_SH_090517_SCH_-500µm_003.jpg,6,Clupeids,Clupea harengus,0.9205483,0.6023848056793213
GS_AD_SH_090517_SCH_-500µm_003.jpg,7,Clupeids,Clupea harengus,0.85180736,0.6084575057029724
GS_AD_SH_090517_SCH_-500µm_003.jpg,8,Clupeids,Sprattus sprattus,0.9937635,0.734836220741272
GS_AD_SH_090517_SCH_-500µm_003.jpg,9,Sandeels,Ammodytes tobianus,0.01442484,0.8032945394515991
GS_AD_SH_090517_SCH_-500µm_003.jpg,10,Sandeels,Ammodytes tobianus,0.06796435,0.6283895969390869
GS_AD_SH_090517_SCH_-500µm_003.jpg,11,Clupeids,Sprattus sprattus,0.99408615,0.4792090952396393
GS_AD_SH_090517_SCH_-500µm_003.jpg,12,Clupeids,Clupea harengus,0.9191447,0.5974919199943542
GS_AD_SH_090517_SCH_-500µm_003.jpg,13,Clupeids,Sprattus sprattus,0.9993468,0.8398792147636414
GS_AD_SH_090517_SCH_-500µm_003.jpg,14,Clupeids,Sprattus sprattus,0.9338372,0.5077095627784729
GS_AD_SH_090517_SCH_-500µm_003.jpg,15,Clupeids,Sprattus sprattus,0.8617261,0.4312799870967865
GS_AD_SH_090517_SCH_-500µm_003.jpg,16,Clupeids,Clupea harengus,0.821907,0.3958015739917755
GS_AD_SH_090517_SCH_-500µm_003.jpg,17,Clupeids,Clupea harengus,0.8440635,0.4933781027793884
GS_AD_SH_090517_SCH_-500µm_003.jpg,18,Sandeels,Ammodytes tobianus,0.09239764,0.8802259564399719
GS_AD_SH_090517_SCH_-500µm_003.jpg,19,Clupeids,Sprattus sprattus,0.60917056,0.5933137536048889
GS_AD_SH_090517_SCH_-500µm_003.jpg,20,Clupeids,Clupea harengus,0.8588515,0.545458972454071
GS_AD_SH_090517_SCH_-500µm_003.jpg,21,Clupeids,Clupea harengus,0.9639563,0.558646559715271
GS_AD_SH_090517_SCH_-500µm_003.jpg,22,Clupeids,Clupea harengus,0.99173886,0.5268220901489258
GS_AD_SH_090517_SCH_-500µm_003.jpg,23,Clupeids,Clupea harengus,0.53492236,0.5957483053207397
GS_AD_SH_090517_SCH_-500µm_003.jpg,24,Clupeids,Clupea harengus,0.98292035,0.6432427763938904
GS_AD_SH_090517_SCH_-500µm_003.jpg,25,Clupeids,Clupea harengus,0.9978556,0.534890353679657
GS_AD_SH_090517_SCH_-500µm_003.jpg,26,Sandeels,Ammodytes tobianus,0.03857828,0.7937002778053284
GS_AD_SH_090517_SCH_-500µm_003.jpg,27,Clupeids,Clupea harengus,0.99360013,0.39655569195747375
GS_AD_SH_090517_SCH_-500µm_003.jpg,28,Sandeels,Hyperoplus lanceolatus,0.12201118,0.49951833486557007
GS_AD_SH_090517_SCH_-500µm_003.jpg,29,Sandeels,Ammodytes tobianus,0.39268312,0.7843238115310669
GS_AD_SH_090517_SCH_-500µm_003.jpg,30,Clupeids,Clupea harengus,0.9855539,0.8861409425735474
GS_AD_SH_090517_SCH_-500µm_003.jpg,31,Sandeels,Ammodytes tobianus,0.26646253,0.6029680371284485
GS_AD_SH_090517_SCH_-500µm_003.jpg,32,Sandeels,Ammodytes tobianus,0.12859207,0.812294602394104
GS_AD_SH_090517_SCH_-500µm_003.jpg,33,Sandeels,Ammodytes tobianus,0.4088485,0.7097071409225464
GS_AD_SH_090517_SCH_-500µm_003.jpg,34,Sandeels,Ammodytes tobianus,0.013936432,0.8192415833473206
GS_AD_SH_090517_SCH_-500µm_003.jpg,35,Clupeids,Sprattus sprattus,0.5041745,0.5209406614303589
GS_AD_SH_090517_SCH_-500µm_003.jpg,36,Sandeels,Ammodytes tobianus,0.16863285,0.8668623566627502
GS_AD_SH_090517_SCH_-500µm_003.jpg,37,Clupeids,Clupea harengus,0.9923728,0.5053974986076355
GS_AD_SH_090517_SCH_-500µm_003.jpg,38,Clupeids,Clupea harengus,0.80305135,0.5044277906417847
GS_AD_SH_090517_SCH_-500µm_003.jpg,39,Clupeids,Clupea harengus,0.99591905,0.8604925274848938
GS_AD_SH_090517_SCH_-500µm_003.jpg,40,Clupeids,Sprattus sprattus,0.99276936,0.5553985834121704
GS_AD_SH_090517_SCH_-500µm_003.jpg,41,Sandeels,Ammodytes tobianus,0.16698399,0.5252858400344849
GS_AD_SH_090517_SCH_-500µm_003.jpg,42,Clupeids,Clupea harengus,0.98354095,0.7079829573631287
GS_AD_SH_090517_SCH_-500µm_003.jpg,43,Clupeids,Clupea harengus,0.9969406,0.7596239447593689
GS_AD_SH_090517_SCH_-500µm_003.jpg,44,Clupeids,Clupea harengus,0.55984294,0.7375907301902771
GS_AD_SH_090517_SCH_-500µm_003.jpg,45,Clupeids,Clupea harengus,0.97976923,0.7743143439292908
GS_AD_SH_090517_SCH_-500µm_003.jpg,46,Clupeids,Clupea harengus,0.97952384,0.489139586687088
GS_AD_SH_090517_SCH_-500µm_003.jpg,47,Clupeids,Clupea harengus,0.90167415,0.4426783621311188
GS_AD_SH_090517_SCH_-500µm_003.jpg,48,Clupeids,Sprattus sprattus,0.89721024,0.639335572719574
GS_AD_SH_090517_SCH_-500µm_003.jpg,49,Sandeels,Ammodytes tobianus,5.8641905e-05,0.9191981554031372
GS_AD_SH_090517_SCH_-500µm_004.jpg,1,Clupeids,Clupea harengus,0.985672,0.6603570580482483
GS_AD_SH_090517_SCH_-500µm_004.jpg,2,Clupeids,Clupea harengus,0.76220006,0.5810421109199524
GS_AD_SH_090517_SCH_-500µm_004.jpg,3,Clupeids,Clupea harengus,0.98351467,0.6871857047080994
GS_AD_SH_090517_SCH_-500µm_004.jpg,4,Clupeids,Clupea harengus,0.9799156,0.576909601688385
GS_AD_SH_090517_SCH_-500µm_004.jpg,5,Clupeids,Sprattus sprattus,0.8440671,0.35268694162368774
GS_AD_SH_090517_SCH_-500µm_004.jpg,6,Sandeels,Ammodytes tobianus,0.26188743,0.873707115650177
GS_AD_SH_090517_SCH_-500µm_004.jpg,7,Clupeids,Sprattus sprattus,0.66098696,0.4988967776298523
GS_AD_SH_090517_SCH_-500µm_004.jpg,8,Sandeels,Ammodytes tobianus,0.010934992,0.6429266929626465
GS_AD_SH_090517_SCH_-500µm_004.jpg,9,Clupeids,Clupea harengus,0.9974274,0.8515917658805847
GS_AD_SH_090517_SCH_-500µm_004.jpg,10,Clupeids,Clupea harengus,0.96917063,0.6929190754890442
GS_AD_SH_090517_SCH_-500µm_004.jpg,11,Clupeids,Sprattus sprattus,0.9667273,0.6420587301254272
GS_AD_SH_090517_SCH_-500µm_004.jpg,12,Sandeels,Hyperoplus lanceolatus,0.1350817,0.7677231431007385
GS_AD_SH_090517_SCH_-500µm_004.jpg,13,Clupeids,Sprattus sprattus,0.8559231,0.4619459807872772
GS_AD_SH_090517_SCH_-500µm_004.jpg,14,Clupeids,Clupea harengus,0.69839996,0.6781623363494873
GS_AD_SH_090517_SCH_-500µm_004.jpg,15,Sandeels,Ammodytes tobianus,0.44748828,0.8774678111076355
GS_AD_SH_090517_SCH_-500µm_004.jpg,16,Clupeids,Clupea harengus,0.9549716,0.42219480872154236
GS_AD_SH_090517_SCH_-500µm_004.jpg,17,Clupeids,Clupea harengus,0.60598713,0.6186637878417969
GS_AD_SH_090517_SCH_-500µm_004.jpg,18,Clupeids,Clupea harengus,0.96856236,0.6755558252334595
GS_AD_SH_090517_SCH_-500µm_004.jpg,19,Clupeids,Clupea harengus,0.9888221,0.6954891681671143
GS_AD_SH_090517_SCH_-500µm_004.jpg,20,Clupeids,Clupea harengus,0.85673505,0.825630247592926
GS_AD_SH_090517_SCH_-500µm_004.jpg,21,Clupeids,Sprattus sprattus,0.9521542,0.45063361525535583
GS_AD_SH_090517_SCH_-500µm_004.jpg,22,Sandeels,Ammodytes tobianus,0.0019371243,0.7948692440986633
GS_AD_SH_090517_SCH_-500µm_004.jpg,23,Clupeids,Sprattus sprattus,0.9761841,0.6035404205322266
GS_AD_SH_090517_SCH_-500µm_004.jpg,24,Sandeels,Ammodytes tobianus,0.4226028,0.6945253610610962
GS_AD_SH_090517_SCH_-500µm_004.jpg,25,Clupeids,Clupea harengus,0.9167,0.5551526546478271
GS_AD_SH_090517_SCH_-500µm_004.jpg,26,Sandeels,Ammodytes tobianus,0.018338297,0.6246982216835022
GS_AD_SH_090517_SCH_-500µm_004.jpg,27,Clupeids,Clupea harengus,0.960939,0.4357195496559143
GS_AD_SH_090517_SCH_-500µm_004.jpg,28,Sandeels,Ammodytes tobianus,0.00044762553,0.8856881856918335
GS_AD_SH_090517_SCH_-500µm_004.jpg,29,Clupeids,Clupea harengus,0.948424,0.5719894766807556
GS_AD_SH_090517_SCH_-500µm_004.jpg,30,Clupeids,Sprattus sprattus,0.85053957,0.5194629430770874
GS_AD_SH_090517_SCH_-500µm_004.jpg,31,Sandeels,Ammodytes tobianus,0.39688233,0.7447457313537598
GS_AD_SH_090517_SCH_-500µm_004.jpg,32,Clupeids,Clupea harengus,0.73634404,0.5485548377037048
GS_AD_SH_090517_SCH_-500µm_004.jpg,33,Sandeels,Ammodytes tobianus,0.00013055002,0.8966090679168701
GS_AD_SH_090517_SCH_-500µm_004.jpg,34,Clupeids,Sprattus sprattus,0.9895531,0.45178887248039246
GS_AD_SH_090517_SCH_-500µm_004.jpg,35,Clupeids,Sprattus sprattus,0.98625064,0.5075699090957642
GS_AD_SH_090517_SCH_-500µm_004.jpg,36,Sandeels,Ammodytes tobianus,0.40740594,0.7766358256340027
GS_AD_SH_090517_SCH_-500µm_004.jpg,37,Clupeids,Clupea harengus,0.9494186,0.7715812921524048
GS_AD_SH_090517_SCH_-500µm_005.jpg,1,Sandeels,Ammodytes tobianus,0.00051736814,0.8620820045471191
GS_AD_SH_090517_SCH_-500µm_005.jpg,2,Sandeels,Ammodytes tobianus,0.0006221715,0.8472106456756592
GS_AD_SH_090517_SCH_-500µm_005.jpg,3,Clupeids,Clupea harengus,0.99715817,0.7787870168685913
GS_AD_SH_090517_SCH_-500µm_005.jpg,4,Clupeids,Clupea harengus,0.6160348,0.5207294225692749
GS_AD_SH_090517_SCH_-500µm_005.jpg,5,Clupeids,Sprattus sprattus,0.997165,0.5169598460197449
GS_AD_SH_090517_SCH_-500µm_005.jpg,6,Sandeels,Ammodytes tobianus,0.3902684,0.7757213711738586
GS_AD_SH_090517_SCH_-500µm_005.jpg,7,Sandeels,Ammodytes tobianus,0.3106424,0.6483598351478577
GS_AD_SH_090517_SCH_-500µm_005.jpg,8,Clupeids,Sprattus sprattus,0.93768406,0.7776705622673035
GS_AD_SH_090517_SCH_-500µm_005.jpg,9,Sandeels,Ammodytes tobianus,7.4631986e-05,0.9028222560882568
GS_AD_SH_090517_SCH_-500µm_005.jpg,10,Clupeids,Clupea harengus,0.96616,0.7956385612487793
GS_AD_SH_090517_SCH_-500µm_005.jpg,11,Clupeids,Clupea harengus,0.98690355,0.5682867169380188
GS_AD_SH_090517_SCH_-500µm_005.jpg,12,Sandeels,Ammodytes tobianus,0.41292706,0.7294214963912964
GS_AD_SH_090517_SCH_-500µm_005.jpg,13,Clupeids,Clupea harengus,0.88565826,0.46061959862709045
GS_AD_SH_090517_SCH_-500µm_005.jpg,14,Clupeids,Clupea harengus,0.98986137,0.521766185760498
GS_AD_SH_090517_SCH_-500µm_005.jpg,15,Sandeels,Ammodytes tobianus,0.003406322,0.765974223613739
GS_AD_SH_090517_SCH_-500µm_005.jpg,16,Sandeels,Ammodytes tobianus,0.013866002,0.8495358228683472
GS_AD_SH_090517_SCH_-500µm_005.jpg,17,Clupeids,Clupea harengus,0.96738404,0.791011393070221
GS_AD_SH_090517_SCH_-500µm_005.jpg,18,Clupeids,Sprattus sprattus,0.83057183,0.4235117733478546
GS_AD_SH_090517_SCH_-500µm_005.jpg,19,Clupeids,Clupea harengus,0.99740016,0.7680158019065857
GS_AD_SH_090517_SCH_-500µm_005.jpg,20,Clupeids,Sprattus sprattus,0.99120086,0.5315402150154114
GS_AD_SH_090517_SCH_-500µm_005.jpg,21,Sandeels,Ammodytes tobianus,0.00050895195,0.8694651126861572
GS_AD_SH_090517_SCH_-500µm_005.jpg,22,Clupeids,Sprattus sprattus,0.99167484,0.7725265622138977
GS_AD_SH_090517_SCH_-500µm_005.jpg,23,Sandeels,Ammodytes tobianus,0.00041660605,0.8649576902389526
GS_AD_SH_090517_SCH_-500µm_005.jpg,24,Clupeids,Clupea harengus,0.54579216,0.702217698097229
GS_AD_SH_090517_SCH_-500µm_005.jpg,25,Clupeids,Clupea harengus,0.9588245,0.7177426815032959
GS_AD_SH_090517_SCH_-500µm_005.jpg,26,Clupeids,Clupea harengus,0.9957302,0.8592829704284668
GS_AD_SH_090517_SCH_-500µm_005.jpg,27,Clupeids,Clupea harengus,0.859995,0.6133068203926086
GS_AD_SH_090517_SCH_-500µm_005.jpg,28,Sandeels,Ammodytes tobianus,0.02269228,0.7311533689498901
GS_AD_SH_090517_SCH_-500µm_005.jpg,29,Sandeels,Ammodytes tobianus,0.0005713187,0.8426082134246826
GS_AD_SH_090517_SCH_-500µm_005.jpg,30,Sandeels,Ammodytes tobianus,0.00052444584,0.8265645503997803
GS_AD_SH_090517_SCH_-500µm_005.jpg,31,Sandeels,Ammodytes tobianus,0.000770769,0.8469871282577515
GS_AD_SH_090517_SCH_-500µm_005.jpg,32,Sandeels,Ammodytes tobianus,0.00048978475,0.8282031416893005
GS_AD_SH_090517_SCH_-500µm_006.jpg,1,Sandeels,Ammodytes tobianus,0.005360855,0.7823622226715088
GS_AD_SH_090517_SCH_-500µm_006.jpg,2,Sandeels,Ammodytes marinus,0.03451541,0.41248685121536255
GS_AD_SH_090517_SCH_-500µm_006.jpg,3,Sandeels,Ammodytes tobianus,0.30156556,0.8244249820709229
GS_AD_SH_090517_SCH_-500µm_006.jpg,4,Sandeels,Ammodytes tobianus,0.36093113,0.5311797261238098
GS_AD_SH_090517_SCH_-500µm_006.jpg,5,Sandeels,Ammodytes tobianus,0.2884209,0.7691291570663452
GS_AD_SH_090517_SCH_-500µm_006.jpg,6,Sandeels,Ammodytes tobianus,0.14916694,0.8204542398452759
GS_AD_SH_090517_SCH_-500µm_006.jpg,7,Clupeids,Sprattus sprattus,0.5087017,0.4740838408470154
GS_AD_SH_090517_SCH_-500µm_006.jpg,8,Clupeids,Clupea harengus,0.66745883,0.5181265473365784
GS_AD_SH_090517_SCH_-500µm_006.jpg,9,Sandeels,Ammodytes tobianus,0.13822621,0.7825213074684143
GS_AD_SH_090517_SCH_-500µm_006.jpg,10,Clupeids,Clupea harengus,0.743805,0.5365121364593506
GS_AD_SH_090517_SCH_-500µm_006.jpg,11,Clupeids,Clupea harengus,0.9280914,0.5904331803321838
GS_AD_SH_090517_SCH_-500µm_006.jpg,12,Sandeels,Ammodytes tobianus,0.026618604,0.7840129733085632
GS_AD_SH_090517_SCH_-500µm_006.jpg,13,Clupeids,Clupea harengus,0.6384879,0.8419877886772156
GS_AD_SH_090517_SCH_-500µm_006.jpg,14,Clupeids,Sprattus sprattus,0.99798834,0.7803627252578735
GS_AD_SH_090517_SCH_-500µm_006.jpg,15,Clupeids,Clupea harengus,0.7577807,0.44131624698638916
GS_AD_SH_090517_SCH_-500µm_006.jpg,16,Clupeids,Clupea harengus,0.67746466,0.7642877101898193
GS_AD_SH_090517_SCH_-500µm_006.jpg,17,Clupeids,Sprattus sprattus,0.5461142,0.474323570728302
GS_AD_SH_090517_SCH_-500µm_006.jpg,18,Clupeids,Clupea harengus,0.78114444,0.6284945011138916
GS_AD_SH_090517_SCH_-500µm_006.jpg,19,Clupeids,Sprattus sprattus,0.8857442,0.526054859161377
GS_AD_SH_090517_SCH_-500µm_006.jpg,20,Sandeels,Ammodytes tobianus,0.018293593,0.8078111410140991
GS_AD_SH_090517_SCH_-500µm_006.jpg,21,Clupeids,Clupea harengus,0.98990697,0.37742879986763
GS_AD_SH_090517_SCH_-500µm_006.jpg,22,Clupeids,Clupea harengus,0.6665306,0.4945495128631592
GS_AD_SH_090517_SCH_-500µm_006.jpg,23,Sandeels,Ammodytes tobianus,0.27084112,0.7555078268051147
GS_AD_SH_090517_SCH_-500µm_006.jpg,24,Sandeels,Ammodytes tobianus,0.25525618,0.7820175886154175
GS_AD_SH_090517_SCH_-500µm_006.jpg,25,Sandeels,Ammodytes tobianus,0.24735105,0.7735781073570251
GS_AD_SH_090517_SCH_-500µm_006.jpg,26,Sandeels,Ammodytes tobianus,0.0005824838,0.8920130729675293
GS_AD_SH_090517_SCH_-500µm_006.jpg,27,Sandeels,Ammodytes tobianus,0.0009835932,0.8035069704055786
GS_AD_SH_090517_SCH_-500µm_007.jpg,1,Sandeels,Ammodytes tobianus,0.00033233422,0.8745667338371277
GS_AD_SH_090517_SCH_-500µm_007.jpg,2,Sandeels,Ammodytes tobianus,0.0752287,0.6751390695571899
GS_AD_SH_090517_SCH_-500µm_007.jpg,3,Clupeids,Sprattus sprattus,0.7166974,0.5568059086799622
GS_AD_SH_090517_SCH_-500µm_007.jpg,4,Clupeids,Sprattus sprattus,0.85629874,0.46512988209724426
GS_AD_SH_090517_SCH_-500µm_007.jpg,5,Sandeels,Ammodytes tobianus,0.02018446,0.7247085571289062
GS_AD_SH_090517_SCH_-500µm_007.jpg,6,Sandeels,Ammodytes tobianus,0.10686608,0.7919638156890869
GS_AD_SH_090517_SCH_-500µm_007.jpg,7,Sandeels,Ammodytes tobianus,0.0011003294,0.872147798538208
GS_AD_SH_090517_SCH_-500µm_007.jpg,8,Clupeids,Clupea harengus,0.99398094,0.6159940361976624
GS_AD_SH_090517_SCH_-500µm_007.jpg,9,Sandeels,Ammodytes tobianus,0.022074651,0.804674506187439
GS_AD_SH_090517_SCH_-500µm_007.jpg,10,Sandeels,Ammodytes tobianus,0.0017755124,0.8099097609519958
GS_AD_SH_090517_SCH_-500µm_007.jpg,11,Clupeids,Alosa fallax,0.89479095,0.5265683531761169
GS_AD_SH_090517_SCH_-500µm_007.jpg,12,Clupeids,Clupea harengus,0.823918,0.6061313152313232
GS_AD_SH_090517_SCH_-500µm_007.jpg,13,Clupeids,Clupea harengus,0.8533843,0.6784513592720032
GS_AD_SH_090517_SCH_-500µm_007.jpg,14,Clupeids,Clupea harengus,0.9963999,0.7907488942146301
GS_AD_SH_090517_SCH_-500µm_007.jpg,15,Clupeids,Sprattus sprattus,0.99592674,0.4595829248428345
GS_AD_SH_090517_SCH_-500µm_007.jpg,16,Sandeels,Ammodytes tobianus,0.08454749,0.6321666836738586
GS_AD_SH_090517_SCH_-500µm_007.jpg,17,Clupeids,Clupea harengus,0.9469566,0.5002449154853821
GS_AD_SH_090517_SCH_-500µm_007.jpg,18,Sandeels,Ammodytes tobianus,0.44564995,0.6667197346687317
GS_AD_SH_090517_SCH_-500µm_007.jpg,19,Clupeids,Clupea harengus,0.6004364,0.467376172542572
GS_AD_SH_090517_SCH_-500µm_007.jpg,20,Clupeids,Sprattus sprattus,0.9528308,0.5934690833091736
GS_AD_SH_090517_SCH_-500µm_007.jpg,21,Clupeids,Clupea harengus,0.96634275,0.772826075553894
GS_AD_SH_090517_SCH_-500µm_007.jpg,22,Clupeids,Clupea harengus,0.75956154,0.38592448830604553
GS_AD_SH_090517_SCH_-500µm_007.jpg,23,Clupeids,Clupea harengus,0.9935446,0.8090845346450806
GS_AD_SH_090517_SCH_-500µm_007.jpg,24,Sandeels,Ammodytes tobianus,0.00032151377,0.8603397607803345
GS_AD_SH_090517_SCH_-500µm_007.jpg,25,Sandeels,Ammodytes tobianus,0.12639081,0.8824177980422974
GS_AD_SH_090517_SCH_-500µm_007.jpg,26,Sandeels,Ammodytes tobianus,0.00037293267,0.915580689907074
GS_AD_SH_090517_SCH_-500µm_007.jpg,27,Sandeels,Hyperoplus lanceolatus,0.39531392,0.45875054597854614
GS_AD_SH_090517_SCH_-500µm_007.jpg,28,Sandeels,Ammodytes tobianus,0.18190473,0.7482654452323914
GS_AD_SH_090517_SCH_-500µm_007.jpg,29,Sandeels,Ammodytes tobianus,0.07480997,0.8285599946975708
GS_AD_SH_090517_SCH_-500µm_007.jpg,30,Sandeels,Ammodytes marinus,0.32486755,0.5818642973899841
GS_AD_SH_090517_SCH_-500µm_007.jpg,31,Clupeids,Clupea harengus,0.89083666,0.5500791072845459
GS_AD_SH_090517_SCH_-500µm_007.jpg,32,Clupeids,Clupea harengus,0.9910746,0.5546180009841919
GS_AD_SH_090517_SCH_-500µm_007.jpg,33,Clupeids,Clupea harengus,0.98809975,0.7922835350036621
GS_AD_SH_090517_SCH_-500µm_007.jpg,34,Sandeels,Ammodytes marinus,0.16244708,0.5688441395759583
GS_AD_SH_090517_SCH_-500µm_007.jpg,35,Clupeids,Sprattus sprattus,0.99306124,0.7102500796318054
GS_AD_SH_090517_SCH_-500µm_007.jpg,36,Sandeels,Ammodytes tobianus,0.009008123,0.8155292272567749
GS_AD_SH_090517_SCH_-500µm_007.jpg,37,Sandeels,Ammodytes tobianus,0.0024759043,0.849562406539917
GS_AD_SH_090517_SCH_-500µm_007.jpg,38,Sandeels,Ammodytes tobianus,0.00056438096,0.8714388608932495
GS_AD_SH_090517_SCH_-500µm_008.jpg,1,Sandeels,Ammodytes tobianus,0.0030524766,0.7776460647583008
GS_AD_SH_090517_SCH_-500µm_008.jpg,2,Clupeids,Clupea harengus,0.99684626,0.5306409597396851
GS_AD_SH_090517_SCH_-500µm_008.jpg,3,Clupeids,Sprattus sprattus,0.8371897,0.3657507002353668
GS_AD_SH_090517_SCH_-500µm_008.jpg,4,Sandeels,Ammodytes tobianus,0.46883208,0.8643539547920227
GS_AD_SH_090517_SCH_-500µm_008.jpg,5,Clupeids,Clupea harengus,0.9920535,0.6776384711265564
GS_AD_SH_090517_SCH_-500µm_008.jpg,6,Clupeids,Clupea harengus,0.9878104,0.7070631384849548
GS_AD_SH_090517_SCH_-500µm_008.jpg,7,Clupeids,Clupea harengus,0.82195836,0.42670711874961853
GS_AD_SH_090517_SCH_-500µm_008.jpg,8,Sandeels,Ammodytes tobianus,0.0019090127,0.8221235275268555
GS_AD_SH_090517_SCH_-500µm_008.jpg,9,Clupeids,Clupea harengus,0.98978746,0.46874678134918213
GS_AD_SH_090517_SCH_-500µm_008.jpg,10,Clupeids,Clupea harengus,0.99479276,0.8823570013046265
GS_AD_SH_090517_SCH_-500µm_008.jpg,11,Clupeids,Clupea harengus,0.96176726,0.6994893550872803
GS_AD_SH_090517_SCH_-500µm_008.jpg,12,Clupeids,Clupea harengus,0.93907285,0.7831748127937317
GS_AD_SH_090517_SCH_-500µm_008.jpg,13,Clupeids,Clupea harengus,0.9984421,0.7615359425544739
GS_AD_SH_090517_SCH_-500µm_008.jpg,14,Sandeels,Ammodytes tobianus,0.18022355,0.8750040531158447
GS_AD_SH_090517_SCH_-500µm_008.jpg,15,Sandeels,Ammodytes tobianus,0.31950447,0.5017118453979492
GS_AD_SH_090517_SCH_-500µm_008.jpg,16,Clupeids,Clupea harengus,0.945799,0.6072601675987244
GS_AD_SH_090517_SCH_-500µm_008.jpg,17,Clupeids,Sprattus sprattus,0.9864392,0.5171123147010803
GS_AD_SH_090517_SCH_-500µm_008.jpg,18,Clupeids,Clupea harengus,0.5300312,0.5628548264503479
GS_AD_SH_090517_SCH_-500µm_008.jpg,19,Clupeids,Sprattus sprattus,0.96850276,0.48917528986930847
GS_AD_SH_090517_SCH_-500µm_008.jpg,20,Clupeids,Clupea harengus,0.530144,0.6687716841697693
GS_AD_SH_090517_SCH_-500µm_008.jpg,21,Clupeids,Sprattus sprattus,0.91430384,0.7093427181243896
GS_AD_SH_090517_SCH_-500µm_008.jpg,22,Clupeids,Clupea harengus,0.8536937,0.5473663806915283
GS_AD_SH_090517_SCH_-500µm_008.jpg,23,Clupeids,Clupea harengus,0.7586918,0.7202879786491394
GS_AD_SH_090517_SCH_-500µm_008.jpg,24,Clupeids,Clupea harengus,0.92298114,0.8109050989151001
GS_AD_SH_090517_SCH_-500µm_008.jpg,25,Clupeids,Clupea harengus,0.6070168,0.4292568564414978
GS_AD_SH_090517_SCH_-500µm_008.jpg,26,Clupeids,Sprattus sprattus,0.8541136,0.5901745557785034
GS_AD_SH_090517_SCH_-500µm_008.jpg,27,Clupeids,Sprattus sprattus,0.99680316,0.5400305390357971
GS_AD_SH_090517_SCH_-500µm_008.jpg,28,Clupeids,Clupea harengus,0.9992318,0.6564602851867676
GS_AD_SH_090517_SCH_-500µm_008.jpg,29,Clupeids,Clupea harengus,0.89181983,0.7369624972343445
GS_AD_SH_090517_SCH_-500µm_008.jpg,30,Clupeids,Clupea harengus,0.8323273,0.715745747089386
GS_AD_SH_090517_SCH_-500µm_008.jpg,31,Clupeids,Clupea harengus,0.83408964,0.7405487298965454
GS_AD_SH_090517_SCH_-500µm_008.jpg,32,Clupeids,Clupea harengus,0.9341036,0.4810982942581177
GS_AD_SH_090517_SCH_-500µm_008.jpg,33,Sandeels,Ammodytes tobianus,0.0011080507,0.8273747563362122
GS_AD_SH_090517_SCH_-500µm_008.jpg,34,Clupeids,Clupea harengus,0.9401167,0.7666881084442139
GS_AD_SH_090517_SCH_-500µm_008.jpg,35,Sandeels,Ammodytes tobianus,0.0075486912,0.820487916469574
GS_AD_SH_090517_SCH_-500µm_009.jpg,1,Sandeels,Ammodytes tobianus,0.0019600387,0.8041869401931763
GS_AD_SH_090517_SCH_-500µm_009.jpg,2,Clupeids,Clupea harengus,0.9731275,0.7924563884735107
GS_AD_SH_090517_SCH_-500µm_009.jpg,3,Sandeels,Ammodytes tobianus,0.39090216,0.5272275805473328
GS_AD_SH_090517_SCH_-500µm_009.jpg,4,Clupeids,Clupea harengus,0.9789667,0.8316458463668823
GS_AD_SH_090517_SCH_-500µm_009.jpg,5,Clupeids,Clupea harengus,0.53304935,0.6203932762145996
GS_AD_SH_090517_SCH_-500µm_009.jpg,6,Sandeels,Ammodytes tobianus,0.01630315,0.8035103678703308
GS_AD_SH_090517_SCH_-500µm_009.jpg,7,Clupeids,Sprattus sprattus,0.73002076,0.49483463168144226
GS_AD_SH_090517_SCH_-500µm_009.jpg,8,Clupeids,Sprattus sprattus,0.94950455,0.47276052832603455
GS_AD_SH_090517_SCH_-500µm_009.jpg,9,Clupeids,Clupea harengus,0.8866386,0.8461573719978333
GS_AD_SH_090517_SCH_-500µm_009.jpg,10,Clupeids,Alosa fallax,0.9899478,0.45812341570854187
GS_AD_SH_090517_SCH_-500µm_009.jpg,11,Clupeids,Clupea harengus,0.9119756,0.6844102144241333
GS_AD_SH_090517_SCH_-500µm_009.jpg,12,Sandeels,Ammodytes tobianus,0.10477601,0.7097505927085876
GS_AD_SH_090517_SCH_-500µm_009.jpg,13,Sandeels,Ammodytes tobianus,0.39334944,0.7997222542762756
GS_AD_SH_090517_SCH_-500µm_009.jpg,14,Clupeids,Sprattus sprattus,0.99805105,0.7831628918647766
GS_AD_SH_090517_SCH_-500µm_009.jpg,15,Sandeels,Ammodytes tobianus,0.06408185,0.8068830370903015
GS_AD_SH_090517_SCH_-500µm_009.jpg,16,Sandeels,Ammodytes tobianus,0.037487354,0.8887151479721069
GS_AD_SH_090517_SCH_-500µm_009.jpg,17,Clupeids,Clupea harengus,0.610278,0.593386709690094
GS_AD_SH_090517_SCH_-500µm_009.jpg,18,Clupeids,Clupea harengus,0.81556636,0.6345122456550598
GS_AD_SH_090517_SCH_-500µm_009.jpg,19,Clupeids,Clupea harengus,0.8450409,0.87733393907547
GS_AD_SH_090517_SCH_-500µm_009.jpg,20,Clupeids,Alosa fallax,0.94775075,0.5541831851005554
GS_AD_SH_090517_SCH_-500µm_009.jpg,21,Clupeids,Sprattus sprattus,0.9933209,0.7473698854446411
GS_AD_SH_090517_SCH_-500µm_009.jpg,22,Clupeids,Clupea harengus,0.91795886,0.586204469203949
GS_AD_SH_090517_SCH_-500µm_009.jpg,23,Clupeids,Clupea harengus,0.54997444,0.8065272569656372
GS_AD_SH_090517_SCH_-500µm_009.jpg,24,Clupeids,Clupea harengus,0.63903385,0.848929762840271
GS_AD_SH_090517_SCH_-500µm_009.jpg,25,Clupeids,Clupea harengus,0.9571559,0.6501619815826416
GS_AD_SH_090517_SCH_-500µm_009.jpg,26,Sandeels,Ammodytes tobianus,0.046955388,0.7325764298439026
GS_AD_SH_090517_SCH_-500µm_009.jpg,27,Clupeids,Clupea harengus,0.7635799,0.5395392179489136
GS_AD_SH_090517_SCH_-500µm_009.jpg,28,Sandeels,Ammodytes tobianus,0.03131165,0.8639084696769714
GS_AD_SH_090517_SCH_-500µm_009.jpg,29,Sandeels,Ammodytes tobianus,0.00015531982,0.8929639458656311
GS_AD_SH_090517_SCH_-500µm_009.jpg,30,Clupeids,Sprattus sprattus,0.9966518,0.7321937084197998
GS_AD_SH_090517_SCH_-500µm_009.jpg,31,Clupeids,Clupea harengus,0.99785334,0.8648810982704163
GS_AD_SH_090517_SCH_-500µm_009.jpg,32,Clupeids,Clupea harengus,0.9083825,0.7931126952171326
GS_AD_SH_090517_SCH_-500µm_009.jpg,33,Clupeids,Clupea harengus,0.8104599,0.8151967525482178
GS_AD_SH_090517_SCH_-500µm_009.jpg,34,Sandeels,Ammodytes tobianus,0.00031069136,0.8541626334190369
GS_AD_SH_090517_SCH_-500µm_009.jpg,35,Clupeids,Clupea harengus,0.62827575,0.49687233567237854
GS_AD_SH_090517_SCH_-500µm_009.jpg,36,Sandeels,Ammodytes tobianus,0.00013319615,0.8970919251441956
GS_AD_SH_090517_SCH_-500µm_009.jpg,37,Sandeels,Ammodytes tobianus,0.0005234131,0.8551065325737
GS_AD_SH_090517_SCH_-500µm_009.jpg,38,Clupeids,Clupea harengus,0.80798244,0.7930833697319031
GS_AD_SH_090517_SCH_-500µm_009.jpg,39,Sandeels,Ammodytes tobianus,0.00012955829,0.896726667881012
GS_AD_SH_090517_SCH_-500µm_009.jpg,40,Sandeels,Ammodytes tobianus,0.0008898341,0.8140549063682556
GS_AD_SH_090517_SCH_-500µm_010.jpg,1,Sandeels,Ammodytes tobianus,0.0049546417,0.7046140432357788
GS_AD_SH_090517_SCH_-500µm_010.jpg,2,Sandeels,Hyperoplus lanceolatus,0.001091634,0.39441490173339844
GS_AD_SH_090517_SCH_-500µm_010.jpg,3,Sandeels,Hyperoplus lanceolatus,0.023137994,0.48481038212776184
GS_AD_SH_090517_SCH_-500µm_010.jpg,4,Sandeels,Ammodytes tobianus,0.0010199765,0.8739860653877258
GS_AD_SH_090517_SCH_-500µm_010.jpg,5,Sandeels,Ammodytes tobianus,0.24202564,0.48857375979423523
GS_AD_SH_090517_SCH_-500µm_010.jpg,6,Sandeels,Ammodytes tobianus,0.00043495855,0.8808543682098389
GS_AD_SH_090517_SCH_-500µm_010.jpg,7,Sandeels,Ammodytes tobianus,0.019243885,0.7971743941307068
GS_AD_SH_090517_SCH_-500µm_010.jpg,8,Sandeels,Ammodytes tobianus,0.07067061,0.6790891289710999
GS_AD_SH_090517_SCH_-500µm_010.jpg,9,Sandeels,Ammodytes tobianus,0.019805936,0.780295193195343
GS_AD_SH_090517_SCH_-500µm_010.jpg,10,Clupeids,Sprattus sprattus,0.66915035,0.4771496653556824
GS_AD_SH_090517_SCH_-500µm_010.jpg,11,Sandeels,Ammodytes tobianus,0.00053438946,0.8376029133796692
GS_AD_SH_090517_SCH_-500µm_010.jpg,12,Sandeels,Ammodytes tobianus,0.026010571,0.5914950966835022
GS_AD_SH_090517_SCH_-500µm_010.jpg,13,Sandeels,Ammodytes tobianus,0.00019662011,0.8993583917617798
GS_AD_SH_090517_SCH_-500µm_010.jpg,14,Sandeels,Ammodytes tobianus,0.0008107102,0.8173185586929321
GS_AD_SH_090517_SCH_-500µm_010.jpg,15,Sandeels,Ammodytes tobianus,0.0010465033,0.8085356950759888
GS_AD_SH_090517_SCH_-500µm_011.jpg,1,Clupeids,Clupea harengus,0.9907707,0.6028109192848206
GS_AD_SH_090517_SCH_-500µm_011.jpg,2,Clupeids,Sprattus sprattus,0.9556806,0.4727555215358734
GS_AD_SH_090517_SCH_-500µm_011.jpg,3,Clupeids,Sprattus sprattus,0.9794151,0.745136559009552
GS_AD_SH_090517_SCH_-500µm_011.jpg,4,Clupeids,Clupea harengus,0.9782548,0.702389657497406
GS_AD_SH_090517_SCH_-500µm_011.jpg,5,Clupeids,Sprattus sprattus,0.9911991,0.6431303024291992
GS_AD_SH_090517_SCH_-500µm_011.jpg,6,Clupeids,Sprattus sprattus,0.8941336,0.5013662576675415
GS_AD_SH_090517_SCH_-500µm_011.jpg,7,Sandeels,Ammodytes tobianus,0.016167361,0.8447736501693726
GS_AD_SH_090517_SCH_-500µm_011.jpg,8,Sandeels,Ammodytes tobianus,0.010561511,0.8792985081672668
GS_AD_SH_090517_SCH_-500µm_011.jpg,9,Clupeids,Sprattus sprattus,0.8613155,0.6572162508964539
GS_AD_SH_090517_SCH_-500µm_011.jpg,10,Sandeels,Ammodytes tobianus,0.27232435,0.7827004790306091
GS_AD_SH_090517_SCH_-500µm_011.jpg,11,Clupeids,Clupea harengus,0.84375155,0.36156222224235535
GS_AD_SH_090517_SCH_-500µm_011.jpg,12,Clupeids,Clupea harengus,0.6717252,0.5613802671432495
GS_AD_SH_090517_SCH_-500µm_011.jpg,13,Clupeids,Sprattus sprattus,0.86468595,0.5281168222427368
GS_AD_SH_090517_SCH_-500µm_011.jpg,14,Clupeids,Sprattus sprattus,0.6901278,0.6627540588378906
GS_AD_SH_090517_SCH_-500µm_011.jpg,15,Clupeids,Sprattus sprattus,0.92122495,0.6610033512115479
GS_AD_SH_090517_SCH_-500µm_011.jpg,16,Sandeels,Ammodytes tobianus,0.009894093,0.7511757612228394
GS_AD_SH_090517_SCH_-500µm_011.jpg,17,Clupeids,Sprattus sprattus,0.9803073,0.6801445484161377
GS_AD_SH_090517_SCH_-500µm_011.jpg,18,Clupeids,Sprattus sprattus,0.75942194,0.7232567667961121
GS_AD_SH_090517_SCH_-500µm_011.jpg,19,Sandeels,Ammodytes tobianus,0.27979347,0.8111699819564819
GS_AD_SH_090517_SCH_-500µm_011.jpg,20,Sandeels,Ammodytes tobianus,0.009477993,0.6462918519973755
GS_AD_SH_090517_SCH_-500µm_011.jpg,21,Clupeids,Sprattus sprattus,0.84053344,0.5910883545875549
GS_AD_SH_090517_SCH_-500µm_011.jpg,22,Clupeids,Sprattus sprattus,0.6314513,0.62450110912323
GS_AD_SH_090517_SCH_-500µm_011.jpg,23,Sandeels,Ammodytes tobianus,0.117428824,0.6732534766197205
GS_AD_SH_090517_SCH_-500µm_011.jpg,24,Sandeels,Ammodytes tobianus,0.0062118336,0.8079595565795898
GS_AD_SH_090517_SCH_-500µm_011.jpg,25,Clupeids,Clupea harengus,0.93158644,0.6955317258834839
GS_AD_SH_090517_SCH_-500µm_011.jpg,26,Clupeids,Sprattus sprattus,0.61424094,0.546513020992279
GS_AD_SH_090517_SCH_-500µm_011.jpg,27,Clupeids,Clupea harengus,0.9983138,0.5885339975357056
GS_AD_SH_090517_SCH_-500µm_011.jpg,28,Clupeids,Sprattus sprattus,0.9537011,0.6771814227104187
GS_AD_SH_090517_SCH_-500µm_011.jpg,29,Sandeels,Ammodytes tobianus,0.090329684,0.7512768507003784
GS_AD_SH_090517_SCH_-500µm_011.jpg,30,Sandeels,Ammodytes tobianus,0.008130282,0.8135395646095276
GS_AD_SH_090517_SCH_-500µm_011.jpg,31,Clupeids,Sprattus sprattus,0.78336996,0.5197069048881531
GS_AD_SH_090517_SCH_-500µm_011.jpg,32,Sandeels,Ammodytes tobianus,0.4423523,0.6656782627105713
GS_AD_SH_090517_SCH_-500µm_011.jpg,33,Clupeids,Sprattus sprattus,0.90234995,0.764180064201355
GS_AD_SH_090517_SCH_-500µm_011.jpg,34,Clupeids,Clupea harengus,0.50244457,0.6019122004508972
GS_AD_SH_090517_SCH_-500µm_011.jpg,35,Sandeels,Ammodytes tobianus,0.06774922,0.8621152639389038
GS_AD_SH_090517_SCH_-500µm_011.jpg,36,Clupeids,Sprattus sprattus,0.9715324,0.5808221697807312
GS_AD_SH_090517_SCH_-500µm_011.jpg,37,Sandeels,Ammodytes tobianus,0.2828785,0.875350832939148
GS_AD_SH_090517_SCH_-500µm_011.jpg,38,Sandeels,Ammodytes tobianus,0.4612282,0.6343281269073486
GS_AD_SH_090517_SCH_-500µm_011.jpg,39,Sandeels,Ammodytes tobianus,0.26500264,0.5783836245536804
GS_AD_SH_090517_SCH_-500µm_011.jpg,40,Sandeels,Ammodytes tobianus,0.4307584,0.7790393233299255
GS_AD_SH_090517_SCH_-500µm_011.jpg,41,Sandeels,Ammodytes tobianus,0.02191746,0.7910761833190918
GS_AD_SH_090517_SCH_-500µm_011.jpg,42,Sandeels,Ammodytes tobianus,0.100510165,0.6882162690162659
GS_AD_SH_090517_SCH_-500µm_011.jpg,43,Clupeids,Clupea harengus,0.8041342,0.5680160522460938
GS_AD_SH_090517_SCH_-500µm_011.jpg,44,Clupeids,Clupea harengus,0.79316205,0.5153160691261292
GS_AD_SH_090517_SCH_-500µm_011.jpg,45,Clupeids,Sprattus sprattus,0.97792405,0.6545200943946838
GS_AD_SH_090517_SCH_-500µm_011.jpg,46,Sandeels,Ammodytes tobianus,0.056556992,0.8275658488273621
GS_AD_SH_090517_SCH_-500µm_011.jpg,47,Sandeels,Ammodytes tobianus,0.029848544,0.5325029492378235
GS_AD_SH_090517_SCH_-500µm_011.jpg,48,Sandeels,Ammodytes tobianus,0.0063064443,0.7408871054649353
GS_AD_SH_090517_SCH_-500µm_011.jpg,49,Sandeels,Ammodytes tobianus,0.099188976,0.8213646411895752
GS_AD_SH_090517_SCH_-500µm_011.jpg,50,Sandeels,Ammodytes tobianus,0.4969023,0.6547558307647705
GS_AD_SH_090517_SCH_-500µm_011.jpg,51,Sandeels,Ammodytes tobianus,0.0068317414,0.6781267523765564
GS_AD_SH_090517_SCH_-500µm_011.jpg,52,Clupeids,Clupea harengus,0.9142817,0.7444832921028137
GS_AD_SH_090517_SCH_-500µm_011.jpg,53,Sandeels,Ammodytes tobianus,0.01991836,0.8161040544509888
GS_AD_SH_090517_SCH_-500µm_011.jpg,54,Clupeids,Sprattus sprattus,0.9173266,0.6486098170280457
GS_AD_SH_090517_SCH_-500µm_011.jpg,55,Clupeids,Sprattus sprattus,0.68280876,0.4978698492050171
GS_AD_SH_090517_SCH_-500µm_011.jpg,56,Sandeels,Ammodytes tobianus,0.03204064,0.7875854969024658
GS_AD_SH_090517_SCH_-500µm_011.jpg,57,Sandeels,Ammodytes tobianus,0.04873953,0.7712422013282776
GS_AD_SH_090517_SCH_-500µm_011.jpg,58,Sandeels,Ammodytes tobianus,0.35545808,0.5964040756225586
GS_AD_SH_090517_SCH_-500µm_011.jpg,59,Clupeids,Clupea harengus,0.8569069,0.625792920589447
GS_AD_SH_090517_SCH_-500µm_011.jpg,60,Sandeels,Ammodytes tobianus,0.0026067533,0.6929858922958374
GS_AD_SH_090517_SCH_-500µm_011.jpg,61,Sandeels,Ammodytes tobianus,0.36038488,0.8280252814292908
GS_AD_SH_090517_SCH_-500µm_011.jpg,62,Sandeels,Ammodytes tobianus,0.026199872,0.8473213315010071
GS_AD_SH_090517_SCH_-500µm_011.jpg,63,Sandeels,Hyperoplus lanceolatus,0.23314694,0.6100632548332214
GS_AD_SH_090517_SCH_-500µm_011.jpg,64,Clupeids,Sprattus sprattus,0.92234886,0.6595447063446045
GS_AD_SH_090517_SCH_-500µm_011.jpg,65,Clupeids,Clupea harengus,0.9230967,0.526626467704773
GS_AD_SH_090517_SCH_-500µm_011.jpg,66,Clupeids,Clupea harengus,0.99555606,0.7278546690940857
GS_AD_SH_090517_SCH_-500µm_011.jpg,67,Sandeels,Ammodytes tobianus,0.290182,0.8283462524414062
GS_AD_SH_090517_SCH_-500µm_011.jpg,68,Sandeels,Ammodytes tobianus,0.00015264399,0.9071688055992126
GS_AD_SH_090517_SCH_-500µm_011.jpg,69,Sandeels,Ammodytes tobianus,0.0004634656,0.8389441967010498
GS_AD_SH_090517_SCH_-500µm_011.jpg,70,Clupeids,Clupea harengus,0.9080357,0.7129576802253723
GS_AD_SH_090517_SCH_-500µm_011.jpg,71,Clupeids,Clupea harengus,0.8400788,0.748132586479187
GS_AD_SH_090517_SCH_-500µm_011.jpg,72,Sandeels,Ammodytes tobianus,0.003074788,0.7172201871871948
GS_AD_SH_090517_SCH_-500µm_011.jpg,73,Sandeels,Ammodytes tobianus,0.0012618388,0.8406813144683838
GS_AD_SH_090517_SCH_-500µm_011.jpg,74,Sandeels,Ammodytes tobianus,0.33332485,0.8206594586372375
GS_AD_SH_090517_SCH_-500µm_011.jpg,75,Sandeels,Ammodytes tobianus,0.33266643,0.49863094091415405
GS_AD_SH_090517_SCH_-500µm_011.jpg,76,Sandeels,Ammodytes tobianus,0.37639725,0.8497568964958191
GS_AD_SH_090517_SCH_-500µm_011.jpg,77,Sandeels,Ammodytes tobianus,0.00039619693,0.8436618447303772
GS_AD_SH_120517_SCH_+500µm_001.jpg,1,Sandeels,Ammodytes marinus,0.0030793985,0.8884393572807312
GS_AD_SH_120517_SCH_+500µm_001.jpg,2,Sandeels,Ammodytes marinus,0.0025031143,0.8867674469947815
GS_AD_SH_120517_SCH_+500µm_001.jpg,3,Sandeels,Ammodytes marinus,0.0016398997,0.9083988070487976
GS_AD_SH_120517_SCH_+500µm_001.jpg,4,Sandeels,Ammodytes tobianus,0.00031083415,0.8808169960975647
GS_AD_SH_120517_SCH_+500µm_001.jpg,5,Sandeels,Ammodytes marinus,0.0037942394,0.8989664316177368
GS_AD_SH_120517_SCH_+500µm_003.jpg,1,Clupeids,Clupea harengus,0.84303147,0.7397326231002808
GS_AD_SH_120517_SCH_+500µm_003.jpg,2,Sandeels,Hyperoplus lanceolatus,0.24997151,0.8932203054428101
GS_AD_SH_120517_SCH_+500µm_003.jpg,3,Sandeels,Hyperoplus lanceolatus,0.026729949,0.4875011742115021
GS_AD_SH_120517_SCH_+500µm_003.jpg,4,Sandeels,Ammodytes marinus,0.0017971703,0.5529720187187195
GS_AD_SH_120517_SCH_+500µm_003.jpg,5,Sandeels,Hyperoplus lanceolatus,0.0030634794,0.4942902624607086
GS_AD_SH_120517_SCH_+500µm_005.jpg,1,Sandeels,Hyperoplus lanceolatus,0.0029970105,0.8023949265480042
GS_AD_SH_120517_SCH_+500µm_005.jpg,2,Sandeels,Ammodytes marinus,0.0012762115,0.8368757963180542
GS_AD_SH_120517_SCH_+500µm_005.jpg,3,Sandeels,Ammodytes marinus,0.0008812412,0.7911422848701477
GS_AD_SH_120517_SCH_+500µm_005.jpg,4,Sandeels,Ammodytes marinus,0.0009363818,0.7000705599784851
GS_AD_SH_120517_SCH_+500µm_005.jpg,5,Sandeels,Ammodytes marinus,0.001547128,0.8647757768630981
GS_AD_SH_120517_SCH_+500µm_005.jpg,6,Sandeels,Ammodytes marinus,0.001625302,0.8329824209213257
GS_AD_SH_120517_SCH_+500µm_005.jpg,7,Sandeels,Hyperoplus lanceolatus,0.0022508875,0.8813675045967102
GS_AD_SH_120517_SCH_+500µm_005.jpg,8,Sandeels,Ammodytes marinus,0.0010293665,0.7779926061630249
GS_AD_SH_120517_SCH_+500µm_005.jpg,9,Sandeels,Ammodytes marinus,0.0008158603,0.5702483654022217
GS_AD_SH_120517_SCH_+500µm_005.jpg,10,Sandeels,Hyperoplus lanceolatus,0.0054641725,0.7148177027702332
GS_AD_SH_120517_SCH_+500µm_005.jpg,11,Sandeels,Hyperoplus lanceolatus,0.00039350713,0.41692736744880676
GS_AD_SH_120517_SCH_+500µm_005.jpg,12,Sandeels,Hyperoplus lanceolatus,0.026067114,0.8799971342086792
GS_AD_SH_120517_SCH_+500µm_005.jpg,13,Sandeels,Hyperoplus lanceolatus,0.0012091179,0.8234107494354248
GS_AD_SH_120517_SCH_+500µm_005.jpg,14,Sandeels,Ammodytes marinus,0.0016360272,0.8307268023490906
GS_AD_SH_120517_SCH_+500µm_005.jpg,15,Sandeels,Ammodytes marinus,0.0009427857,0.5293096303939819
GS_AD_SH_120517_SCH_+500µm_005.jpg,16,Sandeels,Hyperoplus lanceolatus,0.0016332982,0.9375373721122742
GS_AD_SH_120517_SCH_+500µm_005.jpg,17,Sandeels,Hyperoplus lanceolatus,0.0009287294,0.7806933522224426
GS_AD_SH_120517_SCH_+500µm_005.jpg,18,Sandeels,Hyperoplus lanceolatus,0.0018267323,0.9431759715080261
GS_AD_SH_120517_SCH_+500µm_005.jpg,19,Sandeels,Hyperoplus lanceolatus,0.0013251303,0.5854681730270386
GS_AD_SH_120517_SCH_+500µm_005.jpg,20,Sandeels,Hyperoplus lanceolatus,0.0020869472,0.8425043821334839
GS_AD_SH_120517_SCH_+500µm_005.jpg,21,Sandeels,Hyperoplus lanceolatus,0.0017970573,0.7729791402816772
GS_AD_SH_120517_SCH_+500µm_005.jpg,22,Sandeels,Ammodytes marinus,0.0011609404,0.8289775848388672
GS_AD_SH_120517_SCH_+500µm_005.jpg,23,Sandeels,Ammodytes tobianus,0.0011756731,0.8509132266044617
GS_AD_SH_120517_SCH_+500µm_005.jpg,24,Sandeels,Hyperoplus lanceolatus,0.0016218595,0.8507620096206665
GS_AD_SH_120517_SCH_+500µm_005.jpg,25,Sandeels,Hyperoplus lanceolatus,0.001749343,0.7198033332824707
GS_AD_SH_120517_SCH_+500µm_005.jpg,26,Sandeels,Ammodytes marinus,0.0012677393,0.830723762512207
GS_AD_SH_120517_SCH_+500µm_006.jpg,1,Sandeels,Hyperoplus lanceolatus,0.003288736,0.8167276382446289
GS_AD_SH_120517_SCH_+500µm_006.jpg,2,Sandeels,Ammodytes marinus,0.00045114182,0.5825653076171875
GS_AD_SH_120517_SCH_+500µm_006.jpg,3,Sandeels,Ammodytes marinus,0.002123042,0.8581804037094116
GS_AD_SH_120517_SCH_+500µm_006.jpg,4,Sandeels,Hyperoplus lanceolatus,0.00088129035,0.7921716570854187
GS_AD_SH_120517_SCH_+500µm_006.jpg,5,Sandeels,Hyperoplus lanceolatus,0.007697395,0.9306156635284424
GS_AD_SH_120517_SCH_+500µm_006.jpg,6,Sandeels,Hyperoplus lanceolatus,0.00166083,0.5767099857330322
GS_AD_SH_120517_SCH_+500µm_006.jpg,7,Sandeels,Hyperoplus lanceolatus,0.001145539,0.8215252161026001
GS_AD_SH_120517_SCH_+500µm_006.jpg,8,Sandeels,Ammodytes marinus,0.0008793983,0.7831041812896729
GS_AD_SH_120517_SCH_+500µm_006.jpg,9,Sandeels,Ammodytes marinus,0.0012584087,0.856643795967102
GS_AD_SH_120517_SCH_+500µm_006.jpg,10,Sandeels,Hyperoplus lanceolatus,0.0012858871,0.5429046750068665
GS_AD_SH_120517_SCH_+500µm_006.jpg,11,Sandeels,Hyperoplus lanceolatus,0.0020493895,0.8840495944023132
GS_AD_SH_120517_SCH_+500µm_006.jpg,12,Sandeels,Ammodytes marinus,0.0019452578,0.8726118803024292
GS_AD_SH_120517_SCH_+500µm_006.jpg,13,Sandeels,Ammodytes marinus,0.00775728,0.41564083099365234
GS_AD_SH_120517_SCH_+500µm_006.jpg,14,Sandeels,Hyperoplus lanceolatus,0.003638477,0.5949162244796753
GS_AD_SH_120517_SCH_+500µm_006.jpg,15,Sandeels,Hyperoplus lanceolatus,0.0010694024,0.7581780552864075
GS_AD_SH_120517_SCH_+500µm_006.jpg,16,Sandeels,Hyperoplus lanceolatus,0.00087222,0.854780912399292
GS_AD_SH_120517_SCH_+500µm_007.jpg,1,Sandeels,Ammodytes marinus,0.0011840166,0.8972858786582947
GS_AD_SH_120517_SCH_+500µm_007.jpg,2,Sandeels,Ammodytes marinus,0.0007076484,0.8480579257011414
GS_AD_SH_120517_SCH_+500µm_007.jpg,3,Sandeels,Hyperoplus lanceolatus,0.0026815224,0.7607950568199158
GS_AD_SH_120517_SCH_+500µm_007.jpg,4,Sandeels,Ammodytes marinus,0.0004393541,0.4173126518726349
GS_AD_SH_120517_SCH_+500µm_007.jpg,5,Sandeels,Ammodytes marinus,0.0018531053,0.8295858502388
GS_AD_SH_120517_SCH_+500µm_007.jpg,6,Sandeels,Ammodytes marinus,0.00046821003,0.6015387177467346
GS_AD_SH_120517_SCH_+500µm_007.jpg,7,Sandeels,Hyperoplus lanceolatus,0.00321041,0.6976132392883301
GS_AD_SH_120517_SCH_+500µm_007.jpg,8,Sandeels,Hyperoplus lanceolatus,0.0019880012,0.46178656816482544
GS_AD_SH_120517_SCH_+500µm_007.jpg,9,Sandeels,Ammodytes marinus,0.0009324552,0.7430909872055054
GS_AD_SH_120517_SCH_+500µm_007.jpg,10,Sandeels,Hyperoplus lanceolatus,0.11111361,0.46447238326072693
GS_AD_SH_120517_SCH_+500µm_007.jpg,11,Sandeels,Hyperoplus lanceolatus,0.025247753,0.549019455909729
GS_AD_SH_120517_SCH_+500µm_007.jpg,12,Sandeels,Ammodytes tobianus,0.014310022,0.7630603909492493
GS_AD_SH_120517_SCH_+500µm_007.jpg,13,Sandeels,Ammodytes tobianus,0.08869636,0.6795846223831177
GS_AD_SH_120517_SCH_+500µm_007.jpg,14,Clupeids,Sprattus sprattus,0.9962953,0.714082658290863
GS_AD_SH_120517_SCH_+500µm_007.jpg,15,Sandeels,Ammodytes tobianus,0.016845372,0.6955065131187439
GS_AD_SH_120517_SCH_+500µm_007.jpg,16,Sandeels,Hyperoplus lanceolatus,0.042525765,0.7893679141998291
GS_AD_SH_120517_SCH_+500µm_007.jpg,17,Sandeels,Hyperoplus lanceolatus,0.018019753,0.6108816266059875
GS_AD_SH_120517_SCH_+500µm_007.jpg,18,Sandeels,Hyperoplus lanceolatus,0.07719379,0.8690608143806458
GS_AD_SH_120517_SCH_-500µm_001.jpg,1,Sandeels,Hyperoplus lanceolatus,0.0009809644,0.795600175857544
GS_AD_SH_120517_SCH_-500µm_001.jpg,2,Sandeels,Hyperoplus lanceolatus,0.005337719,0.9062742590904236
GS_AD_SH_120517_SCH_-500µm_001.jpg,3,Sandeels,Hyperoplus lanceolatus,0.009296315,0.6932020783424377
GS_AD_SH_120517_SCH_-500µm_001.jpg,4,Sandeels,Ammodytes tobianus,0.005778304,0.7677375078201294
GS_AD_SH_120517_SCH_-500µm_001.jpg,5,Sandeels,Ammodytes tobianus,0.00027280799,0.4844103157520294
GS_AD_SH_120517_SCH_-500µm_001.jpg,6,Sandeels,Hyperoplus lanceolatus,0.001644744,0.8144113421440125
GS_AD_SH_120517_SCH_-500µm_001.jpg,7,Sandeels,Hyperoplus lanceolatus,0.00057563896,0.8808504343032837
GS_AD_SH_120517_SCH_-500µm_001.jpg,8,Sandeels,Hyperoplus lanceolatus,0.0054009133,0.534126341342926
GS_AD_SH_120517_SCH_-500µm_001.jpg,9,Sandeels,Hyperoplus lanceolatus,0.0010985244,0.5059917569160461
GS_AD_SH_120517_SCH_-500µm_001.jpg,10,Sandeels,Hyperoplus lanceolatus,0.0032093723,0.7866919040679932
GS_AD_SH_120517_SCH_-500µm_001.jpg,11,Sandeels,Ammodytes tobianus,0.0024999885,0.8288732767105103
GS_AD_SH_120517_SCH_-500µm_001.jpg,12,Sandeels,Ammodytes tobianus,0.002889463,0.7502943873405457
GS_AD_SH_120517_SCH_-500µm_002.jpg,1,Sandeels,Ammodytes tobianus,0.008186687,0.7631721496582031
GS_AD_SH_120517_SCH_-500µm_002.jpg,2,Sandeels,Ammodytes tobianus,0.0043605515,0.7631518840789795
GS_AD_SH_120517_SCH_-500µm_002.jpg,3,Sandeels,Ammodytes tobianus,0.0016459642,0.8069726824760437
GS_AD_SH_120517_SCH_-500µm_002.jpg,4,Sandeels,Ammodytes tobianus,0.0017866673,0.8243637084960938
GS_AD_SH_120517_SCH_-500µm_002.jpg,5,Clupeids,Sprattus sprattus,0.81387186,0.6354954242706299
GS_AD_SH_120517_SCH_-500µm_002.jpg,6,Sandeels,Ammodytes tobianus,0.25719726,0.5020727515220642
GS_AD_SH_120517_SCH_-500µm_002.jpg,7,Sandeels,Ammodytes tobianus,0.074849844,0.8470128774642944
GS_AD_SH_120517_SCH_-500µm_002.jpg,8,Clupeids,Sprattus sprattus,0.7474575,0.6371009349822998
GS_AD_SH_120517_SCH_-500µm_002.jpg,9,Sandeels,Ammodytes tobianus,0.0100035025,0.670630156993866
GS_AD_SH_120517_SCH_-500µm_002.jpg,10,Clupeids,Sprattus sprattus,0.8427578,0.38616588711738586
GS_AD_SH_120517_SCH_-500µm_002.jpg,11,Clupeids,Sprattus sprattus,0.8801785,0.7007762789726257
GS_AD_SH_120517_SCH_-500µm_002.jpg,12,Sandeels,Ammodytes tobianus,0.013404018,0.7480239272117615
GS_AD_SH_120517_SCH_-500µm_002.jpg,13,Sandeels,Ammodytes tobianus,0.06121726,0.7936175465583801
GS_AD_SH_120517_SCH_-500µm_002.jpg,14,Sandeels,Hyperoplus lanceolatus,0.46631366,0.46978679299354553
GS_AD_SH_120517_SCH_-500µm_002.jpg,15,Sandeels,Ammodytes tobianus,0.0016979259,0.8183194994926453
GS_AD_SH_120517_SCH_-500µm_002.jpg,16,Clupeids,Sprattus sprattus,0.5761601,0.4850141704082489
GS_AD_SH_120517_SCH_-500µm_002.jpg,17,Sandeels,Ammodytes tobianus,0.0012072576,0.7924937605857849
GS_AD_SH_120517_SCH_-500µm_002.jpg,18,Sandeels,Ammodytes tobianus,0.0061669108,0.8493495583534241
GS_AD_SH_120517_SCH_-500µm_002.jpg,19,Sandeels,Ammodytes marinus,0.02776353,0.4774406850337982
GS_AD_SH_120517_SCH_-500µm_002.jpg,20,Sandeels,Ammodytes tobianus,0.2806189,0.742294192314148
GS_AD_SH_120517_SCH_-500µm_002.jpg,21,Sandeels,Ammodytes tobianus,0.12969305,0.37184613943099976
GS_AD_SH_120517_SCH_-500µm_002.jpg,22,Sandeels,Ammodytes tobianus,0.11215388,0.8133662343025208
GS_AD_SH_120517_SCH_-500µm_002.jpg,23,Sandeels,Ammodytes tobianus,0.067305356,0.8176113367080688
GS_AD_SH_120517_SCH_-500µm_002.jpg,24,Sandeels,Ammodytes tobianus,0.115925625,0.6979913115501404
GS_AD_SH_120517_SCH_-500µm_002.jpg,25,Sandeels,Ammodytes tobianus,0.15662204,0.7097532749176025
GS_AD_SH_120517_SCH_-500µm_002.jpg,26,Sandeels,Ammodytes tobianus,0.14578839,0.784847617149353
GS_AD_SH_120517_SCH_-500µm_002.jpg,27,Sandeels,Ammodytes tobianus,0.15468112,0.6077179312705994
GS_AD_SH_120517_SCH_-500µm_002.jpg,28,Sandeels,Ammodytes tobianus,0.010373707,0.7575460076332092
GS_AD_SH_120517_SCH_-500µm_002.jpg,29,Clupeids,Clupea harengus,0.7984004,0.47808730602264404
GS_AD_SH_120517_SCH_-500µm_002.jpg,30,Sandeels,Ammodytes tobianus,0.1705785,0.8576018810272217
GS_AD_SH_120517_SCH_-500µm_002.jpg,31,Sandeels,Ammodytes tobianus,0.023150597,0.6770184636116028
GS_AD_SH_120517_SCH_-500µm_002.jpg,32,Sandeels,Ammodytes tobianus,0.0052713784,0.8176645040512085
GS_AD_SH_120517_SCH_-500µm_002.jpg,33,Sandeels,Ammodytes tobianus,0.13659629,0.6398321986198425
GS_AD_SH_120517_SCH_-500µm_002.jpg,34,Sandeels,Ammodytes tobianus,0.023774693,0.7503364086151123
GS_AD_SH_120517_SCH_-500µm_002.jpg,35,Sandeels,Ammodytes tobianus,0.040341746,0.73860102891922
GS_AD_SH_120517_SCH_-500µm_003.jpg,1,Sandeels,Hyperoplus lanceolatus,0.11786929,0.8770204782485962
GS_AD_SH_120517_SCH_-500µm_003.jpg,2,Sandeels,Ammodytes tobianus,0.00053007837,0.8502957224845886
GS_AD_SH_120517_SCH_-500µm_003.jpg,3,Sandeels,Ammodytes tobianus,0.32416475,0.8782591819763184
GS_AD_SH_120517_SCH_-500µm_003.jpg,4,Sandeels,Ammodytes tobianus,0.1589662,0.7938661575317383
GS_AD_SH_120517_SCH_-500µm_003.jpg,5,Sandeels,Ammodytes tobianus,0.24268727,0.8428173065185547
GS_AD_SH_120517_SCH_-500µm_003.jpg,6,Clupeids,Sprattus sprattus,0.59930164,0.5704733729362488
GS_AD_SH_120517_SCH_-500µm_003.jpg,7,Sandeels,Ammodytes tobianus,0.480502,0.7919250130653381
GS_AD_SH_120517_SCH_-500µm_003.jpg,8,Clupeids,Clupea harengus,0.8489085,0.6442915797233582
GS_AD_SH_120517_SCH_-500µm_003.jpg,9,Sandeels,Ammodytes tobianus,0.022328408,0.8940346240997314
GS_AD_SH_120517_SCH_-500µm_003.jpg,10,Sandeels,Ammodytes tobianus,0.18746242,0.9283928871154785
GS_AD_SH_120517_SCH_-500µm_003.jpg,11,Clupeids,Sprattus sprattus,0.7954582,0.4296119511127472
GS_AD_SH_120517_SCH_-500µm_003.jpg,12,Clupeids,Sprattus sprattus,0.5185445,0.393940269947052
GS_AD_SH_120517_SCH_-500µm_003.jpg,13,Sandeels,Ammodytes tobianus,0.0050892713,0.8289673924446106
GS_AD_SH_120517_SCH_-500µm_003.jpg,14,Sandeels,Ammodytes tobianus,0.001094028,0.8224906921386719
GS_AD_SH_120517_SCH_-500µm_003.jpg,15,Sandeels,Ammodytes tobianus,0.37669343,0.7441847920417786
GS_AD_SH_120517_SCH_-500µm_003.jpg,16,Sandeels,Ammodytes tobianus,0.0023576936,0.7929815053939819
GS_AD_SH_120517_SCH_-500µm_003.jpg,17,Clupeids,Clupea harengus,0.8468004,0.4686100482940674
GS_AD_SH_120517_SCH_-500µm_003.jpg,18,Clupeids,Sprattus sprattus,0.89552677,0.7838284969329834
GS_AD_SH_120517_SCH_-500µm_003.jpg,19,Sandeels,Ammodytes tobianus,0.3390078,0.47139549255371094
GS_AD_SH_120517_SCH_-500µm_003.jpg,20,Clupeids,Sprattus sprattus,0.55452245,0.4871920943260193
GS_AD_SH_120517_SCH_-500µm_003.jpg,21,Sandeels,Ammodytes tobianus,0.0047917296,0.761983335018158
GS_AD_SH_120517_SCH_-500µm_003.jpg,22,Sandeels,Ammodytes tobianus,0.0006655609,0.8414672613143921
GS_AD_SH_120517_SCH_-500µm_003.jpg,23,Sandeels,Ammodytes tobianus,0.0010565671,0.8254201412200928
GS_AD_SH_120517_SCH_-500µm_003.jpg,24,Sandeels,Ammodytes tobianus,0.4154811,0.49775445461273193
GS_AD_SH_120517_SCH_-500µm_003.jpg,25,Clupeids,Sprattus sprattus,0.9747303,0.8175051808357239
GS_AD_SH_120517_SCH_-500µm_003.jpg,26,Clupeids,Sprattus sprattus,0.7227818,0.5494850277900696
GS_AD_SH_120517_SCH_-500µm_003.jpg,27,Sandeels,Ammodytes tobianus,0.30665413,0.5168809294700623
GS_AD_SH_120517_SCH_-500µm_003.jpg,28,Sandeels,Ammodytes tobianus,0.0014618392,0.7947202920913696
GS_AD_SH_120517_SCH_-500µm_003.jpg,29,Clupeids,Clupea harengus,0.9819064,0.42341747879981995
GS_AD_SH_120517_SCH_-500µm_003.jpg,30,Sandeels,Ammodytes tobianus,0.19302721,0.8752419948577881
GS_AD_SH_120517_SCH_-500µm_003.jpg,31,Sandeels,Ammodytes marinus,0.39300948,0.6917948722839355
GS_AD_SH_120517_SCH_-500µm_003.jpg,32,Clupeids,Sprattus sprattus,0.79034144,0.6106125116348267
GS_AD_SH_120517_SCH_-500µm_004.jpg,1,Sandeels,Ammodytes tobianus,0.001887316,0.7601006627082825
GS_AD_SH_120517_SCH_-500µm_004.jpg,2,Sandeels,Ammodytes tobianus,0.019504957,0.7746078372001648
GS_AD_SH_120517_SCH_-500µm_004.jpg,3,Clupeids,Clupea harengus,0.56375396,0.4787273406982422
GS_AD_SH_120517_SCH_-500µm_004.jpg,4,Sandeels,Ammodytes tobianus,0.027315728,0.8090185523033142
GS_AD_SH_120517_SCH_-500µm_004.jpg,5,Clupeids,Sprattus sprattus,0.9592563,0.7423582673072815
GS_AD_SH_120517_SCH_-500µm_004.jpg,6,Sandeels,Ammodytes tobianus,0.44746158,0.8700889945030212
GS_AD_SH_120517_SCH_-500µm_004.jpg,7,Sandeels,Ammodytes tobianus,0.023605773,0.8544223308563232
GS_AD_SH_120517_SCH_-500µm_004.jpg,8,Sandeels,Ammodytes tobianus,0.0008714051,0.8253012895584106
GS_AD_SH_120517_SCH_-500µm_004.jpg,9,Sandeels,Ammodytes tobianus,0.00066020107,0.8384315371513367
GS_AD_SH_120517_SCH_-500µm_004.jpg,10,Clupeids,Sprattus sprattus,0.7598107,0.54176926612854
GS_AD_SH_120517_SCH_-500µm_004.jpg,11,Sandeels,Ammodytes tobianus,0.12884074,0.6375468373298645
GS_AD_SH_120517_SCH_-500µm_004.jpg,12,Sandeels,Ammodytes tobianus,0.02752628,0.8329002857208252
GS_AD_SH_120517_SCH_-500µm_004.jpg,13,Sandeels,Ammodytes tobianus,0.13045034,0.7991755604743958
GS_AD_SH_120517_SCH_-500µm_004.jpg,14,Sandeels,Ammodytes tobianus,0.20564142,0.6267330646514893
GS_AD_SH_120517_SCH_-500µm_004.jpg,15,Sandeels,Ammodytes tobianus,0.019538801,0.7572989463806152
GS_AD_SH_120517_SCH_-500µm_004.jpg,16,Sandeels,Ammodytes tobianus,9.787609e-05,0.8917794227600098
GS_AD_SH_120517_SCH_-500µm_004.jpg,17,Sandeels,Ammodytes tobianus,0.28219956,0.829785168170929
GS_AD_SH_120517_SCH_-500µm_004.jpg,18,Sandeels,Ammodytes tobianus,0.10006915,0.8209125399589539
GS_AD_SH_120517_SCH_-500µm_004.jpg,19,Clupeids,Sprattus sprattus,0.69387937,0.5730094313621521
GS_AD_SH_120517_SCH_-500µm_004.jpg,20,Sandeels,Ammodytes tobianus,0.15125196,0.7997329235076904
GS_AD_SH_120517_SCH_-500µm_004.jpg,21,Sandeels,Ammodytes tobianus,0.20659259,0.7608717083930969
GS_AD_SH_120517_SCH_-500µm_004.jpg,22,Sandeels,Ammodytes tobianus,0.0022939448,0.8202844858169556
GS_AD_SH_120517_SCH_-500µm_004.jpg,23,Clupeids,Sprattus sprattus,0.69064826,0.5732622742652893
GS_AD_SH_120517_SCH_-500µm_004.jpg,24,Sandeels,Ammodytes tobianus,0.21847759,0.8014546036720276
GS_AD_SH_120517_SCH_-500µm_004.jpg,25,Sandeels,Ammodytes tobianus,0.24706218,0.7197806239128113
GS_AD_SH_120517_SCH_-500µm_004.jpg,26,Sandeels,Hyperoplus lanceolatus,0.09615096,0.4784753620624542
GS_AD_SH_120517_SCH_-500µm_004.jpg,27,Sandeels,Ammodytes tobianus,0.044626866,0.8555909991264343
GS_AD_SH_120517_SCH_-500µm_004.jpg,28,Sandeels,Ammodytes tobianus,0.00071133807,0.8757397532463074
GS_AD_SH_120517_SCH_-500µm_004.jpg,29,Sandeels,Ammodytes tobianus,0.0028237377,0.8225720524787903
GS_AD_SH_120517_SCH_-500µm_004.jpg,30,Clupeids,Sprattus sprattus,0.9647074,0.5435082912445068
GS_AD_SH_120517_SCH_-500µm_004.jpg,31,Sandeels,Ammodytes tobianus,0.0013983427,0.7995803952217102
GS_AD_SH_120517_SCH_-500µm_004.jpg,32,Sandeels,Ammodytes tobianus,0.014136368,0.8040053844451904
GS_AD_SH_120517_SCH_-500µm_004.jpg,33,Sandeels,Ammodytes tobianus,0.15904331,0.6811175346374512
GS_AD_SH_120517_SCH_-500µm_004.jpg,34,Sandeels,Ammodytes marinus,0.05883738,0.7143761515617371
GS_AD_SH_120517_SCH_-500µm_004.jpg,35,Sandeels,Ammodytes tobianus,0.057267733,0.8124377131462097
GS_AD_SH_120517_SCH_-500µm_004.jpg,36,Sandeels,Ammodytes tobianus,0.011487803,0.8495444059371948
GS_AD_SH_120517_SCH_-500µm_004.jpg,37,Sandeels,Ammodytes tobianus,0.0009993132,0.8208171129226685
GS_AD_SH_120517_SCH_-500µm_004.jpg,38,Sandeels,Hyperoplus lanceolatus,0.045725,0.8721777200698853
GS_AD_SH_120517_SCH_-500µm_005.jpg,1,Clupeids,Clupea harengus,0.5479323,0.6065895557403564
GS_AD_SH_120517_SCH_-500µm_005.jpg,2,Clupeids,Sprattus sprattus,0.883589,0.3887541890144348
GS_AD_SH_120517_SCH_-500µm_005.jpg,3,Sandeels,Hyperoplus lanceolatus,0.23700681,0.6735677719116211
GS_AD_SH_120517_SCH_-500µm_005.jpg,4,Sandeels,Ammodytes tobianus,0.2558377,0.8077778220176697
GS_AD_SH_120517_SCH_-500µm_005.jpg,5,Sandeels,Ammodytes tobianus,0.04688108,0.9132997393608093
GS_AD_SH_120517_SCH_-500µm_005.jpg,6,Sandeels,Ammodytes tobianus,0.2370613,0.6473414897918701
GS_AD_SH_120517_SCH_-500µm_005.jpg,7,Sandeels,Ammodytes tobianus,0.07759907,0.5680036544799805
GS_AD_SH_120517_SCH_-500µm_005.jpg,8,Clupeids,Sprattus sprattus,0.90332454,0.580010175704956
GS_AD_SH_120517_SCH_-500µm_005.jpg,9,Sandeels,Ammodytes tobianus,0.3659649,0.5398027896881104
GS_AD_SH_120517_SCH_-500µm_005.jpg,10,Sandeels,Ammodytes tobianus,0.06438187,0.8375523686408997
GS_AD_SH_120517_SCH_-500µm_005.jpg,11,Clupeids,Clupea harengus,0.9619414,0.567800760269165
GS_AD_SH_120517_SCH_-500µm_005.jpg,12,Sandeels,Ammodytes tobianus,0.09409914,0.8549185395240784
GS_AD_SH_120517_SCH_-500µm_005.jpg,13,Sandeels,Ammodytes tobianus,0.29174572,0.5550018548965454
GS_AD_SH_120517_SCH_-500µm_005.jpg,14,Sandeels,Hyperoplus lanceolatus,0.33896416,0.6677278280258179
GS_AD_SH_120517_SCH_-500µm_005.jpg,15,Sandeels,Ammodytes tobianus,0.49085835,0.8216981291770935
GS_AD_SH_120517_SCH_-500µm_005.jpg,16,Clupeids,Sprattus sprattus,0.60209125,0.5258461236953735
GS_AD_SH_120517_SCH_-500µm_005.jpg,17,Clupeids,Sprattus sprattus,0.76675093,0.6323766708374023
GS_AD_SH_120517_SCH_-500µm_005.jpg,18,Clupeids,Sprattus sprattus,0.6872292,0.4524514377117157
GS_AD_SH_120517_SCH_-500µm_005.jpg,19,Sandeels,Ammodytes tobianus,0.15337935,0.7345356941223145
GS_AD_SH_120517_SCH_-500µm_005.jpg,20,Clupeids,Sprattus sprattus,0.9232992,0.5737602114677429
GS_AD_SH_120517_SCH_-500µm_005.jpg,21,Sandeels,Ammodytes tobianus,0.16418529,0.752538800239563
GS_AD_SH_120517_SCH_-500µm_005.jpg,22,Clupeids,Alosa fallax,0.9653319,0.44982603192329407
GS_AD_SH_120517_SCH_-500µm_005.jpg,23,Clupeids,Sprattus sprattus,0.72577643,0.4352915585041046
GS_AD_SH_120517_SCH_-500µm_005.jpg,24,Clupeids,Sprattus sprattus,0.8094721,0.6477931141853333
GS_AD_SH_120517_SCH_-500µm_005.jpg,25,Clupeids,Sprattus sprattus,0.86615527,0.7258321046829224
GS_AD_SH_120517_SCH_-500µm_005.jpg,26,Clupeids,Sprattus sprattus,0.8529735,0.5419761538505554
GS_AD_SH_120517_SCH_-500µm_005.jpg,27,Sandeels,Hyperoplus lanceolatus,0.059568334,0.6099827885627747
GS_AD_SH_120517_SCH_-500µm_005.jpg,28,Sandeels,Ammodytes tobianus,0.32049572,0.8461657762527466
GS_AD_SH_120517_SCH_-500µm_005.jpg,29,Clupeids,Sprattus sprattus,0.6860317,0.5855345129966736
GS_AD_SH_120517_SCH_-500µm_005.jpg,30,Clupeids,Sprattus sprattus,0.54866046,0.6036795377731323
GS_AD_SH_120517_SCH_-500µm_005.jpg,31,Clupeids,Sprattus sprattus,0.94307715,0.6872742772102356
GS_AD_SH_120517_SCH_-500µm_005.jpg,32,Sandeels,Ammodytes tobianus,0.47473353,0.8353400826454163
GS_AD_SH_120517_SCH_-500µm_005.jpg,33,Clupeids,Clupea harengus,0.77714527,0.3935093879699707
GS_AD_SH_120517_SCH_-500µm_005.jpg,34,Sandeels,Ammodytes tobianus,0.22282228,0.7050386667251587
GS_AD_SH_120517_SCH_-500µm_005.jpg,35,Sandeels,Ammodytes tobianus,0.43111518,0.8276049494743347
GS_AD_SH_120517_SCH_-500µm_005.jpg,36,Sandeels,Ammodytes tobianus,0.08611205,0.7543091773986816
GS_AD_SH_120517_SCH_-500µm_006.jpg,1,Sandeels,Ammodytes tobianus,0.0011652891,0.7956201434135437
GS_AD_SH_120517_SCH_-500µm_006.jpg,2,Sandeels,Hyperoplus lanceolatus,0.0068300944,0.8562286496162415
GS_AD_SH_120517_SCH_-500µm_006.jpg,3,Sandeels,Ammodytes tobianus,0.113490336,0.8012741804122925
GS_AD_SH_120517_SCH_-500µm_006.jpg,4,Clupeids,Sprattus sprattus,0.8187511,0.7997898459434509
GS_AD_SH_120517_SCH_-500µm_006.jpg,5,Sandeels,Ammodytes tobianus,0.4511324,0.6323503255844116
GS_AD_SH_120517_SCH_-500µm_006.jpg,6,Clupeids,Clupea harengus,0.6861516,0.4181998074054718
GS_AD_SH_120517_SCH_-500µm_006.jpg,7,Clupeids,Sprattus sprattus,0.7920153,0.4228745996952057
GS_AD_SH_120517_SCH_-500µm_006.jpg,8,Clupeids,Alosa fallax,0.86324334,0.42593449354171753
GS_AD_SH_120517_SCH_-500µm_006.jpg,9,Sandeels,Ammodytes tobianus,0.004066735,0.7980029582977295
GS_AD_SH_120517_SCH_-500µm_006.jpg,10,Clupeids,Sprattus sprattus,0.94281226,0.6256279349327087
GS_AD_SH_120517_SCH_-500µm_006.jpg,11,Sandeels,Ammodytes tobianus,0.13541174,0.7458600401878357
GS_AD_SH_120517_SCH_-500µm_006.jpg,12,Clupeids,Sprattus sprattus,0.7474083,0.609342098236084
GS_AD_SH_120517_SCH_-500µm_006.jpg,13,Clupeids,Sprattus sprattus,0.7253292,0.4524082839488983
GS_AD_SH_120517_SCH_-500µm_006.jpg,14,Clupeids,Sprattus sprattus,0.77062035,0.47910985350608826
GS_AD_SH_120517_SCH_-500µm_006.jpg,15,Clupeids,Clupea harengus,0.95893323,0.548329770565033
GS_AD_SH_120517_SCH_-500µm_006.jpg,16,Sandeels,Ammodytes tobianus,0.0044248076,0.7740904688835144
GS_AD_SH_120517_SCH_-500µm_006.jpg,17,Sandeels,Ammodytes tobianus,0.27890155,0.6216086149215698
GS_AD_SH_120517_SCH_-500µm_006.jpg,18,Sandeels,Hyperoplus lanceolatus,0.07522503,0.6732829809188843
GS_AD_SH_120517_SCH_-500µm_006.jpg,19,Sandeels,Ammodytes tobianus,0.19006832,0.6993347406387329
GS_AD_SH_120517_SCH_-500µm_006.jpg,20,Sandeels,Ammodytes tobianus,0.001473964,0.8788381814956665
GS_AD_SH_120517_SCH_-500µm_006.jpg,21,Clupeids,Sprattus sprattus,0.52945894,0.46418508887290955
GS_AD_SH_120517_SCH_-500µm_006.jpg,22,Clupeids,Clupea harengus,0.84879005,0.5262325406074524
GS_AD_SH_120517_SCH_-500µm_006.jpg,23,Sandeels,Ammodytes tobianus,0.03607254,0.6818816065788269
GS_AD_SH_120517_SCH_-500µm_006.jpg,24,Sandeels,Ammodytes tobianus,0.021194959,0.7818605303764343
GS_AD_SH_120517_SCH_-500µm_006.jpg,25,Sandeels,Ammodytes tobianus,0.030076396,0.7328088283538818
GS_AD_SH_120517_SCH_-500µm_006.jpg,26,Sandeels,Hyperoplus lanceolatus,0.042466663,0.5953080058097839
GS_AD_SH_120517_SCH_-500µm_006.jpg,27,Sandeels,Ammodytes tobianus,0.08931725,0.6568366885185242
GS_AD_SH_120517_SCH_-500µm_006.jpg,28,Sandeels,Hyperoplus lanceolatus,0.30583814,0.42028379440307617
GS_AD_SH_120517_SCH_-500µm_006.jpg,29,Sandeels,Ammodytes tobianus,0.039028328,0.5128166079521179
GS_AD_SH_120517_SCH_-500µm_006.jpg,30,Sandeels,Ammodytes tobianus,0.035194505,0.7763832211494446
GS_AD_SH_120517_SCH_-500µm_006.jpg,31,Sandeels,Ammodytes tobianus,0.073574014,0.8484454154968262
GS_AD_SH_120517_SCH_-500µm_006.jpg,32,Sandeels,Ammodytes tobianus,0.05991686,0.5221768021583557
GS_AD_SH_120517_SCH_-500µm_006.jpg,33,Clupeids,Sprattus sprattus,0.96441454,0.6998932957649231
GS_AD_SH_120517_SCH_-500µm_006.jpg,34,Clupeids,Sprattus sprattus,0.6042037,0.41060832142829895
GS_AD_SH_120517_SCH_-500µm_006.jpg,35,Sandeels,Ammodytes tobianus,0.0012307925,0.8499006628990173
GS_AD_SH_120517_SCH_-500µm_006.jpg,36,Sandeels,Ammodytes tobianus,0.49531832,0.7122203707695007
GS_AD_SH_120517_SCH_-500µm_006.jpg,37,Clupeids,Sprattus sprattus,0.96472836,0.51917964220047
GS_AD_SH_120517_SCH_-500µm_006.jpg,38,Clupeids,Sprattus sprattus,0.98061645,0.6842029094696045
GS_AD_SH_120517_SCH_-500µm_006.jpg,39,Sandeels,Ammodytes tobianus,0.002271076,0.8121472597122192
GS_AD_SH_120517_SCH_-500µm_006.jpg,40,Sandeels,Ammodytes tobianus,0.006945265,0.8616412878036499
GS_AD_SH_120517_SCH_-500µm_006.jpg,41,Sandeels,Ammodytes tobianus,0.02572455,0.5970974564552307
GS_AD_SH_120517_SCH_-500µm_006.jpg,42,Sandeels,Hyperoplus lanceolatus,0.02100112,0.5640967488288879
GS_AD_SH_120517_SCH_-500µm_006.jpg,43,Clupeids,Sprattus sprattus,0.5149233,0.4628422260284424
GS_AD_SH_120517_SCH_-500µm_006.jpg,44,Sandeels,Hyperoplus lanceolatus,0.133742,0.522645115852356
GS_AD_SH_120517_SCH_-500µm_006.jpg,45,Sandeels,Ammodytes tobianus,0.055726387,0.6332628130912781
GS_AD_SH_120517_SCH_-500µm_006.jpg,46,Sandeels,Ammodytes tobianus,0.38033915,0.7376349568367004
GS_AD_SH_120517_SCH_-500µm_006.jpg,47,Sandeels,Ammodytes tobianus,0.43436202,0.7612830400466919
GS_AD_SH_120517_SCH_-500µm_006.jpg,48,Sandeels,Hyperoplus lanceolatus,0.1811544,0.6001849174499512
GS_AD_SH_120517_SCH_-500µm_006.jpg,49,Sandeels,Ammodytes tobianus,0.0074174153,0.7230181097984314
GS_AD_SH_120517_SCH_-500µm_006.jpg,50,Sandeels,Ammodytes tobianus,0.022133034,0.7581244111061096
GS_AD_SH_120517_SCH_-500µm_006.jpg,51,Sandeels,Ammodytes tobianus,0.07318453,0.6219137907028198
GS_AD_SH_120517_SCH_-500µm_006.jpg,52,Sandeels,Hyperoplus lanceolatus,0.13288693,0.6783652305603027
GS_AD_SH_120517_SCH_-500µm_006.jpg,53,Sandeels,Ammodytes tobianus,0.03845551,0.7332178950309753
GS_AD_SH_120517_SCH_-500µm_006.jpg,54,Sandeels,Ammodytes tobianus,0.017419323,0.6825708150863647
GS_AD_SH_120517_SCH_-500µm_006.jpg,55,Sandeels,Ammodytes tobianus,0.019322792,0.795561671257019
GS_AD_SH_120517_SCH_-500µm_006.jpg,56,Sandeels,Ammodytes tobianus,0.29135227,0.7488397359848022
GS_AD_SH_120517_SCH_-500µm_006.jpg,57,Sandeels,Ammodytes tobianus,0.0120386,0.8028460144996643
GS_AD_SH_120517_SCH_-500µm_006.jpg,58,Sandeels,Ammodytes tobianus,0.00071523106,0.8378303647041321
GS_AD_SH_190517_SCH_+500µm_01.jpg,1,Sandeels,Ammodytes marinus,0.004230177,0.8768187165260315
GS_AD_SH_190517_SCH_+500µm_01.jpg,2,Sandeels,Ammodytes marinus,0.0013744405,0.5467050671577454
GS_AD_SH_190517_SCH_+500µm_01.jpg,3,Sandeels,Ammodytes marinus,0.0016780123,0.8957259654998779
GS_AD_SH_190517_SCH_+500µm_01.jpg,4,Sandeels,Ammodytes marinus,0.0012140532,0.6701428294181824
GS_AD_SH_190517_SCH_+500µm_01.jpg,5,Sandeels,Ammodytes marinus,0.0018593062,0.8811616897583008
GS_AD_SH_190517_SCH_+500µm_01.jpg,6,Sandeels,Ammodytes marinus,0.0029406925,0.8458846807479858
GS_AD_SH_190517_SCH_+500µm_01.jpg,7,Sandeels,Ammodytes marinus,0.0012879929,0.7719584107398987
GS_AD_SH_190517_SCH_+500µm_01.jpg,8,Sandeels,Ammodytes marinus,0.00077263836,0.8272176384925842
GS_AD_SH_190517_SCH_+500µm_01.jpg,9,Sandeels,Ammodytes marinus,0.0013704762,0.8713010549545288
GS_AD_SH_190517_SCH_+500µm_01.jpg,10,Sandeels,Hyperoplus lanceolatus,0.012010966,0.8531548380851746
GS_AD_SH_190517_SCH_+500µm_01.jpg,11,Sandeels,Ammodytes marinus,0.065431155,0.8122727274894714
GS_AD_SH_190517_SCH_+500µm_01.jpg,12,Sandeels,Hyperoplus lanceolatus,0.006283849,0.9360212087631226
GS_AD_SH_190517_SCH_+500µm_02.jpg,1,Sandeels,Hyperoplus lanceolatus,0.0037310412,0.8528427481651306
GS_AD_SH_190517_SCH_+500µm_02.jpg,2,Sandeels,Hyperoplus lanceolatus,0.00079310423,0.8897109031677246
GS_AD_SH_190517_SCH_+500µm_02.jpg,3,Sandeels,Hyperoplus lanceolatus,0.0032044798,0.9264863729476929
GS_AD_SH_190517_SCH_+500µm_02.jpg,4,Sandeels,Hyperoplus lanceolatus,0.034622904,0.9292894005775452
GS_AD_SH_190517_SCH_+500µm_02.jpg,5,Sandeels,Hyperoplus lanceolatus,0.0018400283,0.8323934078216553
GS_AD_SH_190517_SCH_+500µm_02.jpg,6,Sandeels,Hyperoplus lanceolatus,0.0025706969,0.9082900285720825
GS_AD_SH_190517_SCH_+500µm_02.jpg,7,Sandeels,Hyperoplus lanceolatus,0.0011695815,0.9459246397018433
GS_AD_SH_190517_SCH_+500µm_02.jpg,8,Sandeels,Hyperoplus lanceolatus,0.0037461554,0.9221712350845337
GS_AD_SH_190517_SCH_+500µm_02.jpg,9,Sandeels,Hyperoplus lanceolatus,0.0050684484,0.9537034034729004
GS_AD_SH_190517_SCH_+500µm_02.jpg,10,Sandeels,Hyperoplus lanceolatus,0.003455106,0.9394887685775757
GS_AD_SH_190517_SCH_+500µm_02.jpg,11,Sandeels,Hyperoplus lanceolatus,0.009206977,0.8974744081497192
GS_AD_SH_190517_SCH_+500µm_02.jpg,12,Sandeels,Ammodytes marinus,0.0013829265,0.8420628309249878
GS_AD_SH_190517_SCH_+500µm_02.jpg,13,Sandeels,Ammodytes marinus,0.00071377016,0.8030972480773926
GS_AD_SH_190517_SCH_+500µm_02.jpg,14,Sandeels,Hyperoplus lanceolatus,0.00088277954,0.8509770035743713
GS_AD_SH_190517_SCH_+500µm_02.jpg,15,Sandeels,Hyperoplus lanceolatus,0.0011250628,0.5416976809501648
GS_AD_SH_190517_SCH_+500µm_02.jpg,16,Sandeels,Ammodytes marinus,0.0014799183,0.8748040199279785
GS_AD_SH_190517_SCH_+500µm_02.jpg,17,Sandeels,Hyperoplus lanceolatus,0.002329166,0.6764405965805054
GS_AD_SH_190517_SCH_+500µm_02.jpg,18,Sandeels,Ammodytes marinus,0.00122034,0.8264428377151489
GS_AD_SH_190517_SCH_+500µm_02.jpg,19,Sandeels,Ammodytes marinus,0.0019099123,0.8816161751747131
GS_AD_SH_190517_SCH_+500µm_02.jpg,20,Sandeels,Hyperoplus lanceolatus,0.0011056646,0.513260543346405
GS_AD_SH_190517_SCH_+500µm_03.jpg,1,Sandeels,Hyperoplus lanceolatus,0.0011883004,0.7791462540626526
GS_AD_SH_190517_SCH_+500µm_03.jpg,2,Sandeels,Hyperoplus lanceolatus,0.009887961,0.8407658338546753
GS_AD_SH_190517_SCH_+500µm_03.jpg,3,Sandeels,Hyperoplus lanceolatus,0.0007267922,0.6170825362205505
GS_AD_SH_190517_SCH_+500µm_03.jpg,4,Sandeels,Hyperoplus lanceolatus,0.0015767659,0.5334329009056091
GS_AD_SH_190517_SCH_+500µm_03.jpg,5,Sandeels,Ammodytes marinus,0.0022362492,0.761105477809906
GS_AD_SH_190517_SCH_+500µm_03.jpg,6,Sandeels,Hyperoplus lanceolatus,0.0011219687,0.9147396683692932
GS_AD_SH_190517_SCH_+500µm_03.jpg,7,Sandeels,Hyperoplus lanceolatus,0.00037088266,0.8542234301567078
GS_AD_SH_190517_SCH_+500µm_03.jpg,8,Sandeels,Ammodytes marinus,0.0016037776,0.783096432685852
GS_AD_SH_190517_SCH_+500µm_03.jpg,9,Sandeels,Hyperoplus lanceolatus,0.0032084452,0.9193705320358276
GS_AD_SH_190517_SCH_+500µm_03.jpg,10,Sandeels,Ammodytes marinus,0.0016989948,0.8676187992095947
GS_AD_SH_190517_SCH_+500µm_03.jpg,11,Sandeels,Hyperoplus lanceolatus,0.0015661058,0.9418837428092957
GS_AD_SH_190517_SCH_+500µm_03.jpg,12,Sandeels,Ammodytes marinus,0.0018204291,0.9015249013900757
GS_AD_SH_190517_SCH_+500µm_03.jpg,13,Sandeels,Hyperoplus lanceolatus,0.0024470717,0.7672212719917297
GS_AD_SH_190517_SCH_+500µm_03.jpg,14,Sandeels,Hyperoplus lanceolatus,0.0031472684,0.8004957437515259
GS_AD_SH_190517_SCH_+500µm_03.jpg,15,Sandeels,Hyperoplus lanceolatus,0.005058479,0.48019230365753174
GS_AD_SH_190517_SCH_+500µm_03.jpg,16,Sandeels,Hyperoplus lanceolatus,0.0015018643,0.9157170057296753
GS_AD_SH_190517_SCH_+500µm_03.jpg,17,Sandeels,Hyperoplus lanceolatus,0.0007665035,0.5171731114387512
GS_AD_SH_190517_SCH_+500µm_03.jpg,18,Sandeels,Ammodytes marinus,0.0012081485,0.875463604927063
GS_AD_SH_190517_SCH_+500µm_03.jpg,19,Sandeels,Ammodytes marinus,0.00068879547,0.7696444392204285
GS_AD_SH_190517_SCH_+500µm_03.jpg,20,Sandeels,Hyperoplus lanceolatus,0.0020226508,0.8894813656806946
GS_AD_SH_190517_SCH_+500µm_03.jpg,21,Sandeels,Hyperoplus lanceolatus,0.00066784606,0.6243218779563904
GS_AD_SH_190517_SCH_+500µm_03.jpg,22,Sandeels,Hyperoplus lanceolatus,0.0008383751,0.5477741360664368
GS_AD_SH_190517_SCH_+500µm_03.jpg,23,Sandeels,Hyperoplus lanceolatus,0.0015123046,0.9423846006393433
GS_AD_SH_190517_SCH_+500µm_03.jpg,24,Sandeels,Hyperoplus lanceolatus,0.0034513448,0.9125430583953857
GS_AD_SH_190517_SCH_+500µm_03.jpg,25,Sandeels,Ammodytes tobianus,0.0051295953,0.8435544371604919
GS_AD_SH_190517_SCH_+500µm_03.jpg,26,Sandeels,Ammodytes marinus,0.0003062162,0.548608124256134
GS_AD_SH_190517_SCH_+500µm_03.jpg,27,Sandeels,Hyperoplus lanceolatus,0.009263841,0.9186236262321472
GS_AD_SH_190517_SCH_+500µm_03.jpg,28,Sandeels,Hyperoplus lanceolatus,0.0010686,0.8882330656051636
GS_AD_SH_190517_SCH_+500µm_03.jpg,29,Sandeels,Hyperoplus lanceolatus,0.0032723993,0.9161936640739441
GS_AD_SH_190517_SCH_+500µm_03.jpg,30,Sandeels,Hyperoplus lanceolatus,0.0006280207,0.8221681714057922
GS_AD_SH_190517_SCH_+500µm_03.jpg,31,Sandeels,Hyperoplus lanceolatus,0.0032319361,0.9441853165626526
GS_AD_SH_190517_SCH_+500µm_03.jpg,32,Sandeels,Hyperoplus lanceolatus,0.0121847,0.9027650356292725
GS_AD_SH_190517_SCH_+500µm_04.jpg,1,Sandeels,Hyperoplus lanceolatus,0.0037149822,0.8173859715461731
GS_AD_SH_190517_SCH_+500µm_04.jpg,2,Sandeels,Hyperoplus lanceolatus,0.0031827786,0.9345251321792603
GS_AD_SH_190517_SCH_+500µm_04.jpg,3,Sandeels,Hyperoplus lanceolatus,0.0033014037,0.7522537112236023
GS_AD_SH_190517_SCH_+500µm_04.jpg,4,Sandeels,Hyperoplus lanceolatus,0.012141633,0.8718714118003845
GS_AD_SH_190517_SCH_+500µm_04.jpg,5,Sandeels,Hyperoplus lanceolatus,0.0011008836,0.7201067209243774
GS_AD_SH_190517_SCH_+500µm_04.jpg,6,Sandeels,Hyperoplus lanceolatus,0.001921376,0.7698375582695007
GS_AD_SH_190517_SCH_+500µm_04.jpg,7,Sandeels,Hyperoplus lanceolatus,0.037165545,0.6164836287498474
GS_AD_SH_190517_SCH_+500µm_04.jpg,8,Sandeels,Hyperoplus lanceolatus,0.0037400918,0.7835716009140015
GS_AD_SH_190517_SCH_+500µm_04.jpg,9,Sandeels,Hyperoplus lanceolatus,0.0011890285,0.4750403165817261
GS_AD_SH_190517_SCH_+500µm_04.jpg,10,Sandeels,Hyperoplus lanceolatus,0.01805985,0.8492712378501892
GS_AD_SH_190517_SCH_+500µm_04.jpg,11,Sandeels,Hyperoplus lanceolatus,0.0035380071,0.8402397036552429
GS_AD_SH_190517_SCH_+500µm_04.jpg,12,Sandeels,Ammodytes tobianus,0.0030019372,0.6881701946258545
GS_AD_SH_190517_SCH_+500µm_04.jpg,13,Sandeels,Hyperoplus lanceolatus,0.0062074903,0.9184264540672302
GS_AD_SH_190517_SCH_+500µm_04.jpg,14,Sandeels,Hyperoplus lanceolatus,0.0153462505,0.5943559408187866
GS_AD_SH_190517_SCH_+500µm_04.jpg,15,Sandeels,Hyperoplus lanceolatus,0.021621874,0.7321645617485046
GS_AD_SH_190517_SCH_+500µm_04.jpg,16,Sandeels,Hyperoplus lanceolatus,0.05609787,0.543924868106842
GS_AD_SH_190517_SCH_+500µm_04.jpg,17,Sandeels,Hyperoplus lanceolatus,0.004855954,0.7206058502197266
GS_AD_SH_190517_SCH_+500µm_04.jpg,18,Sandeels,Ammodytes tobianus,0.0027792978,0.7578468322753906
GS_AD_SH_190517_SCH_+500µm_05.jpg,1,Sandeels,Hyperoplus lanceolatus,0.33024845,0.9134403467178345
GS_AD_SH_190517_SCH_+500µm_05.jpg,2,Sandeels,Hyperoplus lanceolatus,0.004326204,0.7951707243919373
GS_AD_SH_190517_SCH_+500µm_05.jpg,3,Clupeids,Alosa fallax,0.7640197,0.3764636218547821
GS_AD_SH_190517_SCH_+500µm_05.jpg,4,Sandeels,Hyperoplus lanceolatus,0.20145927,0.9155260324478149
GS_AD_SH_190517_SCH_+500µm_05.jpg,5,Sandeels,Hyperoplus lanceolatus,0.00868516,0.930410623550415
GS_AD_SH_190517_SCH_+500µm_05.jpg,6,Clupeids,Clupea harengus,0.84204066,0.476804256439209
GS_AD_SH_190517_SCH_+500µm_05.jpg,7,Clupeids,Clupea harengus,0.9568395,0.4527277648448944
GS_AD_SH_190517_SCH_+500µm_05.jpg,8,Sandeels,Hyperoplus lanceolatus,0.28337288,0.8742297887802124
GS_AD_SH_190517_SCH_+500µm_05.jpg,9,Sandeels,Ammodytes tobianus,0.001345121,0.8755753636360168
GS_AD_SH_190517_SCH_+500µm_05.jpg,10,Clupeids,Sprattus sprattus,0.62670267,0.4620284140110016
GS_AD_SH_190517_SCH_+500µm_05.jpg,11,Clupeids,Sprattus sprattus,0.68547124,0.48607081174850464
GS_AD_SH_190517_SCH_+500µm_05.jpg,12,Sandeels,Hyperoplus lanceolatus,0.06504436,0.5920484662055969
GS_AD_SH_190517_SCH_+500µm_05.jpg,13,Clupeids,Sprattus sprattus,0.5238322,0.510877788066864
GS_AD_SH_190517_SCH_+500µm_05.jpg,14,Clupeids,Sprattus sprattus,0.9845105,0.7201169729232788
GS_AD_SH_190517_SCH_+500µm_05.jpg,15,Sandeels,Hyperoplus lanceolatus,0.33534715,0.8645097017288208
GS_AD_SH_190517_SCH_+500µm_05.jpg,16,Sandeels,Hyperoplus lanceolatus,0.015930856,0.83043372631073
GS_AD_SH_190517_SCH_+500µm_05.jpg,17,Sandeels,Hyperoplus lanceolatus,0.34171048,0.597122848033905
GS_AD_SH_190517_SCH_+500µm_05.jpg,18,Sandeels,Hyperoplus lanceolatus,0.088617206,0.9174751043319702
GS_AD_SH_190517_SCH_+500µm_05.jpg,19,Clupeids,Alosa fallax,0.98064053,0.6367355585098267
GS_AD_SH_190517_SCH_+500µm_05.jpg,20,Sandeels,Hyperoplus lanceolatus,0.056079924,0.5630582571029663
GS_AD_SH_190517_SCH_+500µm_05.jpg,21,Sandeels,Hyperoplus lanceolatus,0.3192716,0.6078855395317078
GS_AD_SH_190517_SCH_+500µm_05.jpg,22,Sandeels,Hyperoplus lanceolatus,0.12009067,0.7138452529907227
GS_AD_SH_190517_SCH_+500µm_05.jpg,23,Sandeels,Hyperoplus lanceolatus,0.021804089,0.6180795431137085
GS_AD_SH_190517_SCH_+500µm_05.jpg,24,Sandeels,Hyperoplus lanceolatus,0.047386274,0.9192960858345032
GS_AD_SH_190517_SCH_+500µm_05.jpg,25,Sandeels,Hyperoplus lanceolatus,0.26175728,0.8075039386749268
GS_AD_SH_190517_SCH_+500µm_05.jpg,26,Sandeels,Ammodytes tobianus,0.0013433645,0.8072882294654846
GS_AD_SH_190517_SCH_+500µm_06.jpg,1,Sandeels,Ammodytes tobianus,0.4515657,0.719805121421814
GS_AD_SH_190517_SCH_+500µm_06.jpg,2,Clupeids,Sprattus sprattus,0.9822264,0.6423404812812805
GS_AD_SH_190517_SCH_+500µm_06.jpg,3,Sandeels,Hyperoplus lanceolatus,0.023728652,0.5518819689750671
GS_AD_SH_190517_SCH_+500µm_06.jpg,4,Clupeids,Sprattus sprattus,0.9313628,0.44848835468292236
GS_AD_SH_190517_SCH_+500µm_06.jpg,5,Clupeids,Sprattus sprattus,0.9763593,0.5112307667732239
GS_AD_SH_190517_SCH_+500µm_06.jpg,6,Clupeids,Sprattus sprattus,0.85610366,0.5856959223747253
GS_AD_SH_190517_SCH_+500µm_06.jpg,7,Clupeids,Sprattus sprattus,0.8598226,0.660715639591217
GS_AD_SH_190517_SCH_+500µm_06.jpg,8,Sandeels,Hyperoplus lanceolatus,0.46533713,0.4609208405017853
GS_AD_SH_190517_SCH_+500µm_06.jpg,9,Sandeels,Hyperoplus lanceolatus,0.16370699,0.8331764340400696
GS_AD_SH_190517_SCH_+500µm_06.jpg,10,Clupeids,Alosa fallax,0.6457711,0.39840295910835266
GS_AD_SH_190517_SCH_+500µm_06.jpg,11,Sandeels,Hyperoplus lanceolatus,0.23210827,0.7426995635032654
GS_AD_SH_190517_SCH_+500µm_06.jpg,12,Sandeels,Hyperoplus lanceolatus,0.4855248,0.6168788075447083
GS_AD_SH_190517_SCH_+500µm_06.jpg,13,Sandeels,Hyperoplus lanceolatus,0.2660303,0.41880956292152405
GS_AD_SH_190517_SCH_+500µm_06.jpg,14,Clupeids,Alosa fallax,0.9160655,0.695649266242981
GS_AD_SH_190517_SCH_+500µm_06.jpg,15,Clupeids,Alosa fallax,0.5280677,0.47276362776756287
GS_AD_SH_190517_SCH_+500µm_06.jpg,16,Clupeids,Sprattus sprattus,0.53753364,0.5319660902023315
GS_AD_SH_190517_SCH_+500µm_06.jpg,17,Sandeels,Hyperoplus lanceolatus,0.061589327,0.6582705974578857
GS_AD_SH_190517_SCH_+500µm_06.jpg,18,Sandeels,Ammodytes tobianus,0.0014839295,0.7840761542320251
GS_AD_SH_190517_SCH_+500µm_06.jpg,19,Clupeids,Sprattus sprattus,0.97941977,0.4433020353317261
GS_AD_SH_190517_SCH_+500µm_06.jpg,20,Sandeels,Hyperoplus lanceolatus,0.04057618,0.8847403526306152
GS_AD_SH_190517_SCH_+500µm_06.jpg,21,Sandeels,Hyperoplus lanceolatus,0.22714898,0.8186964988708496
GS_AD_SH_190517_SCH_+500µm_06.jpg,22,Sandeels,Hyperoplus lanceolatus,0.018611705,0.73448246717453
GS_AD_SH_190517_SCH_-500µm_001.jpg,1,Sandeels,Hyperoplus lanceolatus,0.006454322,0.9329932928085327
GS_AD_SH_190517_SCH_-500µm_001.jpg,2,Sandeels,Hyperoplus lanceolatus,0.0005898356,0.5856932401657104
GS_AD_SH_190517_SCH_-500µm_001.jpg,3,Sandeels,Hyperoplus lanceolatus,0.004247159,0.5782638192176819
GS_AD_SH_190517_SCH_-500µm_001.jpg,4,Sandeels,Hyperoplus lanceolatus,0.01365514,0.9215248227119446
GS_AD_SH_190517_SCH_-500µm_001.jpg,5,Sandeels,Hyperoplus lanceolatus,0.024542619,0.8758164048194885
GS_AD_SH_190517_SCH_-500µm_001.jpg,6,Clupeids,Sprattus sprattus,0.8885366,0.6108767986297607
GS_AD_SH_190517_SCH_-500µm_001.jpg,7,Sandeels,Ammodytes tobianus,0.0061095203,0.7321276664733887
GS_AD_SH_190517_SCH_-500µm_001.jpg,8,Sandeels,Hyperoplus lanceolatus,0.0026745421,0.8587340712547302
GS_AD_SH_190517_SCH_-500µm_001.jpg,9,Sandeels,Ammodytes tobianus,0.007213659,0.8000516295433044
GS_AD_SH_190517_SCH_-500µm_001.jpg,10,Sandeels,Hyperoplus lanceolatus,0.0023322895,0.6764335632324219
GS_AD_SH_190517_SCH_-500µm_001.jpg,11,Clupeids,Clupea harengus,0.96645176,0.4532906711101532
GS_AD_SH_190517_SCH_-500µm_001.jpg,12,Clupeids,Clupea harengus,0.99923944,0.6309530138969421
GS_AD_SH_190517_SCH_-500µm_001.jpg,13,Clupeids,Sprattus sprattus,0.7630009,0.5604155659675598
GS_AD_SH_190517_SCH_-500µm_001.jpg,14,Sandeels,Ammodytes tobianus,0.06942231,0.7081863880157471
GS_AD_SH_190517_SCH_-500µm_001.jpg,15,Sandeels,Ammodytes tobianus,0.028717086,0.7773562073707581
GS_AD_SH_190517_SCH_-500µm_001.jpg,16,Sandeels,Ammodytes tobianus,0.016045317,0.7155647277832031
GS_AD_SH_190517_SCH_-500µm_001.jpg,17,Clupeids,Clupea harengus,0.76673865,0.49153828620910645
GS_AD_SH_190517_SCH_-500µm_001.jpg,18,Sandeels,Ammodytes tobianus,0.114805624,0.6696869730949402
GS_AD_SH_190517_SCH_-500µm_001.jpg,19,Sandeels,Ammodytes tobianus,0.01303052,0.555321455001831
GS_AD_SH_190517_SCH_-500µm_001.jpg,20,Clupeids,Alosa fallax,0.7736268,0.45576727390289307
GS_AD_SH_190517_SCH_-500µm_001.jpg,21,Clupeids,Sprattus sprattus,0.9017462,0.535693883895874
GS_AD_SH_190517_SCH_-500µm_001.jpg,22,Clupeids,Clupea harengus,0.5628033,0.3882817327976227
GS_AD_SH_190517_SCH_-500µm_001.jpg,23,Clupeids,Clupea harengus,0.95671445,0.6170704960823059
GS_AD_SH_190517_SCH_-500µm_001.jpg,24,Sandeels,Hyperoplus lanceolatus,0.02128773,0.4673684239387512
GS_AD_SH_190517_SCH_-500µm_001.jpg,25,Sandeels,Ammodytes tobianus,0.012741469,0.846189022064209
GS_AD_SH_190517_SCH_-500µm_001.jpg,26,Clupeids,Alosa fallax,0.73700535,0.41703179478645325
GS_AD_SH_190517_SCH_-500µm_001.jpg,27,Sandeels,Ammodytes tobianus,0.46182078,0.8155758380889893
GS_AD_SH_190517_SCH_-500µm_001.jpg,28,Sandeels,Ammodytes tobianus,0.008217151,0.8327039480209351
GS_AD_SH_190517_SCH_-500µm_001.jpg,29,Sandeels,Ammodytes tobianus,0.010811959,0.8128260374069214
GS_AD_SH_190517_SCH_-500µm_001.jpg,30,Sandeels,Ammodytes tobianus,0.20388897,0.4569314420223236
GS_AD_SH_190517_SCH_-500µm_001.jpg,31,Sandeels,Ammodytes tobianus,0.012605307,0.8012576103210449
GS_AD_SH_190517_SCH_-500µm_001.jpg,32,Clupeids,Sprattus sprattus,0.7603846,0.504508376121521
GS_AD_SH_190517_SCH_-500µm_001.jpg,33,Sandeels,Hyperoplus lanceolatus,0.043194823,0.8035323023796082
GS_AD_SH_190517_SCH_-500µm_001.jpg,34,Sandeels,Ammodytes tobianus,0.075795926,0.7292841076850891
GS_AD_SH_190517_SCH_-500µm_001.jpg,35,Sandeels,Ammodytes tobianus,0.034705587,0.46237489581108093
GS_AD_SH_190517_SCH_-500µm_001.jpg,36,Clupeids,Alosa fallax,0.95845324,0.522387683391571
GS_AD_SH_190517_SCH_-500µm_001.jpg,37,Sandeels,Ammodytes tobianus,0.02416354,0.616512656211853
GS_AD_SH_190517_SCH_-500µm_001.jpg,38,Sandeels,Hyperoplus lanceolatus,0.04621969,0.8052263259887695
GS_AD_SH_190517_SCH_-500µm_001.jpg,39,Sandeels,Hyperoplus lanceolatus,0.022976337,0.757797122001648
GS_AD_SH_190517_SCH_-500µm_001.jpg,40,Sandeels,Ammodytes tobianus,0.005223896,0.6740456223487854
GS_AD_SH_190517_SCH_-500µm_001.jpg,41,Sandeels,Hyperoplus lanceolatus,0.002470996,0.7015436291694641
GS_AD_SH_190517_SCH_-500µm_001.jpg,42,Sandeels,Hyperoplus lanceolatus,0.09869702,0.5342894792556763
GS_AD_SH_190517_SCH_-500µm_001.jpg,43,Sandeels,Hyperoplus lanceolatus,0.014627652,0.5129653215408325
GS_AD_SH_190517_SCH_-500µm_001.jpg,44,Sandeels,Ammodytes tobianus,0.01764291,0.7866564393043518
GS_AD_SH_190517_SCH_-500µm_001.jpg,45,Sandeels,Ammodytes tobianus,0.0024196785,0.7358289361000061
GS_AD_SH_190517_SCH_-500µm_001.jpg,46,Sandeels,Ammodytes tobianus,0.21656471,0.5883412957191467
GS_AD_SH_190517_SCH_-500µm_001.jpg,47,Sandeels,Ammodytes tobianus,0.0029313008,0.6809093952178955
GS_AD_SH_190517_SCH_-500µm_001.jpg,48,Sandeels,Hyperoplus lanceolatus,0.06836737,0.6906136870384216
GS_AD_SH_190517_SCH_-500µm_001.jpg,49,Sandeels,Ammodytes tobianus,0.49301738,0.7107799649238586
GS_AD_SH_190517_SCH_-500µm_001.jpg,50,Sandeels,Ammodytes tobianus,0.06892712,0.6497385501861572
GS_AD_SH_220517_SCH_+500µm_01.jpg,1,Sandeels,Ammodytes marinus,0.0018127831,0.8767143487930298
GS_AD_SH_220517_SCH_+500µm_01.jpg,2,Sandeels,Ammodytes marinus,0.0018865088,0.8499348759651184
GS_AD_SH_220517_SCH_+500µm_01.jpg,3,Sandeels,Ammodytes marinus,0.002346278,0.8387998938560486
GS_AD_SH_220517_SCH_+500µm_01.jpg,4,Sandeels,Ammodytes marinus,0.0033044193,0.8575382232666016
GS_AD_SH_220517_SCH_+500µm_01.jpg,5,Sandeels,Hyperoplus lanceolatus,0.0008622532,0.64003986120224
GS_AD_SH_220517_SCH_+500µm_01.jpg,6,Sandeels,Ammodytes marinus,0.0035520063,0.7758874297142029
GS_AD_SH_220517_SCH_+500µm_01.jpg,7,Sandeels,Hyperoplus lanceolatus,0.0021733835,0.8221043944358826
GS_AD_SH_220517_SCH_+500µm_01.jpg,8,Sandeels,Ammodytes marinus,0.00079050905,0.7984420657157898
GS_AD_SH_220517_SCH_+500µm_01.jpg,9,Sandeels,Ammodytes marinus,0.00047515787,0.731450617313385
GS_AD_SH_220517_SCH_+500µm_01.jpg,10,Sandeels,Ammodytes marinus,0.00088412606,0.8516284823417664
GS_AD_SH_220517_SCH_+500µm_01.jpg,11,Sandeels,Hyperoplus lanceolatus,0.004486227,0.9004508256912231
GS_AD_SH_220517_SCH_+500µm_01.jpg,12,Sandeels,Hyperoplus lanceolatus,0.0011379166,0.8134511113166809
GS_AD_SH_220517_SCH_+500µm_01.jpg,13,Sandeels,Hyperoplus lanceolatus,0.005367189,0.8822856545448303
GS_AD_SH_220517_SCH_+500µm_01.jpg,14,Sandeels,Hyperoplus lanceolatus,0.001558985,0.7874990701675415
GS_AD_SH_220517_SCH_+500µm_01.jpg,15,Sandeels,Ammodytes marinus,0.0010841716,0.5206064581871033
GS_AD_SH_220517_SCH_+500µm_01.jpg,16,Sandeels,Hyperoplus lanceolatus,0.012433595,0.9208151698112488
GS_AD_SH_220517_SCH_+500µm_01.jpg,17,Sandeels,Hyperoplus lanceolatus,0.0008485088,0.7222593426704407
GS_AD_SH_220517_SCH_+500µm_01.jpg,18,Sandeels,Hyperoplus lanceolatus,0.004965703,0.8947607278823853
GS_AD_SH_220517_SCH_+500µm_01.jpg,19,Sandeels,Hyperoplus lanceolatus,0.0020906974,0.5674772262573242
GS_AD_SH_220517_SCH_+500µm_01.jpg,20,Sandeels,Ammodytes marinus,0.0012308822,0.868694007396698
GS_AD_SH_220517_SCH_+500µm_01.jpg,21,Sandeels,Ammodytes marinus,0.0005467078,0.5844002366065979
GS_AD_SH_220517_SCH_+500µm_01.jpg,22,Sandeels,Hyperoplus lanceolatus,0.020449705,0.9258132576942444
GS_AD_SH_220517_SCH_+500µm_01.jpg,23,Sandeels,Hyperoplus lanceolatus,0.021783736,0.8953499794006348
GS_AD_SH_220517_SCH_+500µm_02.jpg,1,Sandeels,Hyperoplus lanceolatus,0.0017980464,0.9510036110877991
GS_AD_SH_220517_SCH_+500µm_02.jpg,2,Sandeels,Hyperoplus lanceolatus,0.0024049904,0.9016243815422058
GS_AD_SH_220517_SCH_+500µm_02.jpg,3,Sandeels,Hyperoplus lanceolatus,0.0038124162,0.8702128529548645
GS_AD_SH_220517_SCH_+500µm_02.jpg,4,Sandeels,Hyperoplus lanceolatus,0.004897591,0.898530900478363
GS_AD_SH_220517_SCH_+500µm_02.jpg,5,Sandeels,Hyperoplus lanceolatus,0.0149783045,0.9104850888252258
GS_AD_SH_220517_SCH_+500µm_02.jpg,6,Sandeels,Hyperoplus lanceolatus,0.001156902,0.897432804107666
GS_AD_SH_220517_SCH_+500µm_02.jpg,7,Sandeels,Hyperoplus lanceolatus,0.0048881373,0.6189670562744141
GS_AD_SH_220517_SCH_+500µm_02.jpg,8,Sandeels,Hyperoplus lanceolatus,0.0020097757,0.9038527607917786
GS_AD_SH_220517_SCH_+500µm_02.jpg,9,Sandeels,Ammodytes marinus,0.0008838169,0.7568638324737549
GS_AD_SH_220517_SCH_+500µm_02.jpg,10,Sandeels,Ammodytes marinus,0.00082907715,0.5533236265182495
GS_AD_SH_220517_SCH_+500µm_02.jpg,11,Sandeels,Hyperoplus lanceolatus,0.0031544247,0.9353376030921936
GS_AD_SH_220517_SCH_+500µm_02.jpg,12,Sandeels,Hyperoplus lanceolatus,0.0005874229,0.7241969108581543
GS_AD_SH_220517_SCH_+500µm_02.jpg,13,Sandeels,Hyperoplus lanceolatus,0.0020573873,0.9250426888465881
GS_AD_SH_220517_SCH_+500µm_02.jpg,14,Sandeels,Ammodytes marinus,0.0016097373,0.679244339466095
GS_AD_SH_220517_SCH_+500µm_02.jpg,15,Sandeels,Hyperoplus lanceolatus,0.0015163566,0.7369542121887207
GS_AD_SH_220517_SCH_+500µm_02.jpg,16,Sandeels,Hyperoplus lanceolatus,0.0030263728,0.9242996573448181
GS_AD_SH_220517_SCH_+500µm_02.jpg,17,Sandeels,Ammodytes marinus,0.0024880369,0.8058866858482361
GS_AD_SH_220517_SCH_+500µm_02.jpg,18,Sandeels,Hyperoplus lanceolatus,0.004178401,0.7752474546432495
GS_AD_SH_220517_SCH_+500µm_02.jpg,19,Sandeels,Ammodytes marinus,0.0019683843,0.8013626337051392
GS_AD_SH_220517_SCH_+500µm_02.jpg,20,Sandeels,Hyperoplus lanceolatus,0.0018294731,0.8112782835960388
GS_AD_SH_220517_SCH_+500µm_02.jpg,21,Sandeels,Hyperoplus lanceolatus,0.0008741961,0.7338767647743225
GS_AD_SH_220517_SCH_+500µm_02.jpg,22,Sandeels,Hyperoplus lanceolatus,0.0015687444,0.8052279353141785
GS_AD_SH_220517_SCH_+500µm_02.jpg,23,Sandeels,Hyperoplus lanceolatus,0.0012037095,0.8380465507507324
GS_AD_SH_220517_SCH_+500µm_02.jpg,24,Sandeels,Hyperoplus lanceolatus,0.0011096633,0.8896523118019104
GS_AD_SH_220517_SCH_+500µm_02.jpg,25,Sandeels,Hyperoplus lanceolatus,0.00482289,0.7889686226844788
GS_AD_SH_220517_SCH_+500µm_02.jpg,26,Sandeels,Hyperoplus lanceolatus,0.0017429057,0.9342571496963501
GS_AD_SH_220517_SCH_+500µm_02.jpg,27,Sandeels,Hyperoplus lanceolatus,0.002514331,0.47458064556121826
GS_AD_SH_220517_SCH_+500µm_02.jpg,28,Sandeels,Hyperoplus lanceolatus,0.01699027,0.8305968642234802
GS_AD_SH_220517_SCH_+500µm_02.jpg,29,Sandeels,Hyperoplus lanceolatus,0.0033071593,0.9045004844665527
GS_AD_SH_220517_SCH_+500µm_02.jpg,30,Sandeels,Hyperoplus lanceolatus,0.009485713,0.8352876901626587
GS_AD_SH_220517_SCH_+500µm_02.jpg,31,Sandeels,Hyperoplus lanceolatus,0.0011764191,0.6315721273422241
GS_AD_SH_220517_SCH_+500µm_02.jpg,32,Sandeels,Hyperoplus lanceolatus,0.00463871,0.8313846588134766
GS_AD_SH_220517_SCH_+500µm_02.jpg,33,Sandeels,Hyperoplus lanceolatus,0.0031814324,0.8565343618392944
GS_AD_SH_220517_SCH_+500µm_03.jpg,1,Clupeids,Sprattus sprattus,0.76685095,0.7554126977920532
GS_AD_SH_220517_SCH_+500µm_03.jpg,2,Clupeids,Sprattus sprattus,0.9896041,0.7719221711158752
GS_AD_SH_220517_SCH_+500µm_03.jpg,3,Sandeels,Hyperoplus lanceolatus,0.26808348,0.822349488735199
GS_AD_SH_220517_SCH_+500µm_03.jpg,4,Clupeids,Sprattus sprattus,0.64033103,0.4419580101966858
GS_AD_SH_220517_SCH_+500µm_03.jpg,5,Clupeids,Sprattus sprattus,0.97167665,0.7274657487869263
GS_AD_SH_220517_SCH_+500µm_03.jpg,6,Sandeels,Hyperoplus lanceolatus,0.2932824,0.9171910285949707
GS_AD_SH_220517_SCH_+500µm_03.jpg,7,Clupeids,Alosa fallax,0.86600006,0.41483068466186523
GS_AD_SH_220517_SCH_+500µm_03.jpg,8,Sandeels,Hyperoplus lanceolatus,0.1531426,0.8963399529457092
GS_AD_SH_220517_SCH_+500µm_03.jpg,9,Clupeids,Sprattus sprattus,0.8188975,0.46820464730262756
GS_AD_SH_220517_SCH_+500µm_03.jpg,10,Clupeids,Sprattus sprattus,0.8641897,0.3935704529285431
GS_AD_SH_220517_SCH_+500µm_03.jpg,11,Sandeels,Hyperoplus lanceolatus,0.23754217,0.6677569150924683
GS_AD_SH_220517_SCH_+500µm_03.jpg,12,Sandeels,Hyperoplus lanceolatus,0.2824984,0.8991038203239441
GS_AD_SH_220517_SCH_+500µm_03.jpg,13,Clupeids,Sprattus sprattus,0.52364653,0.6785576939582825
GS_AD_SH_220517_SCH_+500µm_03.jpg,14,Clupeids,Sprattus sprattus,0.8152653,0.6283792853355408
GS_AD_SH_220517_SCH_+500µm_03.jpg,15,Clupeids,Alosa fallax,0.7199179,0.5199577808380127
GS_AD_SH_220517_SCH_+500µm_03.jpg,16,Sandeels,Hyperoplus lanceolatus,0.16481456,0.4821048080921173
GS_AD_SH_220517_SCH_+500µm_03.jpg,17,Clupeids,Sprattus sprattus,0.6949254,0.3575759828090668
GS_AD_SH_220517_SCH_+500µm_03.jpg,18,Sandeels,Hyperoplus lanceolatus,0.32128432,0.7352292537689209
GS_AD_SH_220517_SCH_+500µm_03.jpg,19,Clupeids,Sprattus sprattus,0.9393137,0.5182543992996216
GS_AD_SH_220517_SCH_+500µm_03.jpg,20,Sandeels,Hyperoplus lanceolatus,0.4951237,0.8226712346076965
GS_AD_SH_220517_SCH_+500µm_03.jpg,21,Sandeels,Hyperoplus lanceolatus,0.13332094,0.8609050512313843
GS_AD_SH_220517_SCH_+500µm_03.jpg,22,Clupeids,Clupea harengus,0.8542142,0.6495146155357361
GS_AD_SH_220517_SCH_+500µm_03.jpg,23,Sandeels,Hyperoplus lanceolatus,0.28712118,0.875658392906189
GS_AD_SH_220517_SCH_+500µm_03.jpg,24,Clupeids,Sprattus sprattus,0.5806063,0.5334771275520325
GS_AD_SH_220517_SCH_+500µm_03.jpg,25,Sandeels,Hyperoplus lanceolatus,0.4917875,0.7061442136764526
GS_AD_SH_220517_SCH_+500µm_03.jpg,26,Sandeels,Hyperoplus lanceolatus,0.13986534,0.8555224537849426
GS_AD_SH_220517_SCH_+500µm_03.jpg,27,Sandeels,Hyperoplus lanceolatus,0.034276824,0.8543519377708435
GS_AD_SH_220517_SCH_+500µm_04.jpg,1,Sandeels,Hyperoplus lanceolatus,0.0008214947,0.6331965923309326
GS_AD_SH_220517_SCH_+500µm_04.jpg,2,Sandeels,Ammodytes marinus,0.0006424485,0.5983019471168518
GS_AD_SH_220517_SCH_+500µm_04.jpg,3,Sandeels,Hyperoplus lanceolatus,0.00062091125,0.8336781859397888
GS_AD_SH_220517_SCH_+500µm_04.jpg,4,Sandeels,Hyperoplus lanceolatus,0.005321213,0.7746109366416931
GS_AD_SH_220517_SCH_+500µm_04.jpg,5,Sandeels,Hyperoplus lanceolatus,0.26644975,0.6954492926597595
GS_AD_SH_220517_SCH_+500µm_04.jpg,6,Sandeels,Hyperoplus lanceolatus,0.013061438,0.8583755493164062
GS_AD_SH_220517_SCH_+500µm_04.jpg,7,Sandeels,Hyperoplus lanceolatus,0.019052718,0.7629229426383972
GS_AD_SH_220517_SCH_+500µm_04.jpg,8,Sandeels,Ammodytes tobianus,0.01911093,0.6879732012748718
GS_AD_SH_220517_SCH_+500µm_04.jpg,9,Sandeels,Hyperoplus lanceolatus,0.057778034,0.74696946144104
GS_AD_SH_220517_SCH_+500µm_04.jpg,10,Sandeels,Ammodytes tobianus,0.002601856,0.852148711681366
GS_AD_SH_220517_SCH_+500µm_04.jpg,11,Sandeels,Hyperoplus lanceolatus,0.26783994,0.7291288375854492
GS_AD_SH_220517_SCH_+500µm_04.jpg,12,Sandeels,Ammodytes tobianus,0.1981696,0.5405628085136414
GS_AD_SH_220517_SCH_+500µm_04.jpg,13,Clupeids,Sprattus sprattus,0.89349127,0.4759032726287842
GS_AD_SH_220517_SCH_+500µm_04.jpg,14,Sandeels,Hyperoplus lanceolatus,0.2802271,0.8600990772247314
GS_AD_SH_220517_SCH_+500µm_04.jpg,15,Clupeids,Alosa fallax,0.56808287,0.5218024849891663
GS_AD_SH_220517_SCH_+500µm_04.jpg,16,Sandeels,Ammodytes marinus,0.033089373,0.36233893036842346
GS_AD_SH_220517_SCH_+500µm_04.jpg,17,Sandeels,Hyperoplus lanceolatus,0.15824379,0.7328608632087708
GS_AD_SH_220517_SCH_+500µm_04.jpg,18,Clupeids,Sprattus sprattus,0.989263,0.5935507416725159
GS_AD_SH_220517_SCH_+500µm_04.jpg,19,Clupeids,Alosa fallax,0.6180992,0.4405524730682373
GS_AD_SH_220517_SCH_+500µm_04.jpg,20,Sandeels,Hyperoplus lanceolatus,0.018518567,0.9320297837257385
GS_AD_SH_220517_SCH_+500µm_04.jpg,21,Clupeids,Sprattus sprattus,0.55063957,0.35288089513778687
GS_AD_SH_220517_SCH_+500µm_04.jpg,22,Clupeids,Sprattus sprattus,0.76093316,0.577203631401062
GS_AD_SH_220517_SCH_+500µm_04.jpg,23,Sandeels,Ammodytes tobianus,0.13681705,0.6208131909370422
GS_AD_SH_220517_SCH_+500µm_04.jpg,24,Sandeels,Hyperoplus lanceolatus,0.13334405,0.4610160291194916
GS_AD_SH_220517_SCH_+500µm_04.jpg,25,Clupeids,Alosa fallax,0.8851779,0.558183491230011
GS_AD_SH_220517_SCH_+500µm_04.jpg,26,Clupeids,Sprattus sprattus,0.75949514,0.47778424620628357
GS_AD_SH_220517_SCH_+500µm_04.jpg,27,Clupeids,Sprattus sprattus,0.9776218,0.4720399081707001
GS_AD_SH_220517_SCH_+500µm_04.jpg,28,Sandeels,Hyperoplus lanceolatus,0.003326093,0.7441721558570862
GS_AD_SH_220517_SCH_+500µm_04.jpg,29,Clupeids,Alosa fallax,0.55058044,0.4727139472961426
GS_AD_SH_220517_SCH_+500µm_04.jpg,30,Sandeels,Hyperoplus lanceolatus,0.0071957638,0.908433735370636
GS_AD_SH_220517_SCH_+500µm_04.jpg,31,Sandeels,Hyperoplus lanceolatus,0.08608318,0.7131795287132263
GS_AD_SH_220517_SCH_+500µm_04.jpg,32,Sandeels,Hyperoplus lanceolatus,0.074985206,0.9226604104042053
GS_AD_SH_220517_SCH_+500µm_04.jpg,33,Sandeels,Hyperoplus lanceolatus,0.43185347,0.6037567257881165
GS_AD_SH_220517_SCH_+500µm_04.jpg,34,Sandeels,Hyperoplus lanceolatus,0.01023899,0.8023547530174255
GS_AD_SH_220517_SCH_+500µm_04.jpg,35,Sandeels,Ammodytes tobianus,0.07616522,0.590618908405304
GS_AD_SH_220517_SCH_+500µm_04.jpg,36,Sandeels,Ammodytes tobianus,0.0049171904,0.6414369344711304
GS_AD_SH_220517_SCH_+500µm_04.jpg,37,Sandeels,Hyperoplus lanceolatus,0.015505009,0.541293740272522
GS_AD_SH_220517_SCH_+500µm_04.jpg,38,Sandeels,Ammodytes tobianus,0.003232649,0.7678558826446533
GS_AD_SH_220517_SCH_+500µm_04.jpg,39,Clupeids,Clupea harengus,0.8157121,0.3692116439342499
GS_AD_SH_220517_SCH_+500µm_04.jpg,40,Sandeels,Ammodytes tobianus,0.013455661,0.5736790299415588
GS_AD_SH_220517_SCH_+500µm_04.jpg,41,Sandeels,Hyperoplus lanceolatus,0.03844968,0.9174265265464783
GS_AD_SH_220517_SCH_+500µm_04.jpg,42,Sandeels,Hyperoplus lanceolatus,0.020876935,0.9179409742355347
GS_AD_SH_220517_SCH_+500µm_04.jpg,43,Sandeels,Hyperoplus lanceolatus,0.09322582,0.7916673421859741
GS_AD_SH_220517_SCH_+500µm_04.jpg,44,Sandeels,Hyperoplus lanceolatus,0.031952735,0.9040416479110718
GS_AD_SH_220517_SCH_+500µm_04.jpg,45,Sandeels,Hyperoplus lanceolatus,0.0038461485,0.7645013332366943
GS_AD_SH_220517_SCH_+500µm_04.jpg,46,Sandeels,Ammodytes tobianus,0.016088504,0.659300684928894
GS_AD_SH_220517_SCH_+500µm_04.jpg,47,Sandeels,Ammodytes tobianus,0.06475065,0.606802225112915
GS_AD_SH_220517_SCH_+500µm_04.jpg,48,Sandeels,Ammodytes tobianus,0.035941314,0.635043203830719
GS_AD_SH_220517_SCH_+500µm_04.jpg,49,Sandeels,Ammodytes tobianus,0.12230536,0.691909909248352
GS_AD_SH_220517_SCH_+500µm_04.jpg,50,Sandeels,Ammodytes tobianus,0.052719425,0.7493584156036377
GS_AD_SH_220517_SCH_+500µm_04.jpg,51,Sandeels,Ammodytes tobianus,0.002056026,0.7396848797798157
GS_AD_SH_220517_SCH_+500µm_04.jpg,52,Sandeels,Ammodytes tobianus,0.04568908,0.8085648417472839
GS_AD_SH_220517_SCH_+500µm_04.jpg,53,Sandeels,Ammodytes tobianus,0.27135918,0.533021092414856
GS_AD_SH_220517_SCH_+500µm_04.jpg,54,Sandeels,Hyperoplus lanceolatus,0.1767307,0.6694140434265137
GS_AD_SH_220517_SCH_+500µm_04.jpg,55,Sandeels,Hyperoplus lanceolatus,0.0047249035,0.601708710193634
GS_AD_SH_220517_SCH_+500µm_04.jpg,56,Sandeels,Hyperoplus lanceolatus,0.025581945,0.7089088559150696
GS_AD_SH_220517_SCH_+500µm_04.jpg,57,Sandeels,Ammodytes tobianus,0.04534163,0.7897644639015198
GS_AD_SH_220517_SCH_+500µm_04.jpg,58,Sandeels,Ammodytes tobianus,0.05666625,0.7350727319717407
GS_AD_SH_220517_SCH_-500µm_01.jpg,1,Sandeels,Ammodytes tobianus,0.0017365541,0.774559736251831
GS_AD_SH_220517_SCH_-500µm_01.jpg,2,Sandeels,Hyperoplus lanceolatus,0.002056286,0.8474560379981995
GS_AD_SH_220517_SCH_-500µm_01.jpg,3,Sandeels,Hyperoplus lanceolatus,0.0048648245,0.9299513101577759
GS_AD_SH_220517_SCH_-500µm_01.jpg,4,Sandeels,Hyperoplus lanceolatus,0.17164789,0.8995302319526672
GS_AD_SH_220517_SCH_-500µm_01.jpg,5,Sandeels,Hyperoplus lanceolatus,0.012767034,0.874230682849884
GS_AD_SH_220517_SCH_-500µm_01.jpg,6,Sandeels,Hyperoplus lanceolatus,0.002484611,0.7552729249000549
GS_AD_SH_220517_SCH_-500µm_01.jpg,7,Sandeels,Ammodytes tobianus,0.14884089,0.6695462465286255
GS_AD_SH_220517_SCH_-500µm_01.jpg,8,Sandeels,Hyperoplus lanceolatus,0.0077081034,0.907204806804657
GS_AD_SH_220517_SCH_-500µm_01.jpg,9,Sandeels,Hyperoplus lanceolatus,0.017041635,0.8898499011993408
GS_AD_SH_220517_SCH_-500µm_01.jpg,10,Sandeels,Hyperoplus lanceolatus,0.02377403,0.9168322682380676
GS_AD_SH_220517_SCH_-500µm_01.jpg,11,Sandeels,Hyperoplus lanceolatus,0.0019764681,0.6504356265068054
GS_AD_SH_220517_SCH_-500µm_01.jpg,12,Sandeels,Hyperoplus lanceolatus,0.034347143,0.6953808069229126
GS_AD_SH_220517_SCH_-500µm_01.jpg,13,Sandeels,Hyperoplus lanceolatus,0.009004335,0.5717782974243164
GS_AD_SH_220517_SCH_-500µm_01.jpg,14,Sandeels,Hyperoplus lanceolatus,0.34091562,0.8550523519515991
GS_AD_SH_220517_SCH_-500µm_01.jpg,15,Clupeids,Alosa fallax,0.82005537,0.4397231936454773
GS_AD_SH_220517_SCH_-500µm_01.jpg,16,Clupeids,Sprattus sprattus,0.98386455,0.8456743955612183
GS_AD_SH_220517_SCH_-500µm_01.jpg,17,Sandeels,Ammodytes marinus,0.0065844767,0.7117679119110107
GS_AD_SH_220517_SCH_-500µm_01.jpg,18,Clupeids,Sprattus sprattus,0.94991076,0.5151224136352539
GS_AD_SH_220517_SCH_-500µm_01.jpg,19,Clupeids,Sprattus sprattus,0.618864,0.3710785210132599
GS_AD_SH_220517_SCH_-500µm_01.jpg,20,Sandeels,Ammodytes tobianus,0.40043348,0.5424777269363403
GS_AD_SH_220517_SCH_-500µm_01.jpg,21,Sandeels,Hyperoplus lanceolatus,0.20053698,0.941454291343689
GS_AD_SH_220517_SCH_-500µm_01.jpg,22,Clupeids,Sprattus sprattus,0.98718166,0.5662734508514404
GS_AD_SH_220517_SCH_-500µm_01.jpg,23,Sandeels,Hyperoplus lanceolatus,0.4961712,0.7015452980995178
GS_AD_SH_220517_SCH_-500µm_01.jpg,24,Clupeids,Clupea harengus,0.9066904,0.5166778564453125
GS_AD_SH_220517_SCH_-500µm_01.jpg,25,Sandeels,Ammodytes tobianus,0.029562155,0.517187774181366
GS_AD_SH_220517_SCH_-500µm_01.jpg,26,Sandeels,Ammodytes tobianus,0.036154415,0.4583296775817871
GS_AD_SH_220517_SCH_-500µm_01.jpg,27,Clupeids,Sprattus sprattus,0.9763649,0.488008975982666
GS_AD_SH_220517_SCH_-500µm_01.jpg,28,Sandeels,Hyperoplus lanceolatus,0.02318773,0.5463322997093201
GS_AD_SH_220517_SCH_-500µm_01.jpg,29,Sandeels,Hyperoplus lanceolatus,0.19928186,0.7831627130508423
GS_AD_SH_220517_SCH_-500µm_01.jpg,30,Sandeels,Ammodytes tobianus,0.37066785,0.5917899012565613
GS_AD_SH_220517_SCH_-500µm_01.jpg,31,Clupeids,Sprattus sprattus,0.81884134,0.6731849908828735
GS_AD_SH_220517_SCH_-500µm_01.jpg,32,Sandeels,Ammodytes tobianus,0.45694688,0.6012635231018066
GS_AD_SH_220517_SCH_-500µm_01.jpg,33,Clupeids,Sprattus sprattus,0.52064025,0.5952511429786682
GS_AD_SH_220517_SCH_-500µm_01.jpg,34,Sandeels,Hyperoplus lanceolatus,0.17275186,0.6061177849769592
GS_AD_SH_220517_SCH_-500µm_01.jpg,35,Sandeels,Ammodytes tobianus,0.056435052,0.4834264814853668
GS_AD_SH_220517_SCH_-500µm_01.jpg,36,Sandeels,Ammodytes tobianus,0.12022581,0.6116182208061218
GS_AD_SH_220517_SCH_-500µm_01.jpg,37,Sandeels,Ammodytes tobianus,0.027706292,0.4997735321521759
GS_AD_SH_220517_SCH_-500µm_01.jpg,38,Sandeels,Hyperoplus lanceolatus,0.039159574,0.8386921286582947
GS_AD_SH_220517_SCH_-500µm_01.jpg,39,Sandeels,Ammodytes tobianus,0.24797584,0.6514437794685364
GS_AD_SH_220517_SCH_-500µm_01.jpg,40,Sandeels,Ammodytes tobianus,0.08625791,0.8850419521331787
GS_AD_SH_220517_SCH_-500µm_01.jpg,41,Sandeels,Hyperoplus lanceolatus,0.0036474788,0.5428938269615173
GS_AD_SH_220517_SCH_-500µm_01.jpg,42,Sandeels,Ammodytes tobianus,0.00078539684,0.709825336933136
GS_AD_SH_220517_SCH_-500µm_02.jpg,1,Sandeels,Ammodytes tobianus,0.003194672,0.7345717549324036
GS_AD_SH_220517_SCH_-500µm_02.jpg,2,Clupeids,Sprattus sprattus,0.9782371,0.45710572600364685
GS_AD_SH_220517_SCH_-500µm_02.jpg,3,Sandeels,Hyperoplus lanceolatus,0.31765047,0.5056513547897339
GS_AD_SH_220517_SCH_-500µm_02.jpg,4,Sandeels,Ammodytes tobianus,0.37411937,0.5394042134284973
GS_AD_SH_220517_SCH_-500µm_02.jpg,5,Clupeids,Clupea harengus,0.8632339,0.5643118619918823
GS_AD_SH_220517_SCH_-500µm_02.jpg,6,Clupeids,Clupea harengus,0.52268296,0.5822588801383972
GS_AD_SH_220517_SCH_-500µm_02.jpg,7,Sandeels,Ammodytes tobianus,0.0020487362,0.6023682355880737
GS_AD_SH_220517_SCH_-500µm_02.jpg,8,Sandeels,Hyperoplus lanceolatus,0.016878035,0.7254747748374939
GS_AD_SH_220517_SCH_-500µm_02.jpg,9,Sandeels,Hyperoplus lanceolatus,0.0019730718,0.8943545818328857
GS_AD_SH_220517_SCH_-500µm_02.jpg,10,Clupeids,Sprattus sprattus,0.5140906,0.4067317843437195
GS_AD_SH_220517_SCH_-500µm_02.jpg,11,Clupeids,Alosa fallax,0.87160116,0.4243899881839752
GS_AD_SH_220517_SCH_-500µm_02.jpg,12,Sandeels,Hyperoplus lanceolatus,0.017059065,0.5956391096115112
GS_AD_SH_220517_SCH_-500µm_02.jpg,13,Sandeels,Ammodytes tobianus,0.0004744758,0.8359079360961914
GS_AD_SH_220517_SCH_-500µm_02.jpg,14,Sandeels,Hyperoplus lanceolatus,0.023889598,0.8944389820098877
GS_AD_SH_220517_SCH_-500µm_02.jpg,15,Clupeids,Sprattus sprattus,0.8232635,0.5394880771636963
GS_AD_SH_220517_SCH_-500µm_02.jpg,16,Sandeels,Hyperoplus lanceolatus,0.09806148,0.49922388792037964
GS_AD_SH_220517_SCH_-500µm_02.jpg,17,Sandeels,Hyperoplus lanceolatus,0.3675079,0.7042980790138245
GS_AD_SH_220517_SCH_-500µm_02.jpg,18,Sandeels,Ammodytes tobianus,0.0029978456,0.6973553895950317
GS_AD_SH_220517_SCH_-500µm_02.jpg,19,Clupeids,Sprattus sprattus,0.9630413,0.6451154947280884
GS_AD_SH_220517_SCH_-500µm_02.jpg,20,Sandeels,Hyperoplus lanceolatus,0.33206296,0.9058831334114075
GS_AD_SH_220517_SCH_-500µm_02.jpg,21,Sandeels,Hyperoplus lanceolatus,0.015853943,0.8266935348510742
GS_AD_SH_220517_SCH_-500µm_02.jpg,22,Sandeels,Ammodytes tobianus,0.084622554,0.533510148525238
GS_AD_SH_220517_SCH_-500µm_02.jpg,23,Sandeels,Hyperoplus lanceolatus,0.018413523,0.761274516582489
GS_AD_SH_220517_SCH_-500µm_02.jpg,24,Clupeids,Sprattus sprattus,0.89265275,0.7455649375915527
GS_AD_SH_220517_SCH_-500µm_02.jpg,25,Clupeids,Sprattus sprattus,0.7862893,0.6619629263877869
GS_AD_SH_220517_SCH_-500µm_02.jpg,26,Sandeels,Ammodytes tobianus,0.009828747,0.4447968602180481
GS_AD_SH_220517_SCH_-500µm_02.jpg,27,Sandeels,Ammodytes tobianus,0.0014088227,0.8111575245857239
GS_AD_SH_220517_SCH_-500µm_02.jpg,28,Clupeids,Clupea harengus,0.7261137,0.5423795580863953
GS_AD_SH_220517_SCH_-500µm_02.jpg,29,Clupeids,Clupea harengus,0.99732286,0.7377612590789795
GS_AD_SH_220517_SCH_-500µm_02.jpg,30,Clupeids,Clupea harengus,0.87408346,0.6774730086326599
GS_AD_SH_220517_SCH_-500µm_02.jpg,31,Sandeels,Ammodytes tobianus,0.043821417,0.45879068970680237
GS_AD_SH_220517_SCH_-500µm_02.jpg,32,Clupeids,Clupea harengus,0.97249246,0.7996768951416016
GS_AD_SH_220517_SCH_-500µm_02.jpg,33,Clupeids,Clupea harengus,0.74933404,0.6941899657249451
GS_AD_SH_250517_SCH_+500µm_001.jpg,1,Sandeels,Ammodytes marinus,0.0024745057,0.8983011245727539
GS_AD_SH_250517_SCH_+500µm_001.jpg,2,Sandeels,Hyperoplus lanceolatus,0.0013517875,0.8369126319885254
GS_AD_SH_250517_SCH_+500µm_001.jpg,3,Sandeels,Ammodytes marinus,0.000994576,0.8698740005493164
GS_AD_SH_250517_SCH_+500µm_001.jpg,4,Sandeels,Ammodytes marinus,0.0013891277,0.8855701088905334
GS_AD_SH_250517_SCH_+500µm_001.jpg,5,Sandeels,Hyperoplus lanceolatus,0.003363908,0.8279861211776733
GS_AD_SH_250517_SCH_+500µm_001.jpg,6,Sandeels,Ammodytes marinus,0.0012167431,0.8770216703414917
GS_AD_SH_250517_SCH_+500µm_001.jpg,7,Sandeels,Ammodytes marinus,0.0005554196,0.7322325110435486
GS_AD_SH_250517_SCH_+500µm_001.jpg,8,Sandeels,Hyperoplus lanceolatus,0.0034497494,0.8299127817153931
GS_AD_SH_250517_SCH_+500µm_001.jpg,9,Sandeels,Ammodytes marinus,0.002966602,0.6855003833770752
GS_AD_SH_250517_SCH_+500µm_001.jpg,10,Sandeels,Ammodytes marinus,0.0023229613,0.9001590013504028
GS_AD_SH_250517_SCH_+500µm_001.jpg,11,Sandeels,Ammodytes marinus,0.0016038984,0.6696502566337585
GS_AD_SH_250517_SCH_+500µm_001.jpg,12,Sandeels,Ammodytes marinus,0.0015257639,0.8756358623504639
GS_AD_SH_250517_SCH_+500µm_001.jpg,13,Sandeels,Hyperoplus lanceolatus,0.0007026969,0.5459434390068054
GS_AD_SH_250517_SCH_+500µm_001.jpg,14,Sandeels,Ammodytes marinus,0.0021463027,0.883806586265564
GS_AD_SH_250517_SCH_+500µm_001.jpg,15,Sandeels,Hyperoplus lanceolatus,0.0015443667,0.8675822615623474
GS_AD_SH_250517_SCH_+500µm_001.jpg,16,Sandeels,Ammodytes marinus,0.0010043426,0.879060685634613
GS_AD_SH_250517_SCH_+500µm_001.jpg,17,Sandeels,Hyperoplus lanceolatus,0.0021310162,0.7621009945869446
GS_AD_SH_250517_SCH_+500µm_001.jpg,18,Sandeels,Ammodytes marinus,0.0044104545,0.9086650013923645
GS_AD_SH_250517_SCH_+500µm_001.jpg,19,Sandeels,Hyperoplus lanceolatus,0.0012203796,0.705473005771637
GS_AD_SH_250517_SCH_+500µm_001.jpg,20,Sandeels,Hyperoplus lanceolatus,0.0012316644,0.8448635339736938
GS_AD_SH_250517_SCH_+500µm_001.jpg,21,Sandeels,Ammodytes marinus,0.0013212425,0.854096531867981
GS_AD_SH_250517_SCH_+500µm_001.jpg,22,Sandeels,Ammodytes marinus,0.001591626,0.8801809549331665
GS_AD_SH_250517_SCH_+500µm_001.jpg,23,Sandeels,Hyperoplus lanceolatus,0.017963197,0.7399296760559082
GS_AD_SH_250517_SCH_+500µm_002.jpg,1,Sandeels,Ammodytes tobianus,0.00025228772,0.8825627565383911
GS_AD_SH_250517_SCH_+500µm_002.jpg,2,Sandeels,Hyperoplus lanceolatus,0.003908655,0.8935539722442627
GS_AD_SH_250517_SCH_+500µm_002.jpg,3,Sandeels,Ammodytes marinus,0.0013746618,0.707204282283783
GS_AD_SH_250517_SCH_+500µm_002.jpg,4,Sandeels,Hyperoplus lanceolatus,0.005910749,0.8382793664932251
GS_AD_SH_250517_SCH_+500µm_002.jpg,5,Sandeels,Ammodytes marinus,0.002030383,0.5728456377983093
GS_AD_SH_250517_SCH_+500µm_002.jpg,6,Sandeels,Ammodytes marinus,0.0016900154,0.8786830902099609
GS_AD_SH_250517_SCH_+500µm_002.jpg,7,Sandeels,Ammodytes marinus,0.00079603744,0.8076670169830322
GS_AD_SH_250517_SCH_+500µm_002.jpg,8,Sandeels,Ammodytes marinus,0.00075076916,0.5718064308166504
GS_AD_SH_250517_SCH_+500µm_002.jpg,9,Sandeels,Hyperoplus lanceolatus,0.0021119688,0.6207991242408752
GS_AD_SH_250517_SCH_+500µm_002.jpg,10,Sandeels,Ammodytes marinus,0.00090965297,0.7333846688270569
GS_AD_SH_250517_SCH_+500µm_002.jpg,11,Clupeids,Sprattus sprattus,0.7758813,0.7120721340179443
GS_AD_SH_250517_SCH_+500µm_002.jpg,12,Sandeels,Hyperoplus lanceolatus,0.13241304,0.4360502362251282
GS_AD_SH_250517_SCH_+500µm_002.jpg,13,Sandeels,Ammodytes tobianus,0.006017994,0.828490674495697
GS_AD_SH_250517_SCH_+500µm_002.jpg,14,Sandeels,Hyperoplus lanceolatus,0.011521718,0.8823064565658569
GS_AD_SH_250517_SCH_+500µm_002.jpg,15,Sandeels,Ammodytes marinus,0.001469394,0.6569910049438477
GS_AD_SH_250517_SCH_+500µm_002.jpg,16,Sandeels,Ammodytes marinus,0.00072730525,0.7933911085128784
GS_AD_SH_250517_SCH_+500µm_002.jpg,17,Sandeels,Hyperoplus lanceolatus,0.008911004,0.9022696018218994
GS_AD_SH_250517_SCH_+500µm_002.jpg,18,Sandeels,Hyperoplus lanceolatus,0.0054257363,0.8793192505836487
GS_AD_SH_250517_SCH_+500µm_002.jpg,19,Sandeels,Ammodytes marinus,0.000997113,0.7620251774787903
GS_AD_SH_250517_SCH_+500µm_002.jpg,20,Sandeels,Hyperoplus lanceolatus,0.0030074741,0.4595954716205597
GS_AD_SH_250517_SCH_+500µm_002.jpg,21,Sandeels,Ammodytes marinus,0.00095695467,0.8684642910957336
GS_AD_SH_250517_SCH_+500µm_002.jpg,22,Sandeels,Hyperoplus lanceolatus,0.022694616,0.8960921168327332
GS_AD_SH_250517_SCH_+500µm_002.jpg,23,Sandeels,Ammodytes marinus,0.0010738923,0.8712182641029358
GS_AD_SH_250517_SCH_+500µm_002.jpg,24,Sandeels,Hyperoplus lanceolatus,0.0042411583,0.8654642105102539
GS_AD_SH_250517_SCH_+500µm_002.jpg,25,Sandeels,Ammodytes marinus,0.0012279412,0.8939576148986816
GS_AD_SH_250517_SCH_+500µm_002.jpg,26,Sandeels,Ammodytes marinus,0.0013255482,0.8839431405067444
GS_AD_SH_250517_SCH_+500µm_002.jpg,27,Sandeels,Ammodytes marinus,0.00042134104,0.7870647311210632
GS_AD_SH_250517_SCH_+500µm_004.jpg,1,Sandeels,Hyperoplus lanceolatus,0.07840919,0.6514037251472473
GS_AD_SH_250517_SCH_+500µm_004.jpg,2,Sandeels,Ammodytes tobianus,0.066213116,0.7308821082115173
GS_AD_SH_250517_SCH_+500µm_004.jpg,3,Sandeels,Hyperoplus lanceolatus,0.24330163,0.534095287322998
GS_AD_SH_250517_SCH_+500µm_004.jpg,4,Clupeids,Sprattus sprattus,0.97575706,0.5267754197120667
GS_AD_SH_250517_SCH_+500µm_004.jpg,5,Sandeels,Ammodytes tobianus,0.00016600618,0.9044368267059326
GS_AD_SH_250517_SCH_+500µm_004.jpg,6,Clupeids,Sprattus sprattus,0.62481916,0.4894358217716217
GS_AD_SH_250517_SCH_+500µm_004.jpg,7,Clupeids,Sprattus sprattus,0.7047763,0.635967493057251
GS_AD_SH_250517_SCH_+500µm_004.jpg,8,Sandeels,Ammodytes marinus,0.08324057,0.7054764628410339
GS_AD_SH_250517_SCH_+500µm_004.jpg,9,Sandeels,Hyperoplus lanceolatus,0.14321299,0.7846102118492126
GS_AD_SH_250517_SCH_+500µm_004.jpg,10,Clupeids,Sprattus sprattus,0.95295125,0.7550327181816101
GS_AD_SH_250517_SCH_-500µm_001.jpg,1,Sandeels,Hyperoplus lanceolatus,0.0036445323,0.7137075662612915
GS_AD_SH_250517_SCH_-500µm_001.jpg,2,Sandeels,Hyperoplus lanceolatus,0.002545409,0.9278777837753296
GS_AD_SH_250517_SCH_-500µm_001.jpg,3,Sandeels,Ammodytes marinus,0.0045733,0.4191797375679016
GS_AD_SH_250517_SCH_-500µm_001.jpg,4,Sandeels,Hyperoplus lanceolatus,0.005484339,0.48298361897468567
GS_AD_SH_250517_SCH_-500µm_001.jpg,5,Sandeels,Hyperoplus lanceolatus,0.0005307703,0.7176114320755005
GS_AD_SH_250517_SCH_-500µm_001.jpg,6,Sandeels,Ammodytes tobianus,0.00013743417,0.4418245851993561
GS_AD_SH_250517_SCH_-500µm_001.jpg,7,Sandeels,Hyperoplus lanceolatus,0.0029573233,0.7930766344070435
GS_AD_SH_250517_SCH_-500µm_001.jpg,8,Sandeels,Hyperoplus lanceolatus,0.02335736,0.7731709480285645
GS_AD_SH_250517_SCH_-500µm_001.jpg,9,Sandeels,Ammodytes marinus,0.00076546264,0.8625359535217285
GS_AD_SH_250517_SCH_-500µm_001.jpg,10,Sandeels,Hyperoplus lanceolatus,0.0049174847,0.9349347949028015
GS_AD_SH_250517_SCH_-500µm_001.jpg,11,Sandeels,Hyperoplus lanceolatus,0.017450364,0.9014896154403687
GS_AD_SH_250517_SCH_-500µm_001.jpg,12,Sandeels,Hyperoplus lanceolatus,0.0021794185,0.9148677587509155
GS_AD_SH_250517_SCH_-500µm_001.jpg,13,Sandeels,Hyperoplus lanceolatus,0.0028154186,0.7591827511787415
GS_AD_SH_250517_SCH_-500µm_001.jpg,14,Sandeels,Hyperoplus lanceolatus,0.0069593554,0.8880981206893921
GS_AD_SH_250517_SCH_-500µm_001.jpg,15,Sandeels,Ammodytes marinus,0.0010933664,0.8920414447784424
GS_AD_SH_250517_SCH_-500µm_001.jpg,16,Sandeels,Ammodytes tobianus,0.0005435782,0.3855816423892975
GS_AD_SH_250517_SCH_-500µm_001.jpg,17,Sandeels,Ammodytes marinus,0.0010528674,0.8503115773200989
GS_AD_SH_250517_SCH_-500µm_001.jpg,18,Sandeels,Hyperoplus lanceolatus,0.0008896832,0.622285783290863
GS_AD_SH_250517_SCH_-500µm_002.jpg,1,Sandeels,Ammodytes tobianus,0.0136411525,0.644281804561615
GS_AD_SH_250517_SCH_-500µm_002.jpg,2,Clupeids,Alosa fallax,0.9231126,0.4048011302947998
GS_AD_SH_250517_SCH_-500µm_002.jpg,3,Clupeids,Clupea harengus,0.54442745,0.5912415385246277
GS_AD_SH_250517_SCH_-500µm_002.jpg,4,Sandeels,Hyperoplus lanceolatus,0.05469747,0.7669105529785156
GS_AD_SH_250517_SCH_-500µm_002.jpg,5,Sandeels,Ammodytes tobianus,0.35990456,0.6464897394180298
GS_AD_SH_250517_SCH_-500µm_002.jpg,6,Sandeels,Hyperoplus lanceolatus,0.09268752,0.5096009373664856
GS_AD_SH_250517_SCH_-500µm_002.jpg,7,Clupeids,Sprattus sprattus,0.66647744,0.42376038432121277
GS_AD_SH_250517_SCH_-500µm_002.jpg,8,Clupeids,Sprattus sprattus,0.9378613,0.8165466785430908
GS_AD_SH_250517_SCH_-500µm_002.jpg,9,Clupeids,Clupea harengus,0.8352142,0.7501751780509949
GS_AD_SH_250517_SCH_-500µm_002.jpg,10,Clupeids,Sprattus sprattus,0.7915484,0.6250341534614563
GS_AD_SH_250517_SCH_-500µm_002.jpg,11,Sandeels,Ammodytes tobianus,0.010335876,0.5599090456962585
GS_AD_SH_250517_SCH_-500µm_002.jpg,12,Clupeids,Sprattus sprattus,0.7948114,0.5204693675041199
GS_AD_SH_250517_SCH_-500µm_002.jpg,13,Sandeels,Hyperoplus lanceolatus,0.019445157,0.8406915068626404
GS_AD_SH_250517_SCH_-500µm_002.jpg,14,Sandeels,Ammodytes tobianus,0.013725114,0.819366991519928
GS_AD_SH_250517_SCH_-500µm_002.jpg,15,Sandeels,Ammodytes marinus,0.3391642,0.4540956914424896
GS_AD_SH_250517_SCH_-500µm_002.jpg,16,Sandeels,Ammodytes tobianus,0.06997656,0.6669564843177795
GS_AD_SH_250517_SCH_-500µm_002.jpg,17,Clupeids,Sprattus sprattus,0.76572156,0.6847457885742188
GS_AD_SH_250517_SCH_-500µm_002.jpg,18,Sandeels,Hyperoplus lanceolatus,0.14105472,0.483372300863266
GS_AD_SH_250517_SCH_-500µm_002.jpg,19,Sandeels,Ammodytes marinus,0.026204854,0.40847572684288025
GS_AD_SH_250517_SCH_-500µm_002.jpg,20,Sandeels,Ammodytes marinus,0.24013399,0.6004108786582947
GS_AD_SH_250517_SCH_-500µm_003.jpg,1,Sandeels,Ammodytes marinus,0.2595045,0.7799088954925537
GS_AD_SH_250517_SCH_-500µm_003.jpg,2,Sandeels,Hyperoplus lanceolatus,0.087251864,0.8142437934875488
GS_AD_SH_250517_SCH_-500µm_003.jpg,3,Sandeels,Ammodytes tobianus,0.011491427,0.7023204565048218
GS_AD_SH_250517_SCH_-500µm_003.jpg,4,Clupeids,Clupea harengus,0.51187783,0.6602541208267212
GS_AD_SH_250517_SCH_-500µm_003.jpg,5,Sandeels,Ammodytes marinus,0.067534104,0.5060290098190308
GS_AD_SH_250517_SCH_-500µm_003.jpg,6,Sandeels,Ammodytes tobianus,0.0034359985,0.778896689414978
GS_AD_SH_250517_SCH_-500µm_003.jpg,7,Sandeels,Hyperoplus lanceolatus,0.085246414,0.4410991370677948
GS_AD_SH_250517_SCH_-500µm_003.jpg,8,Sandeels,Ammodytes tobianus,0.12040763,0.6980474591255188
GS_AD_SH_250517_SCH_-500µm_003.jpg,9,Sandeels,Ammodytes tobianus,0.008217139,0.629666805267334
GS_AD_SH_250517_SCH_-500µm_003.jpg,10,Sandeels,Ammodytes tobianus,0.0035425639,0.6066793203353882
GS_AD_SH_250517_SCH_-500µm_003.jpg,11,Sandeels,Hyperoplus lanceolatus,0.16645572,0.39993172883987427
GS_AD_SH_290517_SCH_+500µm_001.jpg,1,Sandeels,Hyperoplus lanceolatus,0.025713533,0.6901475191116333
GS_AD_SH_290517_SCH_+500µm_001.jpg,2,Sandeels,Hyperoplus lanceolatus,0.0047316803,0.8282013535499573
GS_AD_SH_290517_SCH_+500µm_001.jpg,3,Sandeels,Ammodytes tobianus,0.00072710606,0.8224611878395081
GS_AD_SH_290517_SCH_+500µm_001.jpg,4,Sandeels,Hyperoplus lanceolatus,0.013818764,0.7861478328704834
GS_AD_SH_290517_SCH_+500µm_001.jpg,5,Sandeels,Hyperoplus lanceolatus,0.0025097271,0.5477116703987122
GS_AD_SH_290517_SCH_+500µm_001.jpg,6,Sandeels,Ammodytes marinus,0.0017206928,0.8699535727500916
GS_AD_SH_290517_SCH_+500µm_001.jpg,7,Sandeels,Ammodytes marinus,0.0022531494,0.8620297312736511
GS_AD_SH_290517_SCH_+500µm_001.jpg,8,Sandeels,Ammodytes marinus,0.0008948824,0.7152988910675049
GS_AD_SH_290517_SCH_+500µm_001.jpg,9,Sandeels,Ammodytes marinus,0.0015426913,0.5766735672950745
GS_AD_SH_290517_SCH_+500µm_001.jpg,10,Sandeels,Ammodytes marinus,0.0010841003,0.8117977380752563
GS_AD_SH_290517_SCH_+500µm_001.jpg,11,Sandeels,Ammodytes marinus,0.0012722646,0.8827152252197266
GS_AD_SH_290517_SCH_+500µm_001.jpg,12,Sandeels,Ammodytes marinus,0.0012642768,0.700156033039093
GS_AD_SH_290517_SCH_+500µm_001.jpg,13,Sandeels,Ammodytes marinus,0.0011026069,0.6905217170715332
GS_AD_SH_290517_SCH_+500µm_001.jpg,14,Sandeels,Hyperoplus lanceolatus,0.0010405127,0.7055334448814392
GS_AD_SH_290517_SCH_+500µm_001.jpg,15,Sandeels,Ammodytes marinus,0.0010338116,0.866196870803833
GS_AD_SH_290517_SCH_+500µm_001.jpg,16,Sandeels,Hyperoplus lanceolatus,0.001015941,0.9041332602500916
GS_AD_SH_290517_SCH_+500µm_001.jpg,17,Sandeels,Hyperoplus lanceolatus,0.003375605,0.9226891398429871
GS_AD_SH_290517_SCH_+500µm_001.jpg,18,Sandeels,Ammodytes marinus,0.0017717396,0.8827459812164307
GS_AD_SH_290517_SCH_+500µm_001.jpg,19,Sandeels,Ammodytes marinus,0.0022743293,0.8512604236602783
GS_AD_SH_290517_SCH_+500µm_001.jpg,20,Sandeels,Ammodytes marinus,0.0007368136,0.810679018497467
GS_AD_SH_290517_SCH_+500µm_001.jpg,21,Sandeels,Ammodytes marinus,0.00057070475,0.8315823078155518
GS_AD_SH_290517_SCH_+500µm_001.jpg,22,Sandeels,Ammodytes marinus,0.000923273,0.8967692255973816
GS_AD_SH_290517_SCH_+500µm_001.jpg,23,Sandeels,Ammodytes marinus,0.0011350218,0.8891764283180237
GS_AD_SH_290517_SCH_+500µm_001.jpg,24,Sandeels,Ammodytes marinus,0.0020604136,0.8636523485183716
GS_AD_SH_290517_SCH_+500µm_002.jpg,1,Sandeels,Ammodytes marinus,0.002252324,0.8703838586807251
GS_AD_SH_290517_SCH_+500µm_002.jpg,2,Sandeels,Ammodytes marinus,0.0014487208,0.8913872241973877
GS_AD_SH_290517_SCH_+500µm_002.jpg,3,Sandeels,Ammodytes marinus,0.0014426152,0.6204621195793152
GS_AD_SH_290517_SCH_+500µm_002.jpg,4,Sandeels,Ammodytes marinus,0.0011283557,0.894853413105011
GS_AD_SH_290517_SCH_+500µm_002.jpg,5,Sandeels,Hyperoplus lanceolatus,0.004540453,0.9177192449569702
GS_AD_SH_290517_SCH_+500µm_002.jpg,6,Sandeels,Hyperoplus lanceolatus,0.0020865847,0.6106265783309937
GS_AD_SH_290517_SCH_+500µm_002.jpg,7,Sandeels,Ammodytes marinus,0.0015309688,0.7871190309524536
GS_AD_SH_290517_SCH_+500µm_002.jpg,8,Sandeels,Ammodytes marinus,0.0019786798,0.8620655536651611
GS_AD_SH_290517_SCH_+500µm_002.jpg,9,Sandeels,Ammodytes marinus,0.0026896093,0.864686906337738
GS_AD_SH_290517_SCH_+500µm_002.jpg,10,Sandeels,Ammodytes marinus,0.0010787509,0.8347458243370056
GS_AD_SH_290517_SCH_+500µm_002.jpg,11,Sandeels,Hyperoplus lanceolatus,0.0014832654,0.5197819471359253
GS_AD_SH_290517_SCH_+500µm_002.jpg,12,Sandeels,Hyperoplus lanceolatus,0.0068636807,0.9339948892593384
GS_AD_SH_290517_SCH_+500µm_002.jpg,13,Sandeels,Ammodytes marinus,0.002253277,0.5964086055755615
GS_AD_SH_290517_SCH_+500µm_002.jpg,14,Sandeels,Hyperoplus lanceolatus,0.000779111,0.4941737949848175
GS_AD_SH_290517_SCH_+500µm_002.jpg,15,Sandeels,Ammodytes marinus,0.0007256714,0.5237472653388977
GS_AD_SH_290517_SCH_+500µm_002.jpg,16,Sandeels,Hyperoplus lanceolatus,0.032599825,0.900610625743866
GS_AD_SH_290517_SCH_+500µm_002.jpg,17,Sandeels,Ammodytes marinus,0.0021996086,0.8747779726982117
GS_AD_SH_290517_SCH_+500µm_002.jpg,18,Sandeels,Hyperoplus lanceolatus,0.0076129776,0.8060977458953857
GS_AD_SH_290517_SCH_+500µm_002.jpg,19,Sandeels,Ammodytes marinus,0.031876776,0.5666316151618958
GS_AD_SH_290517_SCH_+500µm_003.jpg,1,Clupeids,Clupea harengus,0.9955195,0.8516153693199158
GS_AD_SH_290517_SCH_+500µm_003.jpg,2,Sandeels,Hyperoplus lanceolatus,0.13110094,0.6215953230857849
GS_AD_SH_290517_SCH_+500µm_003.jpg,3,Sandeels,Hyperoplus lanceolatus,0.13245702,0.8445123434066772
GS_AD_SH_290517_SCH_+500µm_003.jpg,4,Clupeids,Alosa fallax,0.9031959,0.642240047454834
GS_AD_SH_290517_SCH_+500µm_003.jpg,5,Sandeels,Hyperoplus lanceolatus,0.21197699,0.9195415377616882
GS_AD_SH_290517_SCH_+500µm_003.jpg,6,Sandeels,Hyperoplus lanceolatus,0.11797674,0.7108890414237976
GS_AD_SH_290517_SCH_+500µm_003.jpg,7,Sandeels,Hyperoplus lanceolatus,0.40504646,0.8093134760856628
GS_AD_SH_290517_SCH_+500µm_003.jpg,8,Clupeids,Clupea harengus,0.5535063,0.5052433013916016
GS_AD_SH_290517_SCH_+500µm_003.jpg,9,Clupeids,Clupea harengus,0.98299754,0.6665838956832886
GS_AD_SH_290517_SCH_+500µm_003.jpg,10,Sandeels,Hyperoplus lanceolatus,0.0152596375,0.9280149340629578
GS_AD_SH_290517_SCH_+500µm_003.jpg,11,Sandeels,Hyperoplus lanceolatus,0.05978872,0.48951470851898193
GS_AD_SH_290517_SCH_+500µm_003.jpg,12,Clupeids,Alosa fallax,0.9451912,0.4841541051864624
GS_AD_SH_290517_SCH_+500µm_003.jpg,13,Clupeids,Sprattus sprattus,0.6019152,0.40809500217437744
GS_AD_SH_290517_SCH_+500µm_003.jpg,14,Sandeels,Ammodytes marinus,0.024460208,0.5386039614677429
GS_AD_SH_290517_SCH_+500µm_003.jpg,15,Sandeels,Hyperoplus lanceolatus,0.31231132,0.8376860022544861
GS_AD_SH_290517_SCH_+500µm_003.jpg,16,Clupeids,Clupea harengus,0.5834751,0.6200753450393677
GS_AD_SH_290517_SCH_+500µm_003.jpg,17,Clupeids,Clupea harengus,0.995401,0.4555027484893799
GS_AD_SH_290517_SCH_+500µm_003.jpg,18,Sandeels,Hyperoplus lanceolatus,0.41725874,0.64946448802948
GS_AD_SH_290517_SCH_+500µm_003.jpg,19,Clupeids,Alosa fallax,0.70083344,0.5331125855445862
GS_AD_SH_290517_SCH_+500µm_003.jpg,20,Sandeels,Ammodytes tobianus,0.021178257,0.576789915561676
GS_AD_SH_290517_SCH_+500µm_003.jpg,21,Clupeids,Sprattus sprattus,0.6582306,0.42368364334106445
GS_AD_SH_290517_SCH_+500µm_003.jpg,22,Clupeids,Clupea harengus,0.7003917,0.5192559361457825
GS_AD_SH_290517_SCH_+500µm_003.jpg,23,Sandeels,Hyperoplus lanceolatus,0.28606707,0.6666989922523499
GS_AD_SH_290517_SCH_+500µm_003.jpg,24,Sandeels,Hyperoplus lanceolatus,0.18988308,0.6722322106361389
GS_AD_SH_290517_SCH_+500µm_003.jpg,25,Sandeels,Hyperoplus lanceolatus,0.22077787,0.5525554418563843
GS_AD_SH_290517_SCH_+500µm_003.jpg,26,Clupeids,Sprattus sprattus,0.8965536,0.48035430908203125
GS_AD_SH_290517_SCH_+500µm_003.jpg,27,Sandeels,Hyperoplus lanceolatus,0.41949692,0.5714231729507446
GS_AD_SH_290517_SCH_+500µm_003.jpg,28,Clupeids,Alosa fallax,0.6868642,0.6746649146080017
GS_AD_SH_290517_SCH_+500µm_003.jpg,29,Clupeids,Sprattus sprattus,0.8182208,0.4753569960594177
GS_AD_SH_290517_SCH_+500µm_003.jpg,30,Clupeids,Alosa fallax,0.60141176,0.5874785780906677
GS_AD_SH_290517_SCH_+500µm_004.jpg,1,Sandeels,Hyperoplus lanceolatus,0.011951866,0.7147015333175659
GS_AD_SH_290517_SCH_+500µm_004.jpg,2,Sandeels,Hyperoplus lanceolatus,0.4844661,0.5914721488952637
GS_AD_SH_290517_SCH_+500µm_004.jpg,3,Sandeels,Hyperoplus lanceolatus,0.0012550834,0.4466509521007538
GS_AD_SH_290517_SCH_+500µm_004.jpg,4,Clupeids,Sprattus sprattus,0.9530299,0.5995450019836426
GS_AD_SH_290517_SCH_+500µm_004.jpg,5,Sandeels,Hyperoplus lanceolatus,0.18281418,0.8492163419723511
GS_AD_SH_290517_SCH_+500µm_004.jpg,6,Sandeels,Ammodytes tobianus,0.4168761,0.5675544738769531
GS_AD_SH_290517_SCH_+500µm_004.jpg,7,Sandeels,Ammodytes tobianus,0.006452072,0.7301868200302124
GS_AD_SH_290517_SCH_+500µm_004.jpg,8,Clupeids,Alosa fallax,0.791118,0.6098475456237793
GS_AD_SH_290517_SCH_+500µm_004.jpg,9,Sandeels,Ammodytes tobianus,0.00048038698,0.5004000663757324
GS_AD_SH_290517_SCH_+500µm_004.jpg,10,Sandeels,Ammodytes marinus,0.0004875136,0.5505541563034058
GS_AD_SH_290517_SCH_+500µm_004.jpg,11,Sandeels,Ammodytes tobianus,0.0035293482,0.701923668384552
GS_AD_SH_290517_SCH_+500µm_004.jpg,12,Sandeels,Hyperoplus lanceolatus,0.014500812,0.8958365321159363
GS_AD_SH_290517_SCH_+500µm_004.jpg,13,Sandeels,Ammodytes tobianus,0.010437553,0.7572420835494995
GS_AD_SH_290517_SCH_-500µm_001.jpg,1,Clupeids,Sprattus sprattus,0.5544103,0.530414879322052
GS_AD_SH_290517_SCH_-500µm_001.jpg,2,Sandeels,Hyperoplus lanceolatus,0.26616478,0.4935973584651947
GS_AD_SH_290517_SCH_-500µm_001.jpg,3,Sandeels,Ammodytes tobianus,0.00025645032,0.8965746760368347
GS_AD_SH_290517_SCH_-500µm_001.jpg,4,Sandeels,Ammodytes marinus,0.43468028,0.41488245129585266
GS_AD_SH_290517_SCH_-500µm_001.jpg,5,Sandeels,Ammodytes marinus,0.046021927,0.3482799232006073
GS_AD_SH_290517_SCH_-500µm_001.jpg,6,Sandeels,Ammodytes tobianus,0.07206267,0.4344489872455597
GS_AD_SH_290517_SCH_-500µm_001.jpg,7,Sandeels,Hyperoplus lanceolatus,0.048949175,0.5406050682067871
GS_AD_SH_290517_SCH_-500µm_001.jpg,8,Sandeels,Ammodytes marinus,0.0154036535,0.5570507049560547
GS_AD_SH_290517_SCH_-500µm_001.jpg,9,Sandeels,Hyperoplus lanceolatus,0.29973137,0.6400020718574524
GS_AD_SH_290517_SCH_-500µm_001.jpg,10,Sandeels,Ammodytes marinus,0.12781623,0.43854090571403503
GS_AD_SH_290517_SCH_-500µm_001.jpg,11,Sandeels,Ammodytes tobianus,0.12512206,0.6601871848106384
GS_AD_SH_290517_SCH_-500µm_001.jpg,12,Sandeels,Ammodytes marinus,0.2147555,0.7058800458908081
GS_AD_SH_290517_SCH_-500µm_001.jpg,13,Sandeels,Ammodytes marinus,0.14378385,0.6873700022697449
GS_AD_SH_290517_SCH_-500µm_001.jpg,14,Sandeels,Hyperoplus lanceolatus,0.08904857,0.5121971368789673
GS_AD_SH_290517_SCH_-500µm_001.jpg,15,Clupeids,Sprattus sprattus,0.9662486,0.4857620298862457
GS_AD_SH_290517_SCH_-500µm_001.jpg,16,Sandeels,Ammodytes marinus,0.009176119,0.4539099335670471
GS_AD_SH_290517_SCH_-500µm_001.jpg,17,Sandeels,Ammodytes tobianus,0.20219083,0.5362882614135742
GS_AD_SH_290517_SCH_-500µm_001.jpg,18,Sandeels,Ammodytes tobianus,0.015405113,0.5541805624961853
GS_AD_SH_290517_SCH_-500µm_001.jpg,19,Clupeids,Clupea harengus,0.9295021,0.4812566339969635
GS_AD_SH_290517_SCH_-500µm_001.jpg,20,Clupeids,Clupea harengus,0.7259808,0.5017855763435364
GS_AD_SH_290517_SCH_-500µm_001.jpg,21,Sandeels,Hyperoplus lanceolatus,0.0458254,0.45948177576065063
GS_AD_SH_290517_SCH_-500µm_001.jpg,22,Sandeels,Ammodytes marinus,0.054063536,0.4417251646518707
GS_AD_SH_290517_SCH_-500µm_002.jpg,1,Sandeels,Hyperoplus lanceolatus,0.0012623282,0.6452491879463196
GS_AD_SH_290517_SCH_-500µm_002.jpg,2,Sandeels,Ammodytes marinus,0.0014815355,0.8932159543037415
GS_AD_SH_290517_SCH_-500µm_002.jpg,3,Sandeels,Hyperoplus lanceolatus,0.00068218785,0.5730535387992859
GS_AD_SH_290517_SCH_-500µm_002.jpg,4,Sandeels,Ammodytes tobianus,0.0032412615,0.5073144435882568
GS_AD_SH_290517_SCH_-500µm_002.jpg,5,Sandeels,Ammodytes tobianus,0.016160823,0.7028540372848511
GS_AD_SH_290517_SCH_-500µm_002.jpg,6,Sandeels,Ammodytes tobianus,0.328027,0.5533974170684814
GS_AD_SH_290517_SCH_-500µm_002.jpg,7,Sandeels,Ammodytes tobianus,0.0011085037,0.7063223719596863
GS_AD_SH_290517_SCH_-500µm_002.jpg,8,Sandeels,Hyperoplus lanceolatus,0.05370101,0.8466809988021851
GS_AD_SH_290517_SCH_-500µm_002.jpg,9,Clupeids,Alosa fallax,0.87680763,0.6025474667549133
GS_AD_SH_290517_SCH_-500µm_002.jpg,10,Sandeels,Hyperoplus lanceolatus,0.0073894486,0.7880043387413025
GS_AD_SH_290517_SCH_-500µm_002.jpg,11,Sandeels,Hyperoplus lanceolatus,0.05851601,0.4938984811306
GS_AD_SH_290517_SCH_-500µm_002.jpg,12,Clupeids,Clupea harengus,0.6333685,0.3645358979701996
GS_AD_SH_290517_SCH_-500µm_002.jpg,13,Clupeids,Alosa fallax,0.83873665,0.4163905382156372
GS_AD_SH_290517_SCH_-500µm_002.jpg,14,Sandeels,Ammodytes tobianus,0.0021683944,0.6454718708992004
GS_AD_SH_290517_SCH_-500µm_002.jpg,15,Clupeids,Clupea harengus,0.8592705,0.7797946333885193
GS_AD_SH_290517_SCH_-500µm_002.jpg,16,Clupeids,Sprattus sprattus,0.9009281,0.702701210975647
GS_AD_SH_290517_SCH_-500µm_002.jpg,17,Clupeids,Clupea harengus,0.59322965,0.3973654806613922
GS_AD_SH_290517_SCH_-500µm_002.jpg,18,Clupeids,Clupea harengus,0.7361074,0.4978161156177521
GS_AD_SH_290517_SCH_-500µm_002.jpg,19,Sandeels,Hyperoplus lanceolatus,0.014504848,0.46864235401153564
GS_AD_SH_290517_SCH_-500µm_002.jpg,20,Clupeids,Clupea harengus,0.5591193,0.5517624616622925
GS_AD_SH_290517_SCH_-500µm_002.jpg,21,Clupeids,Clupea harengus,0.50138086,0.568435549736023
GS_AD_SH_290517_SCH_-500µm_002.jpg,22,Clupeids,Clupea harengus,0.74092656,0.5053873658180237
GS_AD_SH_290517_SCH_-500µm_002.jpg,23,Sandeels,Ammodytes tobianus,0.007120343,0.6483134031295776
GS_AD_SH_290517_SCH_-500µm_002.jpg,24,Sandeels,Ammodytes tobianus,0.0032697192,0.856024444103241
GS_AD_SH_010517_SCH_+500µm_001.jpg,1,Sandeels,Hyperoplus lanceolatus,0.023687642,0.6311742663383484
GS_AD_SH_010517_SCH_+500µm_001.jpg,2,Sandeels,Ammodytes marinus,0.0024843935,0.8793103098869324
GS_AD_SH_010517_SCH_+500µm_001.jpg,3,Sandeels,Ammodytes marinus,0.005216972,0.8839653134346008
GS_AD_SH_010517_SCH_+500µm_001.jpg,4,Sandeels,Ammodytes marinus,0.004674385,0.891345739364624
GS_AD_SH_010517_SCH_+500µm_001.jpg,5,Sandeels,Ammodytes marinus,0.008896563,0.8361420035362244
GS_AD_SH_010517_SCH_+500µm_001.jpg,6,Sandeels,Ammodytes marinus,0.0028232276,0.8750514388084412
GS_AD_SH_010517_SCH_+500µm_001.jpg,7,Sandeels,Ammodytes marinus,0.005977054,0.8855627179145813
GS_AD_SH_010517_SCH_+500µm_001.jpg,8,Sandeels,Ammodytes marinus,0.0049608517,0.8240000605583191
GS_AD_SH_010517_SCH_+500µm_001.jpg,9,Sandeels,Ammodytes marinus,0.0030551737,0.8825830817222595
GS_AD_SH_010517_SCH_+500µm_001.jpg,10,Sandeels,Ammodytes marinus,0.015571736,0.6403270959854126
GS_AD_SH_010517_SCH_+500µm_001.jpg,11,Sandeels,Ammodytes marinus,0.0069231866,0.8886536359786987
GS_AD_SH_010517_SCH_+500µm_001.jpg,12,Sandeels,Ammodytes marinus,0.18162176,0.7365700006484985
GS_AD_SH_010517_SCH_+500µm_001.jpg,13,Sandeels,Ammodytes marinus,0.0028717183,0.8766747713088989
GS_AD_SH_010517_SCH_+500µm_001.jpg,14,Sandeels,Ammodytes marinus,0.0025116475,0.880559504032135
GS_AD_SH_010517_SCH_+500µm_001.jpg,15,Sandeels,Ammodytes marinus,0.0037372804,0.8793648481369019
GS_AD_SH_010517_SCH_+500µm_001.jpg,16,Sandeels,Ammodytes marinus,0.004585903,0.47447919845581055
GS_AD_SH_010517_SCH_+500µm_001.jpg,17,Sandeels,Ammodytes marinus,0.0021677942,0.8876900672912598
GS_AD_SH_010517_SCH_+500µm_001.jpg,18,Sandeels,Ammodytes marinus,0.002874322,0.7333829998970032
GS_AD_SH_010517_SCH_+500µm_001.jpg,19,Sandeels,Ammodytes marinus,0.0032059131,0.9044118523597717
GS_AD_SH_010517_SCH_+500µm_001.jpg,20,Sandeels,Ammodytes marinus,0.0054471926,0.8748921751976013
GS_AD_SH_010517_SCH_+500µm_001.jpg,21,Clupeids,Sprattus sprattus,0.9299881,0.36430084705352783
GS_AD_SH_010517_SCH_+500µm_001_gemeten.jpg,1,Sandeels,Hyperoplus lanceolatus,0.41210872,0.6082558035850525
GS_AD_SH_010517_SCH_+500µm_001_gemeten.jpg,2,Sandeels,Ammodytes marinus,0.0016822466,0.8592080473899841
GS_AD_SH_010517_SCH_+500µm_001_gemeten.jpg,3,Sandeels,Ammodytes marinus,0.061027702,0.7843544483184814
GS_AD_SH_010517_SCH_+500µm_001_gemeten.jpg,4,Sandeels,Ammodytes marinus,0.062943295,0.8475350737571716
GS_AD_SH_010517_SCH_+500µm_001_gemeten.jpg,5,Sandeels,Ammodytes marinus,0.0054756273,0.5880381464958191
GS_AD_SH_010517_SCH_+500µm_001_gemeten.jpg,6,Sandeels,Ammodytes marinus,0.006072898,0.9013346433639526
GS_AD_SH_010517_SCH_+500µm_001_gemeten.jpg,7,Sandeels,Ammodytes marinus,0.016094271,0.9185754060745239
GS_AD_SH_010517_SCH_+500µm_001_gemeten.jpg,8,Sandeels,Ammodytes marinus,0.016981544,0.8656103014945984
GS_AD_SH_010517_SCH_+500µm_001_gemeten.jpg,9,Sandeels,Ammodytes marinus,0.002453852,0.860840380191803
GS_AD_SH_010517_SCH_+500µm_001_gemeten.jpg,10,Clupeids,Clupea harengus,0.8626437,0.8834034204483032
GS_AD_SH_010517_SCH_+500µm_001_gemeten.jpg,11,Sandeels,Ammodytes marinus,0.06206408,0.7840235829353333
GS_AD_SH_010517_SCH_+500µm_001_gemeten.jpg,12,Clupeids,Clupea harengus,0.9554913,0.9515120387077332
GS_AD_SH_010517_SCH_+500µm_001_gemeten.jpg,13,Sandeels,Ammodytes marinus,0.002256051,0.8784803748130798
GS_AD_SH_010517_SCH_+500µm_001_gemeten.jpg,14,Sandeels,Hyperoplus lanceolatus,0.004705466,0.4881564974784851
GS_AD_SH_010517_SCH_+500µm_001_gemeten.jpg,15,Sandeels,Ammodytes marinus,0.002427631,0.8684477806091309
GS_AD_SH_010517_SCH_+500µm_001_gemeten.jpg,16,Sandeels,Hyperoplus lanceolatus,0.009040053,0.46972134709358215
GS_AD_SH_010517_SCH_+500µm_001_gemeten.jpg,17,Sandeels,Ammodytes marinus,0.0007912246,0.7740859985351562
GS_AD_SH_010517_SCH_+500µm_001_gemeten.jpg,18,Sandeels,Ammodytes marinus,0.020831823,0.49372193217277527
GS_AD_SH_010517_SCH_+500µm_001_gemeten.jpg,19,Sandeels,Ammodytes marinus,0.006806177,0.7764912247657776
GS_AD_SH_010517_SCH_+500µm_001_gemeten.jpg,20,Sandeels,Ammodytes marinus,0.0060392185,0.8893096446990967
GS_AD_SH_010517_SCH_+500µm_001_gemeten.jpg,21,Sandeels,Ammodytes tobianus,0.37450257,0.8579202890396118
GS_AD_SH_010517_SCH_+500µm_001_gemeten.jpg,22,Sandeels,Ammodytes tobianus,0.00046876312,0.8440055847167969
GS_AD_SH_010517_SCH_+500µm_002.jpg,1,Sandeels,Ammodytes marinus,0.002315742,0.8723002672195435
GS_AD_SH_010517_SCH_+500µm_002.jpg,2,Sandeels,Ammodytes marinus,0.0012249162,0.7060131430625916
GS_AD_SH_010517_SCH_+500µm_002.jpg,3,Sandeels,Ammodytes marinus,0.0014468128,0.8013976812362671
GS_AD_SH_010517_SCH_+500µm_002.jpg,4,Sandeels,Ammodytes marinus,0.0028482554,0.8732442855834961
GS_AD_SH_010517_SCH_+500µm_002.jpg,5,Sandeels,Ammodytes marinus,0.0015525419,0.8848527669906616
GS_AD_SH_010517_SCH_+500µm_002.jpg,6,Sandeels,Ammodytes marinus,0.0016500477,0.8735176920890808
GS_AD_SH_010517_SCH_+500µm_002.jpg,7,Sandeels,Ammodytes marinus,0.0015697822,0.8646983504295349
GS_AD_SH_010517_SCH_+500µm_002.jpg,8,Sandeels,Ammodytes marinus,0.0015206453,0.8368240594863892
GS_AD_SH_010517_SCH_+500µm_002.jpg,9,Sandeels,Ammodytes marinus,0.0021560662,0.8506024479866028
GS_AD_SH_010517_SCH_+500µm_002.jpg,10,Sandeels,Ammodytes marinus,0.001688678,0.8800181746482849
GS_AD_SH_010517_SCH_+500µm_002.jpg,11,Sandeels,Ammodytes marinus,0.002267307,0.8573058843612671
GS_AD_SH_010517_SCH_+500µm_002.jpg,12,Sandeels,Ammodytes marinus,0.0015890178,0.8562776446342468
GS_AD_SH_010517_SCH_+500µm_002.jpg,13,Sandeels,Hyperoplus lanceolatus,0.009021064,0.8000264167785645
GS_AD_SH_010517_SCH_+500µm_002.jpg,14,Sandeels,Ammodytes marinus,0.0018326133,0.8719984889030457
GS_AD_SH_010517_SCH_+500µm_002.jpg,15,Sandeels,Ammodytes marinus,0.0013741323,0.8603371977806091
GS_AD_SH_010517_SCH_+500µm_002.jpg,16,Sandeels,Ammodytes marinus,0.0038545763,0.8626082539558411
GS_AD_SH_010517_SCH_+500µm_002.jpg,17,Sandeels,Ammodytes marinus,0.0011378028,0.9273892641067505
GS_AD_SH_010517_SCH_+500µm_002.jpg,18,Sandeels,Ammodytes marinus,0.001572463,0.8459824323654175
GS_AD_SH_010517_SCH_+500µm_002.jpg,19,Sandeels,Ammodytes marinus,0.0013601972,0.8817282915115356
GS_AD_SH_010517_SCH_+500µm_002_gemeten.jpg,1,Sandeels,Ammodytes marinus,0.0016179157,0.899878978729248
GS_AD_SH_010517_SCH_+500µm_002_gemeten.jpg,2,Sandeels,Ammodytes marinus,0.007256125,0.49593672156333923
GS_AD_SH_010517_SCH_+500µm_002_gemeten.jpg,3,Sandeels,Ammodytes marinus,0.0008476518,0.7377054691314697
GS_AD_SH_010517_SCH_+500µm_002_gemeten.jpg,4,Sandeels,Ammodytes marinus,0.0021361602,0.8779192566871643
GS_AD_SH_010517_SCH_+500µm_002_gemeten.jpg,5,Sandeels,Ammodytes marinus,0.011326995,0.8386242389678955
GS_AD_SH_010517_SCH_+500µm_002_gemeten.jpg,6,Sandeels,Ammodytes marinus,0.000727749,0.8633220195770264
GS_AD_SH_010517_SCH_+500µm_002_gemeten.jpg,7,Sandeels,Ammodytes marinus,0.0019921304,0.9078930616378784
GS_AD_SH_010517_SCH_+500µm_002_gemeten.jpg,8,Sandeels,Ammodytes marinus,0.0006666953,0.6081509590148926
GS_AD_SH_010517_SCH_+500µm_002_gemeten.jpg,9,Sandeels,Ammodytes marinus,0.002181673,0.8857011795043945
GS_AD_SH_010517_SCH_+500µm_002_gemeten.jpg,10,Sandeels,Ammodytes marinus,0.0016197816,0.9150369167327881
GS_AD_SH_010517_SCH_+500µm_002_gemeten.jpg,11,Sandeels,Ammodytes marinus,0.005664467,0.875549852848053
GS_AD_SH_010517_SCH_+500µm_002_gemeten.jpg,12,Sandeels,Ammodytes marinus,0.0028383243,0.8875735998153687
GS_AD_SH_010517_SCH_+500µm_002_gemeten.jpg,13,Sandeels,Hyperoplus lanceolatus,0.018757476,0.9145885705947876
GS_AD_SH_010517_SCH_+500µm_002_gemeten.jpg,14,Sandeels,Ammodytes marinus,0.0020798966,0.891421914100647
GS_AD_SH_010517_SCH_+500µm_002_gemeten.jpg,15,Sandeels,Ammodytes marinus,0.0020112693,0.8895782232284546
GS_AD_SH_010517_SCH_+500µm_002_gemeten.jpg,16,Sandeels,Ammodytes marinus,0.0045058215,0.8841404914855957
GS_AD_SH_010517_SCH_+500µm_002_gemeten.jpg,17,Sandeels,Ammodytes marinus,0.0015278538,0.9194087386131287
GS_AD_SH_010517_SCH_+500µm_002_gemeten.jpg,18,Sandeels,Ammodytes marinus,0.001578247,0.8675209879875183
GS_AD_SH_010517_SCH_+500µm_002_gemeten.jpg,19,Sandeels,Ammodytes marinus,0.001756467,0.8939246535301208
GS_AD_SH_010517_SCH_+500µm_003.jpg,1,Sandeels,Ammodytes marinus,0.0013291714,0.8694943189620972
GS_AD_SH_010517_SCH_+500µm_003.jpg,2,Sandeels,Ammodytes marinus,0.0016230004,0.8221799731254578
GS_AD_SH_010517_SCH_+500µm_003.jpg,3,Sandeels,Ammodytes marinus,0.0018411577,0.8694570064544678
GS_AD_SH_010517_SCH_+500µm_003.jpg,4,Sandeels,Ammodytes marinus,0.0013590202,0.8840712308883667
GS_AD_SH_010517_SCH_+500µm_003.jpg,5,Sandeels,Ammodytes marinus,0.0012064289,0.881550669670105
GS_AD_SH_010517_SCH_+500µm_003.jpg,6,Sandeels,Ammodytes marinus,0.0017676178,0.8615022897720337
GS_AD_SH_010517_SCH_+500µm_003.jpg,7,Sandeels,Ammodytes marinus,0.0012180309,0.49215248227119446
GS_AD_SH_010517_SCH_+500µm_003.jpg,8,Sandeels,Ammodytes marinus,0.0016300832,0.8909506797790527
GS_AD_SH_010517_SCH_+500µm_003.jpg,9,Sandeels,Ammodytes marinus,0.0012948058,0.8669072389602661
GS_AD_SH_010517_SCH_+500µm_003.jpg,10,Sandeels,Ammodytes marinus,0.001742899,0.8697431087493896
GS_AD_SH_010517_SCH_+500µm_003.jpg,11,Sandeels,Ammodytes marinus,0.0008560841,0.855906069278717
GS_AD_SH_010517_SCH_+500µm_003.jpg,12,Sandeels,Ammodytes marinus,0.0015936041,0.8704562783241272
GS_AD_SH_010517_SCH_+500µm_003.jpg,13,Sandeels,Ammodytes marinus,0.0012391809,0.8569027185440063
GS_AD_SH_010517_SCH_+500µm_003.jpg,14,Sandeels,Ammodytes marinus,0.0011772088,0.8944729566574097
GS_AD_SH_010517_SCH_+500µm_003.jpg,15,Sandeels,Ammodytes marinus,0.00059476955,0.7834019064903259
GS_AD_SH_010517_SCH_+500µm_003.jpg,16,Sandeels,Ammodytes marinus,0.0025474133,0.8681760430335999
GS_AD_SH_010517_SCH_+500µm_003.jpg,17,Sandeels,Ammodytes marinus,0.001738885,0.6125563979148865
GS_AD_SH_010517_SCH_+500µm_003.jpg,18,Sandeels,Ammodytes marinus,0.0027201665,0.7762972712516785
GS_AD_SH_010517_SCH_+500µm_003.jpg,19,Sandeels,Ammodytes marinus,0.0022363556,0.8792979717254639
GS_AD_SH_010517_SCH_+500µm_003.jpg,20,Sandeels,Ammodytes marinus,0.0020428018,0.5337059497833252
GS_AD_SH_010517_SCH_+500µm_003_gemeten.jpg,1,Sandeels,Ammodytes marinus,0.00091279414,0.903401255607605
GS_AD_SH_010517_SCH_+500µm_003_gemeten.jpg,2,Sandeels,Ammodytes marinus,0.0017732625,0.8041254878044128
GS_AD_SH_010517_SCH_+500µm_003_gemeten.jpg,3,Sandeels,Ammodytes marinus,0.001645007,0.6061874628067017
GS_AD_SH_010517_SCH_+500µm_003_gemeten.jpg,4,Sandeels,Ammodytes marinus,0.0018087942,0.9052232503890991
GS_AD_SH_010517_SCH_+500µm_003_gemeten.jpg,5,Sandeels,Ammodytes marinus,0.0029692815,0.8868659734725952
GS_AD_SH_010517_SCH_+500µm_003_gemeten.jpg,6,Sandeels,Ammodytes marinus,0.0017819911,0.8846220374107361
GS_AD_SH_010517_SCH_+500µm_003_gemeten.jpg,7,Sandeels,Ammodytes marinus,0.08394695,0.5065678358078003
GS_AD_SH_010517_SCH_+500µm_003_gemeten.jpg,8,Sandeels,Ammodytes marinus,0.0010607823,0.8544025421142578
GS_AD_SH_010517_SCH_+500µm_003_gemeten.jpg,9,Sandeels,Ammodytes marinus,0.0006046503,0.8852656483650208
GS_AD_SH_010517_SCH_+500µm_003_gemeten.jpg,10,Sandeels,Ammodytes marinus,0.0014917579,0.8557724952697754
GS_AD_SH_010517_SCH_+500µm_003_gemeten.jpg,11,Sandeels,Ammodytes marinus,0.00034223308,0.6026605367660522
GS_AD_SH_010517_SCH_+500µm_003_gemeten.jpg,12,Sandeels,Ammodytes marinus,0.0008988017,0.8918040990829468
GS_AD_SH_010517_SCH_+500µm_003_gemeten.jpg,13,Sandeels,Ammodytes marinus,0.00080396875,0.8190639615058899
GS_AD_SH_010517_SCH_+500µm_003_gemeten.jpg,14,Sandeels,Ammodytes marinus,0.002719663,0.909294605255127
GS_AD_SH_010517_SCH_+500µm_003_gemeten.jpg,15,Sandeels,Hyperoplus lanceolatus,0.0014106177,0.6887309551239014
GS_AD_SH_010517_SCH_+500µm_003_gemeten.jpg,16,Sandeels,Ammodytes marinus,0.0037819815,0.9013482928276062
GS_AD_SH_010517_SCH_+500µm_003_gemeten.jpg,17,Sandeels,Ammodytes marinus,0.0026290496,0.48287978768348694
GS_AD_SH_010517_SCH_+500µm_003_gemeten.jpg,18,Sandeels,Ammodytes marinus,0.023002539,0.6557369232177734
GS_AD_SH_010517_SCH_+500µm_003_gemeten.jpg,19,Sandeels,Ammodytes marinus,0.0007890299,0.7896845936775208
GS_AD_SH_010517_SCH_+500µm_003_gemeten.jpg,20,Sandeels,Hyperoplus lanceolatus,0.0050305664,0.8033287525177002
GS_AD_SH_010517_SCH_+500µm_004.jpg,1,Sandeels,Ammodytes marinus,0.0019505194,0.8793280124664307
GS_AD_SH_010517_SCH_+500µm_004.jpg,2,Sandeels,Ammodytes marinus,0.0010701622,0.8420045375823975
GS_AD_SH_010517_SCH_+500µm_004.jpg,3,Sandeels,Ammodytes marinus,0.001372683,0.8675140142440796
GS_AD_SH_010517_SCH_+500µm_004.jpg,4,Sandeels,Hyperoplus lanceolatus,0.0039909836,0.6485463380813599
GS_AD_SH_010517_SCH_+500µm_004.jpg,5,Sandeels,Ammodytes marinus,0.002411823,0.883796751499176
GS_AD_SH_010517_SCH_+500µm_004.jpg,6,Sandeels,Ammodytes marinus,0.00046272352,0.43182888627052307
GS_AD_SH_010517_SCH_+500µm_004.jpg,7,Sandeels,Ammodytes marinus,0.0014642216,0.8905110359191895
GS_AD_SH_010517_SCH_+500µm_004.jpg,8,Sandeels,Ammodytes marinus,0.0018521106,0.8527051210403442
GS_AD_SH_010517_SCH_+500µm_004.jpg,9,Sandeels,Ammodytes marinus,0.0009419314,0.8477663397789001
GS_AD_SH_010517_SCH_+500µm_004.jpg,10,Sandeels,Ammodytes marinus,0.0020417182,0.8787879943847656
GS_AD_SH_010517_SCH_+500µm_004.jpg,11,Sandeels,Ammodytes marinus,0.0016640392,0.8535959720611572
GS_AD_SH_010517_SCH_+500µm_004.jpg,12,Sandeels,Ammodytes marinus,0.0018917037,0.8564189076423645
GS_AD_SH_010517_SCH_+500µm_004.jpg,13,Sandeels,Ammodytes marinus,0.0012522223,0.8005526661872864
GS_AD_SH_010517_SCH_+500µm_004.jpg,14,Sandeels,Ammodytes marinus,0.0010776607,0.8108668923377991
GS_AD_SH_010517_SCH_+500µm_004.jpg,15,Sandeels,Hyperoplus lanceolatus,0.005044016,0.6347449421882629
GS_AD_SH_010517_SCH_+500µm_004.jpg,16,Sandeels,Ammodytes marinus,0.0009999955,0.8380088806152344
GS_AD_SH_010517_SCH_+500µm_004.jpg,17,Sandeels,Ammodytes marinus,0.0018960104,0.8746702075004578
GS_AD_SH_010517_SCH_+500µm_004.jpg,18,Sandeels,Ammodytes marinus,0.0009570007,0.8469011783599854
GS_AD_SH_010517_SCH_+500µm_004.jpg,19,Sandeels,Ammodytes marinus,0.0015470359,0.8930711150169373
GS_AD_SH_010517_SCH_+500µm_004_gemeten.jpg,1,Sandeels,Ammodytes marinus,0.001833532,0.9109253883361816
GS_AD_SH_010517_SCH_+500µm_004_gemeten.jpg,2,Sandeels,Hyperoplus lanceolatus,0.0012618707,0.5010753273963928
GS_AD_SH_010517_SCH_+500µm_004_gemeten.jpg,3,Sandeels,Ammodytes marinus,0.0016957136,0.7601362466812134
GS_AD_SH_010517_SCH_+500µm_004_gemeten.jpg,4,Sandeels,Hyperoplus lanceolatus,0.1402838,0.828980028629303
GS_AD_SH_010517_SCH_+500µm_004_gemeten.jpg,5,Sandeels,Ammodytes marinus,0.0029588987,0.9057816863059998
GS_AD_SH_010517_SCH_+500µm_004_gemeten.jpg,6,Sandeels,Hyperoplus lanceolatus,0.001466427,0.5911896824836731
GS_AD_SH_010517_SCH_+500µm_004_gemeten.jpg,7,Sandeels,Ammodytes marinus,0.0011435552,0.9105904698371887
GS_AD_SH_010517_SCH_+500µm_004_gemeten.jpg,8,Sandeels,Ammodytes marinus,0.0024786026,0.8726310729980469
GS_AD_SH_010517_SCH_+500µm_004_gemeten.jpg,9,Sandeels,Ammodytes marinus,0.0012649146,0.6238571405410767
GS_AD_SH_010517_SCH_+500µm_004_gemeten.jpg,10,Sandeels,Hyperoplus lanceolatus,0.0046989433,0.48473018407821655
GS_AD_SH_010517_SCH_+500µm_004_gemeten.jpg,11,Sandeels,Ammodytes marinus,0.0037047756,0.8721367120742798
GS_AD_SH_010517_SCH_+500µm_004_gemeten.jpg,12,Sandeels,Ammodytes marinus,0.0013591438,0.765873372554779
GS_AD_SH_010517_SCH_+500µm_004_gemeten.jpg,13,Sandeels,Ammodytes marinus,0.002252308,0.7877335548400879
GS_AD_SH_010517_SCH_+500µm_004_gemeten.jpg,14,Sandeels,Ammodytes marinus,0.004273994,0.6102873682975769
GS_AD_SH_010517_SCH_+500µm_004_gemeten.jpg,15,Sandeels,Hyperoplus lanceolatus,0.013042188,0.81777024269104
GS_AD_SH_010517_SCH_+500µm_004_gemeten.jpg,16,Sandeels,Ammodytes marinus,0.0005629215,0.6421439051628113
GS_AD_SH_010517_SCH_+500µm_004_gemeten.jpg,17,Sandeels,Ammodytes marinus,0.0019496379,0.9036204814910889
GS_AD_SH_010517_SCH_+500µm_004_gemeten.jpg,18,Sandeels,Ammodytes marinus,0.002275037,0.8512211441993713
GS_AD_SH_010517_SCH_+500µm_004_gemeten.jpg,19,Sandeels,Ammodytes marinus,0.0053792815,0.902065634727478
GS_AD_SH_010517_SCH_+500µm_005.jpg,1,Sandeels,Ammodytes marinus,0.0020127725,0.8532342910766602
GS_AD_SH_010517_SCH_+500µm_005.jpg,2,Sandeels,Ammodytes marinus,0.0014320149,0.6054437160491943
GS_AD_SH_010517_SCH_+500µm_005.jpg,3,Sandeels,Ammodytes marinus,0.0015760628,0.8320272564888
GS_AD_SH_010517_SCH_+500µm_005.jpg,4,Sandeels,Ammodytes tobianus,0.006340153,0.5283840298652649
GS_AD_SH_010517_SCH_+500µm_005.jpg,5,Sandeels,Ammodytes marinus,0.0015691837,0.8163237571716309
GS_AD_SH_010517_SCH_+500µm_005.jpg,6,Sandeels,Ammodytes marinus,0.0025866847,0.8617100119590759
GS_AD_SH_010517_SCH_+500µm_005.jpg,7,Sandeels,Hyperoplus lanceolatus,0.0010134575,0.5478322505950928
GS_AD_SH_010517_SCH_+500µm_005.jpg,8,Sandeels,Ammodytes marinus,0.00044540796,0.6527732014656067
GS_AD_SH_010517_SCH_+500µm_005.jpg,9,Sandeels,Ammodytes tobianus,0.0006248775,0.3777291178703308
GS_AD_SH_010517_SCH_+500µm_005.jpg,10,Sandeels,Ammodytes marinus,0.0018642313,0.8260378241539001
GS_AD_SH_010517_SCH_+500µm_005.jpg,11,Sandeels,Ammodytes marinus,0.0021795866,0.6849625706672668
GS_AD_SH_010517_SCH_+500µm_005.jpg,12,Sandeels,Hyperoplus lanceolatus,0.0043196217,0.6206005215644836
GS_AD_SH_010517_SCH_+500µm_005.jpg,13,Sandeels,Ammodytes marinus,0.001133542,0.8874152898788452
GS_AD_SH_010517_SCH_+500µm_005.jpg,14,Sandeels,Ammodytes marinus,0.0021351725,0.7898770570755005
GS_AD_SH_010517_SCH_+500µm_005.jpg,15,Sandeels,Ammodytes marinus,0.0005276763,0.7677149772644043
GS_AD_SH_010517_SCH_+500µm_005.jpg,16,Sandeels,Ammodytes marinus,0.0011813664,0.7721214294433594
GS_AD_SH_010517_SCH_+500µm_005.jpg,17,Sandeels,Ammodytes marinus,0.0011949787,0.8640762567520142
GS_AD_SH_010517_SCH_+500µm_005.jpg,18,Sandeels,Ammodytes marinus,0.0017479339,0.39920055866241455
GS_AD_SH_010517_SCH_+500µm_005.jpg,19,Sandeels,Ammodytes marinus,0.0014876244,0.8713914155960083
GS_AD_SH_010517_SCH_+500µm_005.jpg,20,Sandeels,Ammodytes marinus,0.0013329459,0.8974305391311646
GS_AD_SH_010517_SCH_+500µm_005.jpg,21,Sandeels,Ammodytes marinus,0.002002812,0.8643652200698853
GS_AD_SH_010517_SCH_+500µm_005.jpg,22,Sandeels,Ammodytes marinus,0.0021899524,0.8599337339401245
GS_AD_SH_010517_SCH_+500µm_005.jpg,23,Sandeels,Ammodytes marinus,0.0006624126,0.4748881757259369
GS_AD_SH_010517_SCH_+500µm_005.jpg,24,Sandeels,Ammodytes marinus,0.0013820403,0.8745852708816528
GS_AD_SH_010517_SCH_+500µm_005.jpg,25,Sandeels,Hyperoplus lanceolatus,0.0006771371,0.49260950088500977
GS_AD_SH_010517_SCH_+500µm_005.jpg,26,Sandeels,Ammodytes marinus,0.0017903432,0.7839707136154175
GS_AD_SH_010517_SCH_+500µm_005.jpg,27,Sandeels,Ammodytes marinus,0.0011743697,0.7594940066337585
GS_AD_SH_010517_SCH_+500µm_005.jpg,28,Sandeels,Ammodytes marinus,0.0007851185,0.7832856178283691
GS_AD_SH_010517_SCH_+500µm_005.jpg,29,Sandeels,Hyperoplus lanceolatus,0.0022681605,0.8495500087738037
GS_AD_SH_010517_SCH_+500µm_005.jpg,30,Sandeels,Ammodytes marinus,0.0012501094,0.8837577104568481
GS_AD_SH_010517_SCH_+500µm_005_gemeten.jpg,1,Sandeels,Ammodytes marinus,0.008318461,0.6203415393829346
GS_AD_SH_010517_SCH_+500µm_005_gemeten.jpg,2,Sandeels,Hyperoplus lanceolatus,0.010776747,0.6104159355163574
GS_AD_SH_010517_SCH_+500µm_005_gemeten.jpg,3,Sandeels,Ammodytes marinus,0.0013132097,0.7876846194267273
GS_AD_SH_010517_SCH_+500µm_005_gemeten.jpg,4,Sandeels,Hyperoplus lanceolatus,0.11436162,0.4484695792198181
GS_AD_SH_010517_SCH_+500µm_005_gemeten.jpg,5,Sandeels,Ammodytes marinus,0.003565925,0.7369011044502258
GS_AD_SH_010517_SCH_+500µm_005_gemeten.jpg,6,Sandeels,Ammodytes marinus,0.0058257924,0.6888502240180969
GS_AD_SH_010517_SCH_+500µm_005_gemeten.jpg,7,Sandeels,Hyperoplus lanceolatus,0.015585819,0.6921427845954895
GS_AD_SH_010517_SCH_+500µm_005_gemeten.jpg,8,Sandeels,Hyperoplus lanceolatus,0.003660474,0.5686540007591248
GS_AD_SH_010517_SCH_+500µm_005_gemeten.jpg,9,Sandeels,Hyperoplus lanceolatus,0.041240737,0.6647726893424988
GS_AD_SH_010517_SCH_+500µm_005_gemeten.jpg,10,Sandeels,Ammodytes marinus,0.0020093503,0.5095937252044678
GS_AD_SH_010517_SCH_+500µm_005_gemeten.jpg,11,Sandeels,Hyperoplus lanceolatus,0.06336844,0.5273497700691223
GS_AD_SH_010517_SCH_+500µm_005_gemeten.jpg,12,Sandeels,Hyperoplus lanceolatus,0.080344394,0.8541363477706909
GS_AD_SH_010517_SCH_+500µm_005_gemeten.jpg,13,Sandeels,Ammodytes marinus,0.0027222615,0.8872286081314087
GS_AD_SH_010517_SCH_+500µm_005_gemeten.jpg,14,Sandeels,Ammodytes marinus,0.009082067,0.5922440886497498
GS_AD_SH_010517_SCH_+500µm_005_gemeten.jpg,15,Sandeels,Hyperoplus lanceolatus,0.004463417,0.5961471796035767
GS_AD_SH_010517_SCH_+500µm_005_gemeten.jpg,16,Sandeels,Hyperoplus lanceolatus,0.009688042,0.7718657851219177
GS_AD_SH_010517_SCH_+500µm_005_gemeten.jpg,17,Sandeels,Hyperoplus lanceolatus,0.0014074985,0.6330821514129639
GS_AD_SH_010517_SCH_+500µm_005_gemeten.jpg,18,Sandeels,Hyperoplus lanceolatus,0.06745185,0.8219860792160034
GS_AD_SH_010517_SCH_+500µm_005_gemeten.jpg,19,Sandeels,Hyperoplus lanceolatus,0.002854272,0.6152316927909851
GS_AD_SH_010517_SCH_+500µm_005_gemeten.jpg,20,Sandeels,Ammodytes marinus,0.0068994914,0.8604377508163452
GS_AD_SH_010517_SCH_+500µm_005_gemeten.jpg,21,Sandeels,Ammodytes marinus,0.009585747,0.8402186632156372
GS_AD_SH_010517_SCH_+500µm_005_gemeten.jpg,22,Sandeels,Ammodytes marinus,0.0047880975,0.8688915967941284
GS_AD_SH_010517_SCH_+500µm_005_gemeten.jpg,23,Sandeels,Hyperoplus lanceolatus,0.0028246455,0.8282215595245361
GS_AD_SH_010517_SCH_+500µm_005_gemeten.jpg,24,Sandeels,Ammodytes marinus,0.0025568327,0.8894961476325989
GS_AD_SH_010517_SCH_+500µm_005_gemeten.jpg,25,Sandeels,Hyperoplus lanceolatus,0.0069544236,0.8284772634506226
GS_AD_SH_010517_SCH_+500µm_005_gemeten.jpg,26,Sandeels,Ammodytes marinus,0.0025998596,0.466772198677063
GS_AD_SH_010517_SCH_+500µm_005_gemeten.jpg,27,Sandeels,Hyperoplus lanceolatus,0.0053945417,0.4976857602596283
GS_AD_SH_010517_SCH_+500µm_005_gemeten.jpg,28,Sandeels,Hyperoplus lanceolatus,0.004756044,0.6950253248214722
GS_AD_SH_010517_SCH_+500µm_005_gemeten.jpg,29,Sandeels,Hyperoplus lanceolatus,0.00779872,0.8991154432296753
GS_AD_SH_010517_SCH_+500µm_005_gemeten.jpg,30,Sandeels,Hyperoplus lanceolatus,0.0036971204,0.5176175236701965
GS_AD_SH_010517_SCH_+500µm_006.jpg,1,Sandeels,Hyperoplus lanceolatus,0.009581605,0.9121644496917725
GS_AD_SH_010517_SCH_+500µm_006.jpg,2,Sandeels,Ammodytes marinus,0.0014382381,0.6382201313972473
GS_AD_SH_010517_SCH_+500µm_006.jpg,3,Sandeels,Ammodytes marinus,0.0005806883,0.7940910458564758
GS_AD_SH_010517_SCH_+500µm_006.jpg,4,Sandeels,Ammodytes marinus,0.0017847761,0.5100343227386475
GS_AD_SH_010517_SCH_+500µm_006.jpg,5,Sandeels,Hyperoplus lanceolatus,0.009871518,0.8120272159576416
GS_AD_SH_010517_SCH_+500µm_006.jpg,6,Sandeels,Ammodytes marinus,0.0023684246,0.8011402487754822
GS_AD_SH_010517_SCH_+500µm_006.jpg,7,Sandeels,Ammodytes marinus,0.011457099,0.5213891863822937
GS_AD_SH_010517_SCH_+500µm_006.jpg,8,Sandeels,Ammodytes marinus,0.0013174246,0.7642900943756104
GS_AD_SH_010517_SCH_+500µm_006.jpg,9,Sandeels,Ammodytes marinus,0.0015748859,0.8116596341133118
GS_AD_SH_010517_SCH_+500µm_006.jpg,10,Sandeels,Ammodytes marinus,0.00085123663,0.7706028819084167
GS_AD_SH_010517_SCH_+500µm_006.jpg,11,Sandeels,Ammodytes marinus,0.0020958798,0.7361912131309509
GS_AD_SH_010517_SCH_+500µm_006.jpg,12,Sandeels,Ammodytes marinus,0.0018359999,0.8445362448692322
GS_AD_SH_010517_SCH_+500µm_006.jpg,13,Sandeels,Ammodytes marinus,0.0021653438,0.8511704206466675
GS_AD_SH_010517_SCH_+500µm_006.jpg,14,Sandeels,Ammodytes marinus,0.0010319734,0.634646475315094
GS_AD_SH_010517_SCH_+500µm_006.jpg,15,Sandeels,Ammodytes marinus,0.0017429107,0.8170053362846375
GS_AD_SH_010517_SCH_+500µm_006.jpg,16,Sandeels,Ammodytes marinus,0.00092634466,0.8523257374763489
GS_AD_SH_010517_SCH_+500µm_006.jpg,17,Sandeels,Ammodytes marinus,0.0014325782,0.8404741883277893
GS_AD_SH_010517_SCH_+500µm_006.jpg,18,Sandeels,Ammodytes tobianus,0.00039545944,0.701813817024231
GS_AD_SH_010517_SCH_+500µm_006.jpg,19,Sandeels,Ammodytes marinus,0.0011010871,0.661674439907074
GS_AD_SH_010517_SCH_+500µm_006.jpg,20,Sandeels,Hyperoplus lanceolatus,0.0019474252,0.5603973269462585
GS_AD_SH_010517_SCH_+500µm_006.jpg,21,Sandeels,Hyperoplus lanceolatus,0.0020920588,0.8101789951324463
GS_AD_SH_010517_SCH_+500µm_006.jpg,22,Sandeels,Ammodytes marinus,0.00097255176,0.8375465273857117
GS_AD_SH_010517_SCH_+500µm_006.jpg,23,Sandeels,Ammodytes marinus,0.00077118265,0.7149139046669006
GS_AD_SH_010517_SCH_+500µm_006.jpg,24,Sandeels,Ammodytes marinus,0.0022507857,0.7791831493377686
GS_AD_SH_010517_SCH_+500µm_006.jpg,25,Sandeels,Ammodytes marinus,0.0014831213,0.8376558423042297
GS_AD_SH_010517_SCH_+500µm_006.jpg,26,Sandeels,Ammodytes marinus,0.0021609005,0.871545672416687
GS_AD_SH_010517_SCH_+500µm_006.jpg,27,Sandeels,Ammodytes marinus,0.0012217794,0.7417343854904175
GS_AD_SH_010517_SCH_+500µm_006.jpg,28,Sandeels,Ammodytes marinus,0.00051154307,0.7171319127082825
GS_AD_SH_010517_SCH_+500µm_006.jpg,29,Sandeels,Ammodytes marinus,0.0027761394,0.6435983180999756
GS_AD_SH_010517_SCH_+500µm_006.jpg,30,Sandeels,Ammodytes marinus,0.003248794,0.46863800287246704
GS_AD_SH_010517_SCH_+500µm_006.jpg,31,Sandeels,Ammodytes marinus,0.0016732702,0.6900609731674194
GS_AD_SH_010517_SCH_+500µm_006.jpg,32,Sandeels,Hyperoplus lanceolatus,0.0032194424,0.8035016059875488
GS_AD_SH_010517_SCH_+500µm_006.jpg,33,Sandeels,Ammodytes marinus,0.004429227,0.8527299165725708
GS_AD_SH_010517_SCH_+500µm_006.jpg,34,Sandeels,Ammodytes marinus,0.001366831,0.43169310688972473
GS_AD_SH_010517_SCH_+500µm_006.jpg,35,Sandeels,Ammodytes marinus,0.0012594075,0.7359151840209961
GS_AD_SH_010517_SCH_+500µm_006.jpg,36,Sandeels,Hyperoplus lanceolatus,0.064545944,0.8640794157981873
GS_AD_SH_010517_SCH_+500µm_006.jpg,37,Sandeels,Ammodytes tobianus,0.001516701,0.6045889854431152
GS_AD_SH_010517_SCH_+500µm_006.jpg,38,Sandeels,Ammodytes tobianus,0.0038432537,0.43044227361679077
GS_AD_SH_010517_SCH_+500µm_006.jpg,39,Sandeels,Hyperoplus lanceolatus,0.0021342726,0.7363758683204651
GS_AD_SH_010517_SCH_+500µm_006.jpg,40,Sandeels,Ammodytes tobianus,0.0012373173,0.706602931022644
GS_AD_SH_010517_SCH_+500µm_006.jpg,41,Sandeels,Ammodytes tobianus,0.0019609784,0.47864019870758057
GS_AD_SH_010517_SCH_+500µm_006.jpg,42,Sandeels,Ammodytes tobianus,0.014168557,0.6501205563545227
GS_AD_SH_010517_SCH_+500µm_006.jpg,43,Sandeels,Ammodytes tobianus,0.38198107,0.8451004028320312
GS_AD_SH_010517_SCH_+500µm_006_gemeten.jpg,1,Sandeels,Hyperoplus lanceolatus,0.054040253,0.8974795937538147
GS_AD_SH_010517_SCH_+500µm_006_gemeten.jpg,2,Sandeels,Hyperoplus lanceolatus,0.0096467,0.7743254899978638
GS_AD_SH_010517_SCH_+500µm_006_gemeten.jpg,3,Sandeels,Hyperoplus lanceolatus,0.006007558,0.6064538359642029
GS_AD_SH_010517_SCH_+500µm_006_gemeten.jpg,4,Sandeels,Hyperoplus lanceolatus,0.08589192,0.7593966126441956
GS_AD_SH_010517_SCH_+500µm_006_gemeten.jpg,5,Clupeids,Sprattus sprattus,0.5278489,0.6308119297027588
GS_AD_SH_010517_SCH_+500µm_006_gemeten.jpg,6,Sandeels,Hyperoplus lanceolatus,0.012770858,0.7723962068557739
GS_AD_SH_010517_SCH_+500µm_006_gemeten.jpg,7,Sandeels,Hyperoplus lanceolatus,0.13440178,0.7755269408226013
GS_AD_SH_010517_SCH_+500µm_006_gemeten.jpg,8,Sandeels,Hyperoplus lanceolatus,0.024335884,0.8213777542114258
GS_AD_SH_010517_SCH_+500µm_006_gemeten.jpg,9,Sandeels,Hyperoplus lanceolatus,0.028323993,0.4559529721736908
GS_AD_SH_010517_SCH_+500µm_006_gemeten.jpg,10,Sandeels,Hyperoplus lanceolatus,0.0042522037,0.5463462471961975
GS_AD_SH_010517_SCH_+500µm_006_gemeten.jpg,11,Sandeels,Hyperoplus lanceolatus,0.085435405,0.7782734036445618
GS_AD_SH_010517_SCH_+500µm_006_gemeten.jpg,12,Sandeels,Hyperoplus lanceolatus,0.014557631,0.7096629738807678
GS_AD_SH_010517_SCH_+500µm_006_gemeten.jpg,13,Sandeels,Hyperoplus lanceolatus,0.010212659,0.5519223809242249
GS_AD_SH_010517_SCH_+500µm_006_gemeten.jpg,14,Sandeels,Hyperoplus lanceolatus,0.057295598,0.812571108341217
GS_AD_SH_010517_SCH_+500µm_006_gemeten.jpg,15,Sandeels,Ammodytes marinus,0.05974893,0.47175925970077515
GS_AD_SH_010517_SCH_+500µm_006_gemeten.jpg,16,Sandeels,Hyperoplus lanceolatus,0.0047604563,0.5258381962776184
GS_AD_SH_010517_SCH_+500µm_006_gemeten.jpg,17,Sandeels,Ammodytes marinus,0.007535232,0.794228196144104
GS_AD_SH_010517_SCH_+500µm_006_gemeten.jpg,18,Sandeels,Ammodytes marinus,0.052283734,0.5560491681098938
GS_AD_SH_010517_SCH_+500µm_006_gemeten.jpg,19,Sandeels,Hyperoplus lanceolatus,0.05784089,0.6855692863464355
GS_AD_SH_010517_SCH_+500µm_006_gemeten.jpg,20,Sandeels,Hyperoplus lanceolatus,0.13091211,0.7146620750427246
GS_AD_SH_010517_SCH_+500µm_006_gemeten.jpg,21,Sandeels,Hyperoplus lanceolatus,0.044224985,0.7480762004852295
GS_AD_SH_010517_SCH_+500µm_006_gemeten.jpg,22,Sandeels,Hyperoplus lanceolatus,0.0014263055,0.5058138966560364
GS_AD_SH_010517_SCH_+500µm_006_gemeten.jpg,23,Sandeels,Hyperoplus lanceolatus,0.0075110327,0.6884055137634277
GS_AD_SH_010517_SCH_+500µm_006_gemeten.jpg,24,Sandeels,Hyperoplus lanceolatus,0.042562447,0.7212006449699402
GS_AD_SH_010517_SCH_+500µm_006_gemeten.jpg,25,Sandeels,Hyperoplus lanceolatus,0.0016812441,0.5614146590232849
GS_AD_SH_010517_SCH_+500µm_006_gemeten.jpg,26,Sandeels,Ammodytes marinus,0.0073149316,0.7829087972640991
GS_AD_SH_010517_SCH_+500µm_006_gemeten.jpg,27,Sandeels,Hyperoplus lanceolatus,0.050749864,0.6149915456771851
GS_AD_SH_010517_SCH_+500µm_006_gemeten.jpg,28,Sandeels,Hyperoplus lanceolatus,0.0014924151,0.7758922576904297
GS_AD_SH_010517_SCH_+500µm_006_gemeten.jpg,29,Sandeels,Ammodytes marinus,0.039092083,0.47946465015411377
GS_AD_SH_010517_SCH_+500µm_006_gemeten.jpg,30,Sandeels,Hyperoplus lanceolatus,0.046942696,0.6033550500869751
GS_AD_SH_010517_SCH_+500µm_006_gemeten.jpg,31,Sandeels,Hyperoplus lanceolatus,0.024064861,0.7336204051971436
GS_AD_SH_010517_SCH_+500µm_006_gemeten.jpg,32,Sandeels,Hyperoplus lanceolatus,0.029512953,0.8757142424583435
GS_AD_SH_010517_SCH_+500µm_006_gemeten.jpg,33,Sandeels,Hyperoplus lanceolatus,0.04504355,0.8313488960266113
GS_AD_SH_010517_SCH_+500µm_006_gemeten.jpg,34,Sandeels,Hyperoplus lanceolatus,0.100946285,0.841506838798523
GS_AD_SH_010517_SCH_+500µm_006_gemeten.jpg,35,Sandeels,Ammodytes marinus,0.020251114,0.5342434048652649
GS_AD_SH_010517_SCH_+500µm_006_gemeten.jpg,36,Clupeids,Clupea harengus,0.60736895,0.5278263688087463
GS_AD_SH_010517_SCH_+500µm_006_gemeten.jpg,37,Sandeels,Hyperoplus lanceolatus,0.11673696,0.8712847232818604
GS_AD_SH_010517_SCH_+500µm_006_gemeten.jpg,38,Sandeels,Hyperoplus lanceolatus,0.0067758234,0.6988508105278015
GS_AD_SH_010517_SCH_+500µm_006_gemeten.jpg,39,Sandeels,Hyperoplus lanceolatus,0.2351893,0.6891930103302002
GS_AD_SH_010517_SCH_+500µm_006_gemeten.jpg,40,Sandeels,Hyperoplus lanceolatus,0.10379089,0.8000447154045105
GS_AD_SH_010517_SCH_+500µm_006_gemeten.jpg,41,Sandeels,Hyperoplus lanceolatus,0.32236257,0.9055705666542053
GS_AD_SH_010517_SCH_+500µm_006_gemeten.jpg,42,Sandeels,Hyperoplus lanceolatus,0.17897624,0.5209692716598511
GS_AD_SH_010517_SCH_+500µm_007.jpg,1,Sandeels,Ammodytes tobianus,0.00022937261,0.8652647733688354
GS_AD_SH_010517_SCH_+500µm_007.jpg,2,Sandeels,Ammodytes tobianus,0.0010274206,0.8202840089797974
GS_AD_SH_010517_SCH_+500µm_007.jpg,3,Clupeids,Sprattus sprattus,0.9621771,0.5790210366249084
GS_AD_SH_010517_SCH_+500µm_007.jpg,4,Sandeels,Ammodytes tobianus,0.01194525,0.7796849012374878
GS_AD_SH_010517_SCH_+500µm_007.jpg,5,Sandeels,Ammodytes marinus,0.00079855643,0.8707318305969238
GS_AD_SH_010517_SCH_+500µm_007.jpg,6,Sandeels,Ammodytes marinus,0.0011075975,0.5953413248062134
GS_AD_SH_010517_SCH_+500µm_007.jpg,7,Sandeels,Ammodytes marinus,0.0016352736,0.6671805381774902
GS_AD_SH_010517_SCH_+500µm_007.jpg,8,Sandeels,Ammodytes marinus,0.00096578535,0.7634354829788208
GS_AD_SH_010517_SCH_+500µm_007.jpg,9,Sandeels,Ammodytes tobianus,0.0005890833,0.8364142775535583
GS_AD_SH_010517_SCH_+500µm_007.jpg,10,Sandeels,Ammodytes marinus,0.009977248,0.6724564433097839
GS_AD_SH_010517_SCH_+500µm_007.jpg,11,Sandeels,Ammodytes marinus,0.0018701775,0.744194746017456
GS_AD_SH_010517_SCH_+500µm_007.jpg,12,Sandeels,Ammodytes marinus,0.0012514043,0.8711602091789246
GS_AD_SH_010517_SCH_+500µm_007.jpg,13,Sandeels,Ammodytes tobianus,0.00067055976,0.8228867650032043
GS_AD_SH_010517_SCH_+500µm_007.jpg,14,Sandeels,Hyperoplus lanceolatus,0.006630005,0.7761366367340088
GS_AD_SH_010517_SCH_+500µm_007.jpg,15,Sandeels,Ammodytes tobianus,0.28847665,0.5656198859214783
GS_AD_SH_010517_SCH_+500µm_007.jpg,16,Sandeels,Hyperoplus lanceolatus,0.0007942867,0.47770005464553833
GS_AD_SH_010517_SCH_+500µm_007.jpg,17,Sandeels,Ammodytes tobianus,0.00038790854,0.8494349718093872
GS_AD_SH_010517_SCH_+500µm_007.jpg,18,Sandeels,Ammodytes marinus,0.002338243,0.8331627249717712
GS_AD_SH_010517_SCH_+500µm_007.jpg,19,Sandeels,Ammodytes marinus,0.030481357,0.6248035430908203
GS_AD_SH_010517_SCH_+500µm_007.jpg,20,Sandeels,Ammodytes tobianus,0.00048470998,0.839801549911499
GS_AD_SH_010517_SCH_+500µm_007.jpg,21,Sandeels,Ammodytes tobianus,0.0019882964,0.8294936418533325
GS_AD_SH_010517_SCH_+500µm_007.jpg,22,Sandeels,Hyperoplus lanceolatus,0.027563073,0.7589629888534546
GS_AD_SH_010517_SCH_+500µm_007.jpg,23,Sandeels,Hyperoplus lanceolatus,0.015964162,0.8686558604240417
GS_AD_SH_010517_SCH_+500µm_007.jpg,24,Sandeels,Ammodytes marinus,0.0011149793,0.7714963555335999
GS_AD_SH_010517_SCH_+500µm_007.jpg,25,Sandeels,Ammodytes tobianus,0.10988852,0.8418132066726685
GS_AD_SH_010517_SCH_+500µm_007.jpg,26,Sandeels,Ammodytes tobianus,0.00707851,0.7674039602279663
GS_AD_SH_010517_SCH_+500µm_007.jpg,27,Sandeels,Ammodytes tobianus,0.001831144,0.8327710032463074
GS_AD_SH_010517_SCH_+500µm_007_gemeten.jpg,1,Sandeels,Ammodytes tobianus,0.00013086536,0.8884497284889221
GS_AD_SH_010517_SCH_+500µm_007_gemeten.jpg,2,Sandeels,Ammodytes tobianus,0.00083542854,0.8355132341384888
GS_AD_SH_010517_SCH_+500µm_007_gemeten.jpg,3,Clupeids,Sprattus sprattus,0.9287986,0.5225156545639038
GS_AD_SH_010517_SCH_+500µm_007_gemeten.jpg,4,Sandeels,Ammodytes tobianus,0.0066986163,0.7966843247413635
GS_AD_SH_010517_SCH_+500µm_007_gemeten.jpg,5,Sandeels,Hyperoplus lanceolatus,0.0015819202,0.6808741688728333
GS_AD_SH_010517_SCH_+500µm_007_gemeten.jpg,6,Sandeels,Ammodytes marinus,0.013247053,0.5947239398956299
GS_AD_SH_010517_SCH_+500µm_007_gemeten.jpg,7,Sandeels,Ammodytes marinus,0.00204148,0.623910129070282
GS_AD_SH_010517_SCH_+500µm_007_gemeten.jpg,8,Sandeels,Hyperoplus lanceolatus,0.005932517,0.6401234269142151
GS_AD_SH_010517_SCH_+500µm_007_gemeten.jpg,9,Sandeels,Ammodytes tobianus,0.0003950572,0.8484853506088257
GS_AD_SH_010517_SCH_+500µm_007_gemeten.jpg,10,Sandeels,Ammodytes marinus,0.01216409,0.4935654103755951
GS_AD_SH_010517_SCH_+500µm_007_gemeten.jpg,11,Sandeels,Ammodytes marinus,0.0032883722,0.4776269495487213
GS_AD_SH_010517_SCH_+500µm_007_gemeten.jpg,12,Sandeels,Ammodytes tobianus,0.0007185671,0.8180894255638123
GS_AD_SH_010517_SCH_+500µm_007_gemeten.jpg,13,Sandeels,Hyperoplus lanceolatus,0.014132628,0.8856471180915833
GS_AD_SH_010517_SCH_+500µm_007_gemeten.jpg,14,Sandeels,Ammodytes tobianus,0.21983184,0.7408181428909302
GS_AD_SH_010517_SCH_+500µm_007_gemeten.jpg,15,Sandeels,Ammodytes marinus,0.003241166,0.4595418870449066
GS_AD_SH_010517_SCH_+500µm_007_gemeten.jpg,16,Sandeels,Ammodytes tobianus,0.0055080727,0.6526125073432922
GS_AD_SH_010517_SCH_+500µm_007_gemeten.jpg,17,Sandeels,Ammodytes marinus,0.0054985993,0.8860859274864197
GS_AD_SH_010517_SCH_+500µm_007_gemeten.jpg,18,Clupeids,Sprattus sprattus,0.60957897,0.478782594203949
GS_AD_SH_010517_SCH_+500µm_007_gemeten.jpg,19,Sandeels,Ammodytes tobianus,0.00015241536,0.8841329216957092
GS_AD_SH_010517_SCH_+500µm_007_gemeten.jpg,20,Sandeels,Ammodytes tobianus,0.0009466396,0.8477301597595215
GS_AD_SH_010517_SCH_+500µm_007_gemeten.jpg,21,Sandeels,Hyperoplus lanceolatus,0.0052093505,0.6851140856742859
GS_AD_SH_010517_SCH_+500µm_007_gemeten.jpg,22,Sandeels,Ammodytes tobianus,0.00095809647,0.8484101891517639
GS_AD_SH_010517_SCH_+500µm_007_gemeten.jpg,23,Clupeids,Clupea harengus,0.900758,0.4808855950832367
GS_AD_SH_010517_SCH_+500µm_007_gemeten.jpg,24,Clupeids,Alosa fallax,0.6460748,0.5595203638076782
GS_AD_SH_010517_SCH_+500µm_007_gemeten.jpg,25,Sandeels,Ammodytes tobianus,0.0036103947,0.8869906663894653
GS_AD_SH_010517_SCH_+500µm_007_gemeten.jpg,26,Sandeels,Ammodytes tobianus,0.003697254,0.7869933247566223
GS_AD_SH_010517_SCH_+500µm_007_gemeten.jpg,27,Sandeels,Ammodytes tobianus,0.0018121921,0.8123055696487427
GS_AD_SH_010517_SCH_+500µm_008.jpg,1,Sandeels,Ammodytes tobianus,0.0002810661,0.8592226505279541
GS_AD_SH_010517_SCH_+500µm_008.jpg,2,Sandeels,Ammodytes tobianus,0.1962384,0.44590243697166443
GS_AD_SH_010517_SCH_+500µm_008.jpg,3,Clupeids,Sprattus sprattus,0.8641944,0.7328436374664307
GS_AD_SH_010517_SCH_+500µm_008.jpg,4,Sandeels,Ammodytes tobianus,0.0005400124,0.8354714512825012
GS_AD_SH_010517_SCH_+500µm_008.jpg,5,Clupeids,Clupea harengus,0.9616841,0.5118961930274963
GS_AD_SH_010517_SCH_+500µm_008.jpg,6,Sandeels,Ammodytes tobianus,0.004760531,0.7917878031730652
GS_AD_SH_010517_SCH_+500µm_008.jpg,7,Sandeels,Ammodytes tobianus,0.0028588888,0.7876432538032532
GS_AD_SH_010517_SCH_+500µm_008.jpg,8,Sandeels,Ammodytes tobianus,0.15872438,0.5673202872276306
GS_AD_SH_010517_SCH_+500µm_008.jpg,9,Clupeids,Clupea harengus,0.90106887,0.5099411010742188
GS_AD_SH_010517_SCH_+500µm_008.jpg,10,Clupeids,Clupea harengus,0.959182,0.8638454675674438
GS_AD_SH_010517_SCH_+500µm_008.jpg,11,Clupeids,Clupea harengus,0.9986162,0.810827910900116
GS_AD_SH_010517_SCH_+500µm_008.jpg,12,Clupeids,Clupea harengus,0.9969409,0.8713706731796265
GS_AD_SH_010517_SCH_+500µm_008.jpg,13,Sandeels,Ammodytes tobianus,0.0005496845,0.8309546709060669
GS_AD_SH_010517_SCH_+500µm_008.jpg,14,Clupeids,Clupea harengus,0.97571295,0.4571072459220886
GS_AD_SH_010517_SCH_+500µm_008.jpg,15,Clupeids,Clupea harengus,0.7309846,0.6185722351074219
GS_AD_SH_010517_SCH_+500µm_008.jpg,16,Clupeids,Alosa fallax,0.911977,0.5129262804985046
GS_AD_SH_010517_SCH_+500µm_008.jpg,17,Sandeels,Ammodytes tobianus,0.49172384,0.4398305416107178
GS_AD_SH_010517_SCH_+500µm_008.jpg,18,Sandeels,Ammodytes tobianus,0.00068333437,0.806082010269165
GS_AD_SH_010517_SCH_+500µm_008.jpg,19,Sandeels,Ammodytes tobianus,0.0016729316,0.7959551811218262
GS_AD_SH_010517_SCH_+500µm_008.jpg,20,Sandeels,Ammodytes tobianus,0.0031365976,0.7932125329971313
GS_AD_SH_010517_SCH_+500µm_008.jpg,21,Sandeels,Ammodytes tobianus,0.00052224146,0.8548803329467773
GS_AD_SH_010517_SCH_+500µm_008.jpg,22,Sandeels,Ammodytes tobianus,0.0036114547,0.782293975353241
GS_AD_SH_010517_SCH_+500µm_008.jpg,23,Sandeels,Ammodytes tobianus,0.1794046,0.7521744966506958
GS_AD_SH_010517_SCH_+500µm_008.jpg,24,Sandeels,Ammodytes tobianus,0.00029113042,0.8637712001800537
GS_AD_SH_010517_SCH_+500µm_008_gemeten.jpg,1,Sandeels,Ammodytes tobianus,0.00017614804,0.8763430714607239
GS_AD_SH_010517_SCH_+500µm_008_gemeten.jpg,2,Sandeels,Ammodytes tobianus,0.00070330355,0.8550178408622742
GS_AD_SH_010517_SCH_+500µm_008_gemeten.jpg,3,Clupeids,Sprattus sprattus,0.9636607,0.7084922790527344
GS_AD_SH_010517_SCH_+500µm_008_gemeten.jpg,4,Clupeids,Sprattus sprattus,0.9338825,0.6632057428359985
GS_AD_SH_010517_SCH_+500µm_008_gemeten.jpg,5,Sandeels,Ammodytes tobianus,0.0004145579,0.8527801036834717
GS_AD_SH_010517_SCH_+500µm_008_gemeten.jpg,6,Clupeids,Sprattus sprattus,0.9994754,0.6414852142333984
GS_AD_SH_010517_SCH_+500µm_008_gemeten.jpg,7,Sandeels,Ammodytes tobianus,3.962196e-05,0.9260693192481995
GS_AD_SH_010517_SCH_+500µm_008_gemeten.jpg,8,Sandeels,Ammodytes tobianus,0.0046287407,0.783730685710907
GS_AD_SH_010517_SCH_+500µm_008_gemeten.jpg,9,Sandeels,Ammodytes tobianus,0.0010679562,0.8427795767784119
GS_AD_SH_010517_SCH_+500µm_008_gemeten.jpg,10,Clupeids,Clupea harengus,0.97190315,0.711023211479187
GS_AD_SH_010517_SCH_+500µm_008_gemeten.jpg,11,Clupeids,Sprattus sprattus,0.999178,0.7103816866874695
GS_AD_SH_010517_SCH_+500µm_008_gemeten.jpg,12,Clupeids,Clupea harengus,0.9953491,0.8110207319259644
GS_AD_SH_010517_SCH_+500µm_008_gemeten.jpg,13,Clupeids,Clupea harengus,0.9990631,0.6533620357513428
GS_AD_SH_010517_SCH_+500µm_008_gemeten.jpg,14,Clupeids,Clupea harengus,0.99831945,0.8791560530662537
GS_AD_SH_010517_SCH_+500µm_008_gemeten.jpg,15,Sandeels,Ammodytes tobianus,0.0003560143,0.8516678214073181
GS_AD_SH_010517_SCH_+500µm_008_gemeten.jpg,16,Clupeids,Sprattus sprattus,0.99536175,0.48150914907455444
GS_AD_SH_010517_SCH_+500µm_008_gemeten.jpg,17,Clupeids,Clupea harengus,0.9959193,0.5757745504379272
GS_AD_SH_010517_SCH_+500µm_008_gemeten.jpg,18,Clupeids,Sprattus sprattus,0.7829984,0.5486745238304138
GS_AD_SH_010517_SCH_+500µm_008_gemeten.jpg,19,Clupeids,Clupea harengus,0.9141933,0.6797448992729187
GS_AD_SH_010517_SCH_+500µm_008_gemeten.jpg,20,Sandeels,Ammodytes tobianus,0.0004310236,0.8264684081077576
GS_AD_SH_010517_SCH_+500µm_008_gemeten.jpg,21,Sandeels,Ammodytes tobianus,0.0004983076,0.8295536041259766
GS_AD_SH_010517_SCH_+500µm_008_gemeten.jpg,22,Sandeels,Ammodytes tobianus,0.0013885326,0.8234310150146484
GS_AD_SH_010517_SCH_+500µm_008_gemeten.jpg,23,Sandeels,Ammodytes tobianus,0.00034893444,0.8628520369529724
GS_AD_SH_010517_SCH_+500µm_008_gemeten.jpg,24,Sandeels,Ammodytes tobianus,0.002769726,0.7832896113395691
GS_AD_SH_010517_SCH_+500µm_008_gemeten.jpg,25,Clupeids,Clupea harengus,0.9376235,0.6493149995803833
GS_AD_SH_010517_SCH_+500µm_008_gemeten.jpg,26,Sandeels,Ammodytes tobianus,0.00016958336,0.8819125890731812
GS_AD_SH_010517_SCH_+500µm_009.jpg,1,Sandeels,Ammodytes marinus,0.0096634645,0.6114716529846191
GS_AD_SH_010517_SCH_+500µm_009.jpg,2,Clupeids,Alosa fallax,0.97908974,0.4019503891468048
GS_AD_SH_010517_SCH_+500µm_009.jpg,3,Sandeels,Hyperoplus lanceolatus,0.01749506,0.9492563605308533
GS_AD_SH_010517_SCH_+500µm_009.jpg,4,Sandeels,Hyperoplus lanceolatus,0.080009475,0.5555161237716675
GS_AD_SH_010517_SCH_+500µm_009.jpg,5,Sandeels,Ammodytes marinus,0.002839993,0.8389579653739929
GS_AD_SH_010517_SCH_+500µm_009.jpg,6,Sandeels,Ammodytes marinus,0.0044241776,0.8619670271873474
GS_AD_SH_010517_SCH_+500µm_009.jpg,7,Sandeels,Hyperoplus lanceolatus,0.20248462,0.46259942650794983
GS_AD_SH_010517_SCH_+500µm_009.jpg,8,Sandeels,Ammodytes marinus,0.0023789487,0.8520188927650452
GS_AD_SH_010517_SCH_+500µm_009.jpg,9,Clupeids,Alosa fallax,0.86130935,0.6372336149215698
GS_AD_SH_010517_SCH_+500µm_009.jpg,10,Sandeels,Hyperoplus lanceolatus,0.057741325,0.8870828151702881
GS_AD_SH_010517_SCH_+500µm_009.jpg,11,Sandeels,Ammodytes tobianus,0.05151155,0.4853370785713196
GS_AD_SH_010517_SCH_+500µm_009.jpg,12,Sandeels,Ammodytes tobianus,0.0043558567,0.7531296610832214
GS_AD_SH_010517_SCH_+500µm_009_gemeten.jpg,1,Sandeels,Ammodytes marinus,0.027712071,0.42495197057724
GS_AD_SH_010517_SCH_+500µm_009_gemeten.jpg,2,Clupeids,Clupea harengus,0.9131308,0.5290268659591675
GS_AD_SH_010517_SCH_+500µm_009_gemeten.jpg,3,Sandeels,Hyperoplus lanceolatus,0.03001663,0.954171359539032
GS_AD_SH_010517_SCH_+500µm_009_gemeten.jpg,4,Sandeels,Hyperoplus lanceolatus,0.034266196,0.8314481973648071
GS_AD_SH_010517_SCH_+500µm_009_gemeten.jpg,5,Sandeels,Ammodytes marinus,0.0026859192,0.8125584721565247
GS_AD_SH_010517_SCH_+500µm_009_gemeten.jpg,6,Sandeels,Ammodytes marinus,0.0064385757,0.8545605540275574
GS_AD_SH_010517_SCH_+500µm_009_gemeten.jpg,7,Sandeels,Ammodytes tobianus,0.09646104,0.5473154783248901
GS_AD_SH_010517_SCH_+500µm_009_gemeten.jpg,8,Sandeels,Ammodytes marinus,0.0013634203,0.8612394332885742
GS_AD_SH_010517_SCH_+500µm_009_gemeten.jpg,9,Clupeids,Alosa fallax,0.89406157,0.6948964595794678
GS_AD_SH_010517_SCH_+500µm_009_gemeten.jpg,10,Sandeels,Hyperoplus lanceolatus,0.0354325,0.8961681723594666
GS_AD_SH_010517_SCH_+500µm_009_gemeten.jpg,11,Sandeels,Ammodytes tobianus,0.034358397,0.49747100472450256
GS_AD_SH_010517_SCH_+500µm_009_gemeten.jpg,12,Sandeels,Ammodytes tobianus,0.0038438234,0.791476845741272
GS_AD_SH_010517_SCH_-500µm_001.jpg,1,Sandeels,Ammodytes tobianus,8.1019774e-05,0.9230156540870667
GS_AD_SH_010517_SCH_-500µm_001.jpg,2,Sandeels,Ammodytes tobianus,0.02741123,0.5082268118858337
GS_AD_SH_010517_SCH_-500µm_001.jpg,3,Sandeels,Hyperoplus lanceolatus,0.05793006,0.7959491610527039
GS_AD_SH_010517_SCH_-500µm_001.jpg,4,Sandeels,Ammodytes marinus,0.0020604166,0.8008902668952942
GS_AD_SH_010517_SCH_-500µm_001.jpg,5,Sandeels,Ammodytes marinus,0.023520855,0.6049150228500366
GS_AD_SH_010517_SCH_-500µm_001.jpg,6,Clupeids,Clupea harengus,0.94195366,0.6398716568946838
GS_AD_SH_010517_SCH_-500µm_001.jpg,7,Sandeels,Hyperoplus lanceolatus,0.0023879134,0.8471459746360779
GS_AD_SH_010517_SCH_-500µm_001.jpg,8,Sandeels,Ammodytes marinus,0.004400439,0.8034007549285889
GS_AD_SH_010517_SCH_-500µm_001.jpg,9,Sandeels,Ammodytes marinus,0.002609512,0.7865886688232422
GS_AD_SH_010517_SCH_-500µm_001.jpg,10,Sandeels,Ammodytes marinus,0.0006880196,0.779110312461853
GS_AD_SH_010517_SCH_-500µm_001.jpg,11,Sandeels,Ammodytes marinus,0.0027045375,0.7600722908973694
GS_AD_SH_010517_SCH_-500µm_001.jpg,12,Sandeels,Ammodytes tobianus,0.020971123,0.4985290765762329
GS_AD_SH_010517_SCH_-500µm_001.jpg,13,Sandeels,Ammodytes marinus,0.0029714731,0.8352066278457642
GS_AD_SH_010517_SCH_-500µm_001.jpg,14,Sandeels,Ammodytes tobianus,0.021414952,0.4483194649219513
GS_AD_SH_010517_SCH_-500µm_001.jpg,15,Sandeels,Ammodytes tobianus,0.009101101,0.4900233745574951
GS_AD_SH_010517_SCH_-500µm_001.jpg,16,Sandeels,Ammodytes marinus,0.00046142552,0.5808092951774597
GS_AD_SH_010517_SCH_-500µm_001.jpg,17,Sandeels,Hyperoplus lanceolatus,0.018019255,0.8180267810821533
GS_AD_SH_010517_SCH_-500µm_001.jpg,18,Sandeels,Ammodytes tobianus,0.011339951,0.42227956652641296
GS_AD_SH_010517_SCH_-500µm_001.jpg,19,Sandeels,Ammodytes marinus,0.0026931367,0.8130725622177124
GS_AD_SH_010517_SCH_-500µm_001.jpg,20,Sandeels,Ammodytes tobianus,0.0004973763,0.584412693977356
GS_AD_SH_010517_SCH_-500µm_001.jpg,21,Sandeels,Ammodytes tobianus,0.026566941,0.5695605278015137
GS_AD_SH_010517_SCH_-500µm_001.jpg,22,Sandeels,Ammodytes marinus,0.00752556,0.6341429352760315
GS_AD_SH_010517_SCH_-500µm_001.jpg,23,Sandeels,Ammodytes tobianus,0.004270381,0.6162381172180176
GS_AD_SH_010517_SCH_-500µm_001.jpg,24,Sandeels,Ammodytes marinus,0.001776098,0.7532334923744202
GS_AD_SH_010517_SCH_-500µm_001.jpg,25,Sandeels,Ammodytes tobianus,0.03777265,0.47329485416412354
GS_AD_SH_010517_SCH_-500µm_001.jpg,26,Sandeels,Ammodytes tobianus,0.003972,0.39418113231658936
GS_AD_SH_010517_SCH_-500µm_001.jpg,27,Sandeels,Ammodytes tobianus,0.0089152,0.5721055865287781
GS_AD_SH_010517_SCH_-500µm_001.jpg,28,Clupeids,Sprattus sprattus,0.52830565,0.45671942830085754
GS_AD_SH_010517_SCH_-500µm_001.jpg,29,Sandeels,Ammodytes marinus,0.0053982884,0.5493712425231934
GS_AD_SH_010517_SCH_-500µm_001.jpg,30,Sandeels,Ammodytes tobianus,0.17616104,0.5390555262565613
GS_AD_SH_010517_SCH_-500µm_001_gemeten.jpg,1,Sandeels,Ammodytes tobianus,0.00012364227,0.9134718775749207
GS_AD_SH_010517_SCH_-500µm_001_gemeten.jpg,2,Clupeids,Sprattus sprattus,0.91288006,0.5387263298034668
GS_AD_SH_010517_SCH_-500µm_001_gemeten.jpg,3,Sandeels,Hyperoplus lanceolatus,0.37698668,0.8558816909790039
GS_AD_SH_010517_SCH_-500µm_001_gemeten.jpg,4,Sandeels,Ammodytes marinus,0.018644987,0.5377750992774963
GS_AD_SH_010517_SCH_-500µm_001_gemeten.jpg,5,Clupeids,Sprattus sprattus,0.75144404,0.5578643083572388
GS_AD_SH_010517_SCH_-500µm_001_gemeten.jpg,6,Clupeids,Clupea harengus,0.7376079,0.5210813879966736
GS_AD_SH_010517_SCH_-500µm_001_gemeten.jpg,7,Sandeels,Hyperoplus lanceolatus,0.007551875,0.9013289213180542
GS_AD_SH_010517_SCH_-500µm_001_gemeten.jpg,8,Sandeels,Ammodytes marinus,0.03800417,0.728827714920044
GS_AD_SH_010517_SCH_-500µm_001_gemeten.jpg,9,Sandeels,Ammodytes marinus,0.0041093654,0.6106668710708618
GS_AD_SH_010517_SCH_-500µm_001_gemeten.jpg,10,Sandeels,Ammodytes marinus,0.0019065231,0.7428286671638489
GS_AD_SH_010517_SCH_-500µm_001_gemeten.jpg,11,Sandeels,Ammodytes marinus,0.030478844,0.8010572791099548
GS_AD_SH_010517_SCH_-500µm_001_gemeten.jpg,12,Sandeels,Hyperoplus lanceolatus,0.20181364,0.699300229549408
GS_AD_SH_010517_SCH_-500µm_001_gemeten.jpg,13,Sandeels,Ammodytes marinus,0.022120384,0.78191077709198
GS_AD_SH_010517_SCH_-500µm_001_gemeten.jpg,14,Clupeids,Sprattus sprattus,0.5544242,0.5097911357879639
GS_AD_SH_010517_SCH_-500µm_001_gemeten.jpg,15,Sandeels,Hyperoplus lanceolatus,0.055475097,0.5965219736099243
GS_AD_SH_010517_SCH_-500µm_001_gemeten.jpg,16,Sandeels,Hyperoplus lanceolatus,0.0013578577,0.7393240332603455
GS_AD_SH_010517_SCH_-500µm_001_gemeten.jpg,17,Sandeels,Hyperoplus lanceolatus,0.43425158,0.8280363082885742
GS_AD_SH_010517_SCH_-500µm_001_gemeten.jpg,18,Sandeels,Hyperoplus lanceolatus,0.11065309,0.6783654689788818
GS_AD_SH_010517_SCH_-500µm_001_gemeten.jpg,19,Sandeels,Hyperoplus lanceolatus,0.0007408755,0.5514750480651855
GS_AD_SH_010517_SCH_-500µm_001_gemeten.jpg,20,Sandeels,Ammodytes marinus,0.004533632,0.5081031918525696
GS_AD_SH_010517_SCH_-500µm_001_gemeten.jpg,21,Sandeels,Hyperoplus lanceolatus,0.10416566,0.8159766793251038
GS_AD_SH_010517_SCH_-500µm_001_gemeten.jpg,22,Clupeids,Sprattus sprattus,0.77046657,0.8511123061180115
GS_AD_SH_010517_SCH_-500µm_001_gemeten.jpg,23,Sandeels,Hyperoplus lanceolatus,0.10833267,0.47063714265823364
GS_AD_SH_010517_SCH_-500µm_001_gemeten.jpg,24,Sandeels,Hyperoplus lanceolatus,0.013117708,0.5730553865432739
GS_AD_SH_010517_SCH_-500µm_001_gemeten.jpg,25,Clupeids,Sprattus sprattus,0.8217082,0.5222203135490417
GS_AD_SH_010517_SCH_-500µm_001_gemeten.jpg,26,Clupeids,Sprattus sprattus,0.5311419,0.45013248920440674
GS_AD_SH_010517_SCH_-500µm_001_gemeten.jpg,27,Clupeids,Sprattus sprattus,0.99011326,0.8184441328048706
GS_AD_SH_010517_SCH_-500µm_001_gemeten.jpg,28,Clupeids,Sprattus sprattus,0.7831546,0.6842929720878601
GS_AD_SH_010517_SCH_-500µm_001_gemeten.jpg,29,Sandeels,Ammodytes marinus,0.004422817,0.5314058661460876
GS_AD_SH_010517_SCH_-500µm_001_gemeten.jpg,30,Clupeids,Sprattus sprattus,0.7522723,0.6188983917236328
GS_AD_SH_010517_SCH_-500µm_002.jpg,1,Sandeels,Ammodytes tobianus,0.0014636674,0.8221595883369446
GS_AD_SH_010517_SCH_-500µm_002.jpg,2,Sandeels,Ammodytes tobianus,0.037743278,0.7485585808753967
GS_AD_SH_010517_SCH_-500µm_002.jpg,3,Clupeids,Sprattus sprattus,0.79656965,0.7254270911216736
GS_AD_SH_010517_SCH_-500µm_002.jpg,4,Clupeids,Sprattus sprattus,0.93267065,0.6207906007766724
GS_AD_SH_010517_SCH_-500µm_002.jpg,5,Clupeids,Sprattus sprattus,0.9621783,0.531213104724884
GS_AD_SH_010517_SCH_-500µm_002.jpg,6,Clupeids,Clupea harengus,0.9993086,0.8344564437866211
GS_AD_SH_010517_SCH_-500µm_002.jpg,7,Clupeids,Alosa fallax,0.75824094,0.37333858013153076
GS_AD_SH_010517_SCH_-500µm_002.jpg,8,Clupeids,Sprattus sprattus,0.7497317,0.7442805171012878
GS_AD_SH_010517_SCH_-500µm_002.jpg,9,Clupeids,Clupea harengus,0.89794,0.7157548069953918
GS_AD_SH_010517_SCH_-500µm_002.jpg,10,Clupeids,Alosa fallax,0.83189094,0.5608786940574646
GS_AD_SH_010517_SCH_-500µm_002.jpg,11,Clupeids,Clupea harengus,0.95006806,0.45993074774742126
GS_AD_SH_010517_SCH_-500µm_002.jpg,12,Clupeids,Sprattus sprattus,0.6866574,0.70505291223526
GS_AD_SH_010517_SCH_-500µm_002.jpg,13,Sandeels,Ammodytes tobianus,0.31479257,0.6269692778587341
GS_AD_SH_010517_SCH_-500µm_002.jpg,14,Clupeids,Alosa fallax,0.6205912,0.7066577076911926
GS_AD_SH_010517_SCH_-500µm_002.jpg,15,Sandeels,Ammodytes tobianus,0.47159022,0.5620270371437073
GS_AD_SH_010517_SCH_-500µm_002.jpg,16,Sandeels,Ammodytes tobianus,0.21722785,0.818371057510376
GS_AD_SH_010517_SCH_-500µm_002.jpg,17,Clupeids,Alosa fallax,0.91085386,0.4135684072971344
GS_AD_SH_010517_SCH_-500µm_002.jpg,18,Sandeels,Ammodytes tobianus,0.038295288,0.6731765866279602
GS_AD_SH_010517_SCH_-500µm_002.jpg,19,Clupeids,Sprattus sprattus,0.9823423,0.6578550934791565
GS_AD_SH_010517_SCH_-500µm_002.jpg,20,Clupeids,Alosa fallax,0.90113354,0.43148431181907654
GS_AD_SH_010517_SCH_-500µm_002.jpg,21,Clupeids,Sprattus sprattus,0.73824584,0.4923332929611206
GS_AD_SH_010517_SCH_-500µm_002.jpg,22,Clupeids,Sprattus sprattus,0.633794,0.4512721598148346
GS_AD_SH_010517_SCH_-500µm_002.jpg,23,Sandeels,Ammodytes tobianus,0.20057465,0.7919195294380188
GS_AD_SH_010517_SCH_-500µm_002.jpg,24,Sandeels,Ammodytes tobianus,0.018997017,0.8255713582038879
GS_AD_SH_010517_SCH_-500µm_002.jpg,25,Clupeids,Clupea harengus,0.90836304,0.8979320526123047
GS_AD_SH_010517_SCH_-500µm_002.jpg,26,Clupeids,Clupea harengus,0.9965609,0.7842733860015869
GS_AD_SH_010517_SCH_-500µm_002.jpg,27,Sandeels,Ammodytes tobianus,0.32280234,0.7999948859214783
GS_AD_SH_010517_SCH_-500µm_002.jpg,28,Clupeids,Sprattus sprattus,0.9639097,0.5669035911560059
GS_AD_SH_010517_SCH_-500µm_002.jpg,29,Sandeels,Ammodytes tobianus,0.006644583,0.8537108302116394
GS_AD_SH_010517_SCH_-500µm_002.jpg,30,Clupeids,Alosa fallax,0.9798339,0.6498540639877319
GS_AD_SH_010517_SCH_-500µm_002.jpg,31,Clupeids,Clupea harengus,0.9574051,0.46838805079460144
GS_AD_SH_010517_SCH_-500µm_002.jpg,32,Sandeels,Ammodytes tobianus,0.43271884,0.7513672113418579
GS_AD_SH_010517_SCH_-500µm_002.jpg,33,Sandeels,Ammodytes tobianus,0.45467135,0.6364553570747375
GS_AD_SH_010517_SCH_-500µm_002.jpg,34,Clupeids,Clupea harengus,0.8719099,0.666337251663208
GS_AD_SH_010517_SCH_-500µm_002.jpg,35,Clupeids,Clupea harengus,0.82822776,0.4927404224872589
GS_AD_SH_010517_SCH_-500µm_002.jpg,36,Sandeels,Ammodytes tobianus,0.02964197,0.8830930590629578
GS_AD_SH_010517_SCH_-500µm_002.jpg,37,Sandeels,Ammodytes tobianus,0.06548239,0.45699891448020935
GS_AD_SH_010517_SCH_-500µm_002.jpg,38,Sandeels,Ammodytes tobianus,0.1704252,0.6365031599998474
GS_AD_SH_010517_SCH_-500µm_002.jpg,39,Clupeids,Alosa fallax,0.9653366,0.5143638253211975
GS_AD_SH_010517_SCH_-500µm_002.jpg,40,Clupeids,Clupea harengus,0.98908025,0.7796211242675781
GS_AD_SH_010517_SCH_-500µm_002.jpg,41,Clupeids,Clupea harengus,0.78916097,0.6839228868484497
GS_AD_SH_010517_SCH_-500µm_002.jpg,42,Sandeels,Ammodytes tobianus,0.05661523,0.8595191836357117
GS_AD_SH_010517_SCH_-500µm_002.jpg,43,Clupeids,Clupea harengus,0.9927469,0.6999343633651733
GS_AD_SH_010517_SCH_-500µm_002.jpg,44,Clupeids,Clupea harengus,0.94779086,0.7271294593811035
GS_AD_SH_010517_SCH_-500µm_002.jpg,45,Clupeids,Sprattus sprattus,0.94155246,0.6977090835571289
GS_AD_SH_010517_SCH_-500µm_002.jpg,46,Clupeids,Sprattus sprattus,0.9598268,0.5178903937339783
GS_AD_SH_010517_SCH_-500µm_002.jpg,47,Clupeids,Sprattus sprattus,0.9933171,0.8170679807662964
GS_AD_SH_010517_SCH_-500µm_002.jpg,48,Sandeels,Ammodytes tobianus,0.00035638374,0.8784559965133667
GS_AD_SH_010517_SCH_-500µm_002.jpg,49,Clupeids,Clupea harengus,0.92157006,0.6949507594108582
GS_AD_SH_010517_SCH_-500µm_002.jpg,50,Clupeids,Clupea harengus,0.78619134,0.4405851364135742
GS_AD_SH_010517_SCH_-500µm_002.jpg,51,Sandeels,Ammodytes tobianus,0.36922562,0.6986561417579651
GS_AD_SH_010517_SCH_-500µm_002.jpg,52,Clupeids,Clupea harengus,0.7357894,0.5172079205513
GS_AD_SH_010517_SCH_-500µm_002.jpg,53,Clupeids,Sprattus sprattus,0.9779244,0.6892968416213989
GS_AD_SH_010517_SCH_-500µm_002.jpg,54,Clupeids,Sprattus sprattus,0.99095386,0.5245984792709351
GS_AD_SH_010517_SCH_-500µm_002.jpg,55,Sandeels,Ammodytes tobianus,0.25759196,0.746059238910675
GS_AD_SH_010517_SCH_-500µm_002.jpg,56,Sandeels,Ammodytes marinus,0.18951666,0.7124871015548706
GS_AD_SH_010517_SCH_-500µm_002.jpg,57,Sandeels,Ammodytes tobianus,0.10509285,0.7569897770881653
GS_AD_SH_010517_SCH_-500µm_002.jpg,58,Sandeels,Ammodytes tobianus,0.029043118,0.7332708239555359
GS_AD_SH_010517_SCH_-500µm_002.jpg,59,Clupeids,Clupea harengus,0.9864585,0.7695335745811462
GS_AD_SH_010517_SCH_-500µm_002.jpg,60,Clupeids,Alosa fallax,0.5244024,0.5380500555038452
GS_AD_SH_010517_SCH_-500µm_002.jpg,61,Sandeels,Ammodytes tobianus,0.00467061,0.8216221928596497
GS_AD_SH_010517_SCH_-500µm_002.jpg,62,Sandeels,Ammodytes tobianus,0.0069947843,0.8381825685501099
GS_AD_SH_010517_SCH_-500µm_002.jpg,63,Sandeels,Ammodytes tobianus,0.0017317259,0.81026691198349
GS_AD_SH_010517_SCH_-500µm_002.jpg,64,Clupeids,Clupea harengus,0.89551663,0.7012223601341248
GS_AD_SH_010517_SCH_-500µm_002_gemeten.jpg,1,Sandeels,Ammodytes tobianus,0.00019400327,0.8848002552986145
GS_AD_SH_010517_SCH_-500µm_002_gemeten.jpg,2,Sandeels,Ammodytes tobianus,0.008166713,0.7535079121589661
GS_AD_SH_010517_SCH_-500µm_002_gemeten.jpg,3,Clupeids,Sprattus sprattus,0.9878323,0.8036925196647644
GS_AD_SH_010517_SCH_-500µm_002_gemeten.jpg,4,Clupeids,Sprattus sprattus,0.9966828,0.7975640296936035
GS_AD_SH_010517_SCH_-500µm_002_gemeten.jpg,5,Clupeids,Sprattus sprattus,0.99745744,0.8020516633987427
GS_AD_SH_010517_SCH_-500µm_002_gemeten.jpg,6,Clupeids,Clupea harengus,0.9994332,0.4943391978740692
GS_AD_SH_010517_SCH_-500µm_002_gemeten.jpg,7,Clupeids,Sprattus sprattus,0.9897175,0.6535736322402954
GS_AD_SH_010517_SCH_-500µm_002_gemeten.jpg,8,Clupeids,Sprattus sprattus,0.99517775,0.8104633092880249
GS_AD_SH_010517_SCH_-500µm_002_gemeten.jpg,9,Clupeids,Clupea harengus,0.9975967,0.5147649645805359
GS_AD_SH_010517_SCH_-500µm_002_gemeten.jpg,10,Clupeids,Sprattus sprattus,0.98561645,0.5962256789207458
GS_AD_SH_010517_SCH_-500µm_002_gemeten.jpg,11,Sandeels,Ammodytes tobianus,0.13386981,0.8763325810432434
GS_AD_SH_010517_SCH_-500µm_002_gemeten.jpg,12,Clupeids,Sprattus sprattus,0.9970601,0.7854776978492737
GS_AD_SH_010517_SCH_-500µm_002_gemeten.jpg,13,Clupeids,Sprattus sprattus,0.7908552,0.4847556948661804
GS_AD_SH_010517_SCH_-500µm_002_gemeten.jpg,14,Clupeids,Sprattus sprattus,0.9271728,0.7856243252754211
GS_AD_SH_010517_SCH_-500µm_002_gemeten.jpg,15,Clupeids,Sprattus sprattus,0.95071876,0.6876906752586365
GS_AD_SH_010517_SCH_-500µm_002_gemeten.jpg,16,Clupeids,Sprattus sprattus,0.9983883,0.587137758731842
GS_AD_SH_010517_SCH_-500µm_002_gemeten.jpg,17,Clupeids,Sprattus sprattus,0.99164563,0.7200809121131897
GS_AD_SH_010517_SCH_-500µm_002_gemeten.jpg,18,Clupeids,Sprattus sprattus,0.99015766,0.5243423581123352
GS_AD_SH_010517_SCH_-500µm_002_gemeten.jpg,19,Clupeids,Clupea harengus,0.9972842,0.49593958258628845
GS_AD_SH_010517_SCH_-500µm_002_gemeten.jpg,20,Clupeids,Sprattus sprattus,0.98651636,0.6269156336784363
GS_AD_SH_010517_SCH_-500µm_002_gemeten.jpg,21,Clupeids,Clupea harengus,0.9982339,0.5796411037445068
GS_AD_SH_010517_SCH_-500µm_002_gemeten.jpg,22,Clupeids,Sprattus sprattus,0.9911622,0.7359554767608643
GS_AD_SH_010517_SCH_-500µm_002_gemeten.jpg,23,Clupeids,Sprattus sprattus,0.99584466,0.6721053123474121
GS_AD_SH_010517_SCH_-500µm_002_gemeten.jpg,24,Clupeids,Sprattus sprattus,0.9846972,0.875522255897522
GS_AD_SH_010517_SCH_-500µm_002_gemeten.jpg,25,Clupeids,Clupea harengus,0.99565625,0.4855259656906128
GS_AD_SH_010517_SCH_-500µm_002_gemeten.jpg,26,Clupeids,Sprattus sprattus,0.99786514,0.6923924684524536
GS_AD_SH_010517_SCH_-500µm_002_gemeten.jpg,27,Clupeids,Sprattus sprattus,0.9978568,0.7061193585395813
GS_AD_SH_010517_SCH_-500µm_002_gemeten.jpg,28,Clupeids,Sprattus sprattus,0.9913127,0.7674680352210999
GS_AD_SH_010517_SCH_-500µm_002_gemeten.jpg,29,Sandeels,Ammodytes tobianus,0.0013558264,0.8754113912582397
GS_AD_SH_010517_SCH_-500µm_002_gemeten.jpg,30,Clupeids,Sprattus sprattus,0.9869221,0.49551498889923096
GS_AD_SH_010517_SCH_-500µm_002_gemeten.jpg,31,Clupeids,Clupea harengus,0.9944807,0.5177177786827087
GS_AD_SH_010517_SCH_-500µm_002_gemeten.jpg,32,Clupeids,Sprattus sprattus,0.9697552,0.6280022859573364
GS_AD_SH_010517_SCH_-500µm_002_gemeten.jpg,33,Clupeids,Sprattus sprattus,0.9943455,0.6049233078956604
GS_AD_SH_010517_SCH_-500µm_002_gemeten.jpg,34,Clupeids,Sprattus sprattus,0.9731791,0.6733555793762207
GS_AD_SH_010517_SCH_-500µm_002_gemeten.jpg,35,Clupeids,Clupea harengus,0.9961837,0.500677227973938
GS_AD_SH_010517_SCH_-500µm_002_gemeten.jpg,36,Sandeels,Ammodytes tobianus,0.046427157,0.8702899217605591
GS_AD_SH_010517_SCH_-500µm_002_gemeten.jpg,37,Clupeids,Sprattus sprattus,0.95693403,0.5721191763877869
GS_AD_SH_010517_SCH_-500µm_002_gemeten.jpg,38,Clupeids,Clupea harengus,0.90760505,0.5257959365844727
GS_AD_SH_010517_SCH_-500µm_002_gemeten.jpg,39,Clupeids,Sprattus sprattus,0.9978467,0.7927431464195251
GS_AD_SH_010517_SCH_-500µm_002_gemeten.jpg,40,Clupeids,Clupea harengus,0.99832827,0.5899785161018372
GS_AD_SH_010517_SCH_-500µm_002_gemeten.jpg,41,Clupeids,Clupea harengus,0.99789125,0.6952776908874512
GS_AD_SH_010517_SCH_-500µm_002_gemeten.jpg,42,Clupeids,Sprattus sprattus,0.9917733,0.7772500514984131
GS_AD_SH_010517_SCH_-500µm_002_gemeten.jpg,43,Clupeids,Clupea harengus,0.9992648,0.5043661594390869
GS_AD_SH_010517_SCH_-500µm_002_gemeten.jpg,44,Clupeids,Clupea harengus,0.99920696,0.715889036655426
GS_AD_SH_010517_SCH_-500µm_002_gemeten.jpg,45,Clupeids,Sprattus sprattus,0.9930934,0.6653865575790405
GS_AD_SH_010517_SCH_-500µm_002_gemeten.jpg,46,Clupeids,Sprattus sprattus,0.998319,0.7843029499053955
GS_AD_SH_010517_SCH_-500µm_002_gemeten.jpg,47,Clupeids,Sprattus sprattus,0.99442357,0.5224652290344238
GS_AD_SH_010517_SCH_-500µm_002_gemeten.jpg,48,Clupeids,Sprattus sprattus,0.99813217,0.7538931369781494
GS_AD_SH_010517_SCH_-500µm_002_gemeten.jpg,49,Clupeids,Sprattus sprattus,0.99874794,0.7481899857521057
GS_AD_SH_010517_SCH_-500µm_002_gemeten.jpg,50,Clupeids,Sprattus sprattus,0.9265396,0.5533661246299744
GS_AD_SH_010517_SCH_-500µm_002_gemeten.jpg,51,Sandeels,Ammodytes tobianus,0.00015771016,0.8885468244552612
GS_AD_SH_010517_SCH_-500µm_002_gemeten.jpg,52,Clupeids,Sprattus sprattus,0.99453163,0.529244065284729
GS_AD_SH_010517_SCH_-500µm_002_gemeten.jpg,53,Clupeids,Sprattus sprattus,0.970518,0.7562393546104431
GS_AD_SH_010517_SCH_-500µm_002_gemeten.jpg,54,Clupeids,Clupea harengus,0.9831649,0.5091119408607483
GS_AD_SH_010517_SCH_-500µm_002_gemeten.jpg,55,Clupeids,Sprattus sprattus,0.95027816,0.5499995350837708
GS_AD_SH_010517_SCH_-500µm_002_gemeten.jpg,56,Clupeids,Clupea harengus,0.99876475,0.5525519847869873
GS_AD_SH_010517_SCH_-500µm_002_gemeten.jpg,57,Clupeids,Clupea harengus,0.9930019,0.4624831974506378
GS_AD_SH_010517_SCH_-500µm_002_gemeten.jpg,58,Clupeids,Sprattus sprattus,0.9745495,0.7731149792671204
GS_AD_SH_010517_SCH_-500µm_002_gemeten.jpg,59,Clupeids,Sprattus sprattus,0.99768543,0.7763769626617432
GS_AD_SH_010517_SCH_-500µm_002_gemeten.jpg,60,Sandeels,Ammodytes tobianus,0.0013741918,0.8425440788269043
GS_AD_SH_010517_SCH_-500µm_002_gemeten.jpg,61,Sandeels,Ammodytes tobianus,0.0023740998,0.8491331934928894
GS_AD_SH_010517_SCH_-500µm_002_gemeten.jpg,62,Sandeels,Ammodytes tobianus,0.0009807639,0.8139185905456543
GS_AD_SH_010517_SCH_-500µm_002_gemeten.jpg,63,Sandeels,Ammodytes tobianus,0.3790276,0.8837770223617554
GS_AD_SH_010517_SCH_-500µm_003.jpg,1,Clupeids,Sprattus sprattus,0.9887388,0.4128805994987488
GS_AD_SH_010517_SCH_-500µm_003.jpg,2,Clupeids,Sprattus sprattus,0.99606043,0.787103533744812
GS_AD_SH_010517_SCH_-500µm_003.jpg,3,Clupeids,Sprattus sprattus,0.89929247,0.4568760097026825
GS_AD_SH_010517_SCH_-500µm_003.jpg,4,Clupeids,Sprattus sprattus,0.83254546,0.6281865239143372
GS_AD_SH_010517_SCH_-500µm_003.jpg,5,Clupeids,Alosa fallax,0.8241938,0.6371905207633972
GS_AD_SH_010517_SCH_-500µm_003.jpg,6,Clupeids,Clupea harengus,0.98912585,0.5584698915481567
GS_AD_SH_010517_SCH_-500µm_003.jpg,7,Sandeels,Ammodytes tobianus,0.36885506,0.8077926635742188
GS_AD_SH_010517_SCH_-500µm_003.jpg,8,Clupeids,Clupea harengus,0.9735482,0.8878427147865295
GS_AD_SH_010517_SCH_-500µm_003.jpg,9,Clupeids,Alosa fallax,0.8594915,0.6280388236045837
GS_AD_SH_010517_SCH_-500µm_003.jpg,10,Clupeids,Alosa fallax,0.84754366,0.5141052007675171
GS_AD_SH_010517_SCH_-500µm_003.jpg,11,Clupeids,Sprattus sprattus,0.9598074,0.6565211415290833
GS_AD_SH_010517_SCH_-500µm_003.jpg,12,Clupeids,Sprattus sprattus,0.59640205,0.4931952953338623
GS_AD_SH_010517_SCH_-500µm_003.jpg,13,Clupeids,Clupea harengus,0.95366466,0.6193669438362122
GS_AD_SH_010517_SCH_-500µm_003.jpg,14,Clupeids,Clupea harengus,0.95970315,0.42835527658462524
GS_AD_SH_010517_SCH_-500µm_003.jpg,15,Clupeids,Sprattus sprattus,0.96618706,0.4193975329399109
GS_AD_SH_010517_SCH_-500µm_003.jpg,16,Clupeids,Sprattus sprattus,0.834349,0.5625389814376831
GS_AD_SH_010517_SCH_-500µm_003.jpg,17,Clupeids,Sprattus sprattus,0.6969203,0.4784609377384186
GS_AD_SH_010517_SCH_-500µm_003.jpg,18,Clupeids,Sprattus sprattus,0.98371094,0.8373621106147766
GS_AD_SH_010517_SCH_-500µm_003.jpg,19,Clupeids,Sprattus sprattus,0.99096113,0.7863696217536926
GS_AD_SH_010517_SCH_-500µm_003.jpg,20,Sandeels,Ammodytes tobianus,0.3615447,0.8721039295196533
GS_AD_SH_010517_SCH_-500µm_003.jpg,21,Sandeels,Ammodytes tobianus,0.06551824,0.8613508343696594
GS_AD_SH_010517_SCH_-500µm_003.jpg,22,Clupeids,Alosa fallax,0.9750758,0.5089439153671265
GS_AD_SH_010517_SCH_-500µm_003.jpg,23,Clupeids,Sprattus sprattus,0.5865786,0.5090631246566772
GS_AD_SH_010517_SCH_-500µm_003.jpg,24,Clupeids,Clupea harengus,0.6292999,0.48833340406417847
GS_AD_SH_010517_SCH_-500µm_003.jpg,25,Clupeids,Sprattus sprattus,0.9927288,0.8261064887046814
GS_AD_SH_010517_SCH_-500µm_003.jpg,26,Clupeids,Alosa fallax,0.9537938,0.5763061046600342
GS_AD_SH_010517_SCH_-500µm_003.jpg,27,Clupeids,Sprattus sprattus,0.7047144,0.5267831683158875
GS_AD_SH_010517_SCH_-500µm_003.jpg,28,Sandeels,Ammodytes tobianus,0.12618119,0.7754484415054321
GS_AD_SH_010517_SCH_-500µm_003.jpg,29,Sandeels,Ammodytes tobianus,0.018000307,0.6866491436958313
GS_AD_SH_010517_SCH_-500µm_003.jpg,30,Clupeids,Sprattus sprattus,0.6408537,0.4436718225479126
GS_AD_SH_010517_SCH_-500µm_003.jpg,31,Sandeels,Ammodytes tobianus,0.007183477,0.7712589502334595
GS_AD_SH_010517_SCH_-500µm_003.jpg,32,Sandeels,Ammodytes tobianus,0.16460827,0.6842468976974487
GS_AD_SH_010517_SCH_-500µm_003.jpg,33,Clupeids,Sprattus sprattus,0.7029601,0.5584774017333984
GS_AD_SH_010517_SCH_-500µm_003.jpg,34,Sandeels,Ammodytes tobianus,0.3596969,0.8166914582252502
GS_AD_SH_010517_SCH_-500µm_003.jpg,35,Clupeids,Clupea harengus,0.87540907,0.8627778887748718
GS_AD_SH_010517_SCH_-500µm_003.jpg,36,Clupeids,Sprattus sprattus,0.8457102,0.49985066056251526
GS_AD_SH_010517_SCH_-500µm_003.jpg,37,Sandeels,Ammodytes tobianus,0.4733464,0.8738492131233215
GS_AD_SH_010517_SCH_-500µm_003.jpg,38,Clupeids,Alosa fallax,0.9510023,0.5310116410255432
GS_AD_SH_010517_SCH_-500µm_003.jpg,39,Clupeids,Alosa fallax,0.95559627,0.7766903042793274
GS_AD_SH_010517_SCH_-500µm_003.jpg,40,Clupeids,Sprattus sprattus,0.92180836,0.49233943223953247
GS_AD_SH_010517_SCH_-500µm_003.jpg,41,Clupeids,Clupea harengus,0.723277,0.46487653255462646
GS_AD_SH_010517_SCH_-500µm_003.jpg,42,Clupeids,Sprattus sprattus,0.6755773,0.34418678283691406
GS_AD_SH_010517_SCH_-500µm_003.jpg,43,Sandeels,Ammodytes tobianus,0.40883344,0.6582164764404297
GS_AD_SH_010517_SCH_-500µm_003.jpg,44,Clupeids,Sprattus sprattus,0.8028361,0.4742491543292999
GS_AD_SH_010517_SCH_-500µm_003.jpg,45,Clupeids,Sprattus sprattus,0.84686095,0.5067156553268433
GS_AD_SH_010517_SCH_-500µm_003.jpg,46,Clupeids,Sprattus sprattus,0.91391695,0.5037040114402771
GS_AD_SH_010517_SCH_-500µm_003.jpg,47,Sandeels,Ammodytes tobianus,0.3274364,0.8755133748054504
GS_AD_SH_010517_SCH_-500µm_003.jpg,48,Clupeids,Sprattus sprattus,0.8465218,0.663859486579895
GS_AD_SH_010517_SCH_-500µm_003.jpg,49,Clupeids,Clupea harengus,0.7321757,0.37828850746154785
GS_AD_SH_010517_SCH_-500µm_003.jpg,50,Sandeels,Ammodytes tobianus,0.06464269,0.8636096119880676
GS_AD_SH_010517_SCH_-500µm_003.jpg,51,Sandeels,Ammodytes tobianus,0.13446052,0.7477465271949768
GS_AD_SH_010517_SCH_-500µm_003.jpg,52,Clupeids,Alosa fallax,0.62882435,0.44602328538894653
GS_AD_SH_010517_SCH_-500µm_003.jpg,53,Sandeels,Ammodytes tobianus,0.011528964,0.7718262672424316
GS_AD_SH_010517_SCH_-500µm_003.jpg,54,Sandeels,Ammodytes tobianus,0.13496843,0.8464980721473694
GS_AD_SH_010517_SCH_-500µm_003.jpg,55,Clupeids,Alosa fallax,0.78441525,0.7190210223197937
GS_AD_SH_010517_SCH_-500µm_003.jpg,56,Sandeels,Ammodytes tobianus,0.16366667,0.5188769698143005
GS_AD_SH_010517_SCH_-500µm_003.jpg,57,Sandeels,Ammodytes tobianus,0.33778757,0.7666348814964294
GS_AD_SH_010517_SCH_-500µm_003.jpg,58,Sandeels,Ammodytes tobianus,0.3516785,0.6484346389770508
GS_AD_SH_010517_SCH_-500µm_003.jpg,59,Sandeels,Ammodytes tobianus,0.47981447,0.8150061368942261
GS_AD_SH_010517_SCH_-500µm_003.jpg,60,Sandeels,Ammodytes tobianus,0.21958314,0.8655024170875549
GS_AD_SH_010517_SCH_-500µm_003.jpg,61,Clupeids,Alosa fallax,0.6967051,0.7359325289726257
GS_AD_SH_010517_SCH_-500µm_003.jpg,62,Clupeids,Sprattus sprattus,0.82308483,0.4244035482406616
GS_AD_SH_010517_SCH_-500µm_003.jpg,63,Sandeels,Ammodytes tobianus,0.41679618,0.9001457691192627
GS_AD_SH_010517_SCH_-500µm_003.jpg,64,Clupeids,Alosa fallax,0.8421655,0.38073626160621643
GS_AD_SH_010517_SCH_-500µm_003.jpg,65,Sandeels,Ammodytes tobianus,0.06876938,0.796044647693634
GS_AD_SH_010517_SCH_-500µm_003.jpg,66,Clupeids,Clupea harengus,0.6542183,0.3960437476634979
GS_AD_SH_010517_SCH_-500µm_003.jpg,67,Clupeids,Sprattus sprattus,0.9931102,0.862764298915863
GS_AD_SH_010517_SCH_-500µm_003.jpg,68,Sandeels,Ammodytes tobianus,0.068936095,0.8620747327804565
GS_AD_SH_010517_SCH_-500µm_003.jpg,69,Sandeels,Ammodytes tobianus,0.26466608,0.8428331017494202
GS_AD_SH_010517_SCH_-500µm_003.jpg,70,Sandeels,Ammodytes tobianus,0.37255034,0.755188524723053
GS_AD_SH_010517_SCH_-500µm_003.jpg,71,Clupeids,Sprattus sprattus,0.9019323,0.4514106810092926
GS_AD_SH_010517_SCH_-500µm_003.jpg,72,Clupeids,Alosa fallax,0.96564597,0.6933523416519165
GS_AD_SH_010517_SCH_-500µm_003.jpg,73,Sandeels,Ammodytes tobianus,0.23967986,0.8023899793624878
GS_AD_SH_010517_SCH_-500µm_003.jpg,74,Sandeels,Ammodytes tobianus,0.0014950124,0.7916569709777832
GS_AD_SH_010517_SCH_-500µm_003_gemeten.jpg,1,Clupeids,Sprattus sprattus,0.9930393,0.5924581289291382
GS_AD_SH_010517_SCH_-500µm_003_gemeten.jpg,2,Clupeids,Sprattus sprattus,0.9980192,0.7756316065788269
GS_AD_SH_010517_SCH_-500µm_003_gemeten.jpg,3,Clupeids,Sprattus sprattus,0.98894894,0.8700624704360962
GS_AD_SH_010517_SCH_-500µm_003_gemeten.jpg,4,Clupeids,Sprattus sprattus,0.98556614,0.8906229138374329
GS_AD_SH_010517_SCH_-500µm_003_gemeten.jpg,5,Clupeids,Sprattus sprattus,0.97029716,0.7181147933006287
GS_AD_SH_010517_SCH_-500µm_003_gemeten.jpg,6,Clupeids,Sprattus sprattus,0.99763954,0.5855072140693665
GS_AD_SH_010517_SCH_-500µm_003_gemeten.jpg,7,Clupeids,Sprattus sprattus,0.9845084,0.7526292204856873
GS_AD_SH_010517_SCH_-500µm_003_gemeten.jpg,8,Clupeids,Sprattus sprattus,0.99602723,0.48791518807411194
GS_AD_SH_010517_SCH_-500µm_003_gemeten.jpg,9,Clupeids,Sprattus sprattus,0.56543165,0.7237953543663025
GS_AD_SH_010517_SCH_-500µm_003_gemeten.jpg,10,Clupeids,Sprattus sprattus,0.94896764,0.7016981244087219
GS_AD_SH_010517_SCH_-500µm_003_gemeten.jpg,11,Clupeids,Sprattus sprattus,0.99833786,0.7816067934036255
GS_AD_SH_010517_SCH_-500µm_003_gemeten.jpg,12,Clupeids,Sprattus sprattus,0.9938806,0.8407829999923706
GS_AD_SH_010517_SCH_-500µm_003_gemeten.jpg,13,Clupeids,Sprattus sprattus,0.9970181,0.6982470750808716
GS_AD_SH_010517_SCH_-500µm_003_gemeten.jpg,14,Clupeids,Sprattus sprattus,0.9964386,0.6664358377456665
GS_AD_SH_010517_SCH_-500µm_003_gemeten.jpg,15,Clupeids,Sprattus sprattus,0.9980659,0.5256621241569519
GS_AD_SH_010517_SCH_-500µm_003_gemeten.jpg,16,Clupeids,Sprattus sprattus,0.99718386,0.8321553468704224
GS_AD_SH_010517_SCH_-500µm_003_gemeten.jpg,17,Clupeids,Sprattus sprattus,0.9741528,0.5737141966819763
GS_AD_SH_010517_SCH_-500µm_003_gemeten.jpg,18,Clupeids,Sprattus sprattus,0.99637395,0.8171625733375549
GS_AD_SH_010517_SCH_-500µm_003_gemeten.jpg,19,Clupeids,Sprattus sprattus,0.9536136,0.7545263767242432
GS_AD_SH_010517_SCH_-500µm_003_gemeten.jpg,20,Sandeels,Ammodytes tobianus,0.11478089,0.854062020778656
GS_AD_SH_010517_SCH_-500µm_003_gemeten.jpg,21,Sandeels,Ammodytes tobianus,0.0856135,0.8577930927276611
GS_AD_SH_010517_SCH_-500µm_003_gemeten.jpg,22,Clupeids,Sprattus sprattus,0.9923361,0.8166341185569763
GS_AD_SH_010517_SCH_-500µm_003_gemeten.jpg,23,Clupeids,Sprattus sprattus,0.9425452,0.8569105863571167
GS_AD_SH_010517_SCH_-500µm_003_gemeten.jpg,24,Clupeids,Sprattus sprattus,0.9928647,0.7350955605506897
GS_AD_SH_010517_SCH_-500µm_003_gemeten.jpg,25,Clupeids,Sprattus sprattus,0.99772054,0.8610658049583435
GS_AD_SH_010517_SCH_-500µm_003_gemeten.jpg,26,Clupeids,Sprattus sprattus,0.97865784,0.6179983019828796
GS_AD_SH_010517_SCH_-500µm_003_gemeten.jpg,27,Clupeids,Sprattus sprattus,0.9971138,0.7428883910179138
GS_AD_SH_010517_SCH_-500µm_003_gemeten.jpg,28,Clupeids,Sprattus sprattus,0.9926641,0.8020426034927368
GS_AD_SH_010517_SCH_-500µm_003_gemeten.jpg,29,Clupeids,Sprattus sprattus,0.7987957,0.724181056022644
GS_AD_SH_010517_SCH_-500µm_003_gemeten.jpg,30,Clupeids,Sprattus sprattus,0.97328794,0.6455709338188171
GS_AD_SH_010517_SCH_-500µm_003_gemeten.jpg,31,Clupeids,Sprattus sprattus,0.98786306,0.8151282668113708
GS_AD_SH_010517_SCH_-500µm_003_gemeten.jpg,32,Clupeids,Sprattus sprattus,0.9965963,0.4819810390472412
GS_AD_SH_010517_SCH_-500µm_003_gemeten.jpg,33,Clupeids,Sprattus sprattus,0.9899003,0.7131684422492981
GS_AD_SH_010517_SCH_-500µm_003_gemeten.jpg,34,Clupeids,Clupea harengus,0.9975569,0.5707277655601501
GS_AD_SH_010517_SCH_-500µm_003_gemeten.jpg,35,Clupeids,Sprattus sprattus,0.99771285,0.620326042175293
GS_AD_SH_010517_SCH_-500µm_003_gemeten.jpg,36,Clupeids,Sprattus sprattus,0.99490017,0.8358341455459595
GS_AD_SH_010517_SCH_-500µm_003_gemeten.jpg,37,Clupeids,Sprattus sprattus,0.98765916,0.5473052263259888
GS_AD_SH_010517_SCH_-500µm_003_gemeten.jpg,38,Clupeids,Sprattus sprattus,0.81322783,0.567639172077179
GS_AD_SH_010517_SCH_-500µm_003_gemeten.jpg,39,Clupeids,Sprattus sprattus,0.9972862,0.5230915546417236
GS_AD_SH_010517_SCH_-500µm_003_gemeten.jpg,40,Clupeids,Sprattus sprattus,0.9824057,0.5849364995956421
GS_AD_SH_010517_SCH_-500µm_003_gemeten.jpg,41,Clupeids,Sprattus sprattus,0.9666044,0.6378563046455383
GS_AD_SH_010517_SCH_-500µm_003_gemeten.jpg,42,Clupeids,Sprattus sprattus,0.8114607,0.6191384196281433
GS_AD_SH_010517_SCH_-500µm_003_gemeten.jpg,43,Clupeids,Sprattus sprattus,0.9823334,0.7104577422142029
GS_AD_SH_010517_SCH_-500µm_003_gemeten.jpg,44,Clupeids,Sprattus sprattus,0.99601907,0.8364861607551575
GS_AD_SH_010517_SCH_-500µm_003_gemeten.jpg,45,Clupeids,Sprattus sprattus,0.9865037,0.7609992623329163
GS_AD_SH_010517_SCH_-500µm_003_gemeten.jpg,46,Clupeids,Sprattus sprattus,0.9904034,0.7452855706214905
GS_AD_SH_010517_SCH_-500µm_003_gemeten.jpg,47,Clupeids,Sprattus sprattus,0.9890314,0.7936433553695679
GS_AD_SH_010517_SCH_-500µm_003_gemeten.jpg,48,Clupeids,Clupea harengus,0.9924521,0.703651487827301
GS_AD_SH_010517_SCH_-500µm_003_gemeten.jpg,49,Clupeids,Sprattus sprattus,0.98838437,0.7649016380310059
GS_AD_SH_010517_SCH_-500µm_003_gemeten.jpg,50,Clupeids,Sprattus sprattus,0.88082284,0.6901832818984985
GS_AD_SH_010517_SCH_-500µm_003_gemeten.jpg,51,Clupeids,Sprattus sprattus,0.984039,0.7288330793380737
GS_AD_SH_010517_SCH_-500µm_003_gemeten.jpg,52,Clupeids,Sprattus sprattus,0.8592355,0.8407267928123474
GS_AD_SH_010517_SCH_-500µm_003_gemeten.jpg,53,Clupeids,Sprattus sprattus,0.98831195,0.7823562622070312
GS_AD_SH_010517_SCH_-500µm_003_gemeten.jpg,54,Clupeids,Sprattus sprattus,0.97530377,0.5151827335357666
GS_AD_SH_010517_SCH_-500µm_003_gemeten.jpg,55,Clupeids,Sprattus sprattus,0.9815601,0.6439757943153381
GS_AD_SH_010517_SCH_-500µm_003_gemeten.jpg,56,Clupeids,Sprattus sprattus,0.96960795,0.7241021990776062
GS_AD_SH_010517_SCH_-500µm_003_gemeten.jpg,57,Clupeids,Sprattus sprattus,0.95276314,0.6696006059646606
GS_AD_SH_010517_SCH_-500µm_003_gemeten.jpg,58,Clupeids,Sprattus sprattus,0.9417389,0.69362872838974
GS_AD_SH_010517_SCH_-500µm_003_gemeten.jpg,59,Clupeids,Sprattus sprattus,0.9965252,0.6796806454658508
GS_AD_SH_010517_SCH_-500µm_003_gemeten.jpg,60,Clupeids,Sprattus sprattus,0.9911135,0.6211442351341248
GS_AD_SH_010517_SCH_-500µm_003_gemeten.jpg,61,Clupeids,Sprattus sprattus,0.99876094,0.7606373429298401
GS_AD_SH_010517_SCH_-500µm_003_gemeten.jpg,62,Clupeids,Sprattus sprattus,0.9985286,0.8115138411521912
GS_AD_SH_010517_SCH_-500µm_003_gemeten.jpg,63,Clupeids,Sprattus sprattus,0.9777589,0.6508914828300476
GS_AD_SH_010517_SCH_-500µm_003_gemeten.jpg,64,Clupeids,Sprattus sprattus,0.99484813,0.7925066947937012
GS_AD_SH_010517_SCH_-500µm_003_gemeten.jpg,65,Clupeids,Sprattus sprattus,0.9892551,0.5076549649238586
GS_AD_SH_010517_SCH_-500µm_003_gemeten.jpg,66,Clupeids,Sprattus sprattus,0.9988386,0.8869740962982178
GS_AD_SH_010517_SCH_-500µm_003_gemeten.jpg,67,Clupeids,Sprattus sprattus,0.99773467,0.5090711712837219
GS_AD_SH_010517_SCH_-500µm_003_gemeten.jpg,68,Clupeids,Sprattus sprattus,0.9967669,0.6310863494873047
GS_AD_SH_010517_SCH_-500µm_003_gemeten.jpg,69,Clupeids,Sprattus sprattus,0.9969144,0.800259530544281
GS_AD_SH_010517_SCH_-500µm_003_gemeten.jpg,70,Clupeids,Sprattus sprattus,0.9919859,0.6642932295799255
GS_AD_SH_010517_SCH_-500µm_003_gemeten.jpg,71,Clupeids,Sprattus sprattus,0.99086773,0.7638244032859802
GS_AD_SH_010517_SCH_-500µm_003_gemeten.jpg,72,Clupeids,Sprattus sprattus,0.9967064,0.58582603931427
GS_AD_SH_010517_SCH_-500µm_003_gemeten.jpg,73,Sandeels,Ammodytes tobianus,0.00074159284,0.816250205039978
GS_AD_SH_010517_SCH_-500µm_004.jpg,1,Sandeels,Ammodytes tobianus,0.32251516,0.8299089074134827
GS_AD_SH_010517_SCH_-500µm_004.jpg,2,Clupeids,Sprattus sprattus,0.98970336,0.44035324454307556
GS_AD_SH_010517_SCH_-500µm_004.jpg,3,Clupeids,Sprattus sprattus,0.98544693,0.7834019064903259
GS_AD_SH_010517_SCH_-500µm_004.jpg,4,Clupeids,Sprattus sprattus,0.9748259,0.7399803996086121
GS_AD_SH_010517_SCH_-500µm_004.jpg,5,Clupeids,Sprattus sprattus,0.5501607,0.42789310216903687
GS_AD_SH_010517_SCH_-500µm_004.jpg,6,Clupeids,Sprattus sprattus,0.60691744,0.4630330204963684
GS_AD_SH_010517_SCH_-500µm_004.jpg,7,Clupeids,Sprattus sprattus,0.9379364,0.7506192922592163
GS_AD_SH_010517_SCH_-500µm_004.jpg,8,Sandeels,Ammodytes tobianus,0.4788837,0.8331772685050964
GS_AD_SH_010517_SCH_-500µm_004.jpg,9,Clupeids,Sprattus sprattus,0.9095194,0.6976490020751953
GS_AD_SH_010517_SCH_-500µm_004.jpg,10,Clupeids,Sprattus sprattus,0.9794397,0.4334527850151062
GS_AD_SH_010517_SCH_-500µm_004.jpg,11,Clupeids,Sprattus sprattus,0.87368244,0.5140491724014282
GS_AD_SH_010517_SCH_-500µm_004.jpg,12,Clupeids,Alosa fallax,0.9599018,0.5047639608383179
GS_AD_SH_010517_SCH_-500µm_004.jpg,13,Clupeids,Alosa fallax,0.93883586,0.5690231323242188
GS_AD_SH_010517_SCH_-500µm_004.jpg,14,Sandeels,Ammodytes tobianus,0.2668373,0.8363058567047119
GS_AD_SH_010517_SCH_-500µm_004.jpg,15,Clupeids,Sprattus sprattus,0.95751,0.5446025729179382
GS_AD_SH_010517_SCH_-500µm_004.jpg,16,Sandeels,Ammodytes tobianus,0.02781955,0.6579699516296387
GS_AD_SH_010517_SCH_-500µm_004.jpg,17,Clupeids,Alosa fallax,0.85237104,0.4900656044483185
GS_AD_SH_010517_SCH_-500µm_004.jpg,18,Clupeids,Alosa fallax,0.5877301,0.40419140458106995
GS_AD_SH_010517_SCH_-500µm_004.jpg,19,Sandeels,Ammodytes tobianus,0.011383014,0.8111905455589294
GS_AD_SH_010517_SCH_-500µm_004.jpg,20,Clupeids,Sprattus sprattus,0.9189459,0.48906922340393066
GS_AD_SH_010517_SCH_-500µm_004.jpg,21,Clupeids,Clupea harengus,0.92208576,0.48092547059059143
GS_AD_SH_010517_SCH_-500µm_004.jpg,22,Clupeids,Clupea harengus,0.94989777,0.6630639433860779
GS_AD_SH_010517_SCH_-500µm_004.jpg,23,Sandeels,Ammodytes tobianus,0.08810683,0.8138070702552795
GS_AD_SH_010517_SCH_-500µm_004.jpg,24,Clupeids,Sprattus sprattus,0.99359953,0.6957379579544067
GS_AD_SH_010517_SCH_-500µm_004.jpg,25,Clupeids,Sprattus sprattus,0.98968023,0.6387482285499573
GS_AD_SH_010517_SCH_-500µm_004.jpg,26,Clupeids,Sprattus sprattus,0.6994846,0.4545292854309082
GS_AD_SH_010517_SCH_-500µm_004.jpg,27,Sandeels,Ammodytes tobianus,0.070036106,0.8512290716171265
GS_AD_SH_010517_SCH_-500µm_004.jpg,28,Sandeels,Ammodytes tobianus,0.14475013,0.7545531392097473
GS_AD_SH_010517_SCH_-500µm_004.jpg,29,Sandeels,Ammodytes tobianus,0.26473686,0.5233049988746643
GS_AD_SH_010517_SCH_-500µm_004.jpg,30,Clupeids,Alosa fallax,0.9874155,0.702823281288147
GS_AD_SH_010517_SCH_-500µm_004.jpg,31,Sandeels,Ammodytes tobianus,0.26607174,0.6918479204177856
GS_AD_SH_010517_SCH_-500µm_004.jpg,32,Clupeids,Alosa fallax,0.99177974,0.7753874063491821
GS_AD_SH_010517_SCH_-500µm_004.jpg,33,Clupeids,Sprattus sprattus,0.7267227,0.597614049911499
GS_AD_SH_010517_SCH_-500µm_004.jpg,34,Clupeids,Alosa fallax,0.85101825,0.47501930594444275
GS_AD_SH_010517_SCH_-500µm_004.jpg,35,Clupeids,Sprattus sprattus,0.9104374,0.46941471099853516
GS_AD_SH_010517_SCH_-500µm_004.jpg,36,Clupeids,Sprattus sprattus,0.766284,0.4787136912345886
GS_AD_SH_010517_SCH_-500µm_004.jpg,37,Sandeels,Ammodytes tobianus,0.040122796,0.7428582310676575
GS_AD_SH_010517_SCH_-500µm_004.jpg,38,Clupeids,Clupea harengus,0.98967254,0.46509796380996704
GS_AD_SH_010517_SCH_-500µm_004.jpg,39,Clupeids,Alosa fallax,0.9366766,0.405171275138855
GS_AD_SH_010517_SCH_-500µm_004.jpg,40,Clupeids,Sprattus sprattus,0.94357073,0.7328611016273499
GS_AD_SH_010517_SCH_-500µm_004.jpg,41,Sandeels,Ammodytes tobianus,0.028003406,0.8412460684776306
GS_AD_SH_010517_SCH_-500µm_004.jpg,42,Clupeids,Alosa fallax,0.9776148,0.48540863394737244
GS_AD_SH_010517_SCH_-500µm_004.jpg,43,Clupeids,Sprattus sprattus,0.9767438,0.7624037265777588
GS_AD_SH_010517_SCH_-500µm_004.jpg,44,Sandeels,Ammodytes tobianus,0.15084715,0.6307400465011597
GS_AD_SH_010517_SCH_-500µm_004.jpg,45,Sandeels,Ammodytes tobianus,0.42691046,0.8935183882713318
GS_AD_SH_010517_SCH_-500µm_004.jpg,46,Clupeids,Alosa fallax,0.6818406,0.38685137033462524
GS_AD_SH_010517_SCH_-500µm_004.jpg,47,Clupeids,Alosa fallax,0.96837664,0.42002615332603455
GS_AD_SH_010517_SCH_-500µm_004.jpg,48,Clupeids,Sprattus sprattus,0.8625467,0.5128740668296814
GS_AD_SH_010517_SCH_-500µm_004.jpg,49,Sandeels,Ammodytes tobianus,0.32735333,0.8612292408943176
GS_AD_SH_010517_SCH_-500µm_004.jpg,50,Clupeids,Sprattus sprattus,0.69192916,0.6149717569351196
GS_AD_SH_010517_SCH_-500µm_004.jpg,51,Sandeels,Ammodytes tobianus,0.2991265,0.8416175246238708
GS_AD_SH_010517_SCH_-500µm_004.jpg,52,Sandeels,Ammodytes tobianus,0.33493444,0.8772631883621216
GS_AD_SH_010517_SCH_-500µm_004.jpg,53,Clupeids,Alosa fallax,0.9617731,0.49321043491363525
GS_AD_SH_010517_SCH_-500µm_004.jpg,54,Clupeids,Sprattus sprattus,0.9978034,0.5274356603622437
GS_AD_SH_010517_SCH_-500µm_004.jpg,55,Sandeels,Ammodytes tobianus,0.03903072,0.8634111285209656
GS_AD_SH_010517_SCH_-500µm_004.jpg,56,Sandeels,Ammodytes tobianus,0.014251221,0.8374471664428711
GS_AD_SH_010517_SCH_-500µm_004.jpg,57,Sandeels,Ammodytes tobianus,0.2530287,0.6596678495407104
GS_AD_SH_010517_SCH_-500µm_004.jpg,58,Clupeids,Alosa fallax,0.9205265,0.48999136686325073
GS_AD_SH_010517_SCH_-500µm_004.jpg,59,Clupeids,Alosa fallax,0.94115174,0.5554515719413757
GS_AD_SH_010517_SCH_-500µm_004.jpg,60,Clupeids,Sprattus sprattus,0.832468,0.6939050555229187
GS_AD_SH_010517_SCH_-500µm_004.jpg,61,Clupeids,Clupea harengus,0.98506725,0.5687604546546936
GS_AD_SH_010517_SCH_-500µm_004.jpg,62,Clupeids,Sprattus sprattus,0.90308785,0.5337197780609131
GS_AD_SH_010517_SCH_-500µm_004.jpg,63,Clupeids,Sprattus sprattus,0.97390294,0.7009115815162659
GS_AD_SH_010517_SCH_-500µm_004.jpg,64,Clupeids,Alosa fallax,0.97527254,0.48405733704566956
GS_AD_SH_010517_SCH_-500µm_004.jpg,65,Sandeels,Ammodytes tobianus,0.18811895,0.7944687008857727
GS_AD_SH_010517_SCH_-500µm_004.jpg,66,Clupeids,Sprattus sprattus,0.94217354,0.7523856163024902
GS_AD_SH_010517_SCH_-500µm_004.jpg,67,Sandeels,Ammodytes tobianus,0.047691338,0.8226552605628967
GS_AD_SH_010517_SCH_-500µm_004.jpg,68,Clupeids,Sprattus sprattus,0.98401135,0.4601927101612091
GS_AD_SH_010517_SCH_-500µm_004.jpg,69,Clupeids,Sprattus sprattus,0.74732524,0.7110813856124878
GS_AD_SH_010517_SCH_-500µm_004.jpg,70,Clupeids,Sprattus sprattus,0.80727714,0.6095266938209534
GS_AD_SH_010517_SCH_-500µm_004.jpg,71,Sandeels,Ammodytes tobianus,0.45281744,0.7350484132766724
GS_AD_SH_010517_SCH_-500µm_004.jpg,72,Clupeids,Sprattus sprattus,0.6776257,0.4122782349586487
GS_AD_SH_010517_SCH_-500µm_004.jpg,73,Sandeels,Ammodytes tobianus,0.01725039,0.7931515574455261
GS_AD_SH_010517_SCH_-500µm_004.jpg,74,Sandeels,Ammodytes tobianus,0.43597376,0.7728315591812134
GS_AD_SH_010517_SCH_-500µm_004_gemeten.jpg,1,Clupeids,Sprattus sprattus,0.99116147,0.7254540324211121
GS_AD_SH_010517_SCH_-500µm_004_gemeten.jpg,2,Clupeids,Sprattus sprattus,0.9574177,0.7491716742515564
GS_AD_SH_010517_SCH_-500µm_004_gemeten.jpg,3,Clupeids,Sprattus sprattus,0.99629956,0.9061660766601562
GS_AD_SH_010517_SCH_-500µm_004_gemeten.jpg,4,Clupeids,Sprattus sprattus,0.9944078,0.81550532579422
GS_AD_SH_010517_SCH_-500µm_004_gemeten.jpg,5,Clupeids,Sprattus sprattus,0.97729754,0.8290349245071411
GS_AD_SH_010517_SCH_-500µm_004_gemeten.jpg,6,Clupeids,Sprattus sprattus,0.9695664,0.7187114357948303
GS_AD_SH_010517_SCH_-500µm_004_gemeten.jpg,7,Clupeids,Sprattus sprattus,0.9873368,0.7764813899993896
GS_AD_SH_010517_SCH_-500µm_004_gemeten.jpg,8,Clupeids,Sprattus sprattus,0.9833846,0.8291364312171936
GS_AD_SH_010517_SCH_-500µm_004_gemeten.jpg,9,Clupeids,Sprattus sprattus,0.9909552,0.8288403153419495
GS_AD_SH_010517_SCH_-500µm_004_gemeten.jpg,10,Clupeids,Sprattus sprattus,0.9982408,0.6793863773345947
GS_AD_SH_010517_SCH_-500µm_004_gemeten.jpg,11,Clupeids,Sprattus sprattus,0.96850485,0.6762188673019409
GS_AD_SH_010517_SCH_-500µm_004_gemeten.jpg,12,Clupeids,Sprattus sprattus,0.9944179,0.8039625287055969
GS_AD_SH_010517_SCH_-500µm_004_gemeten.jpg,13,Clupeids,Sprattus sprattus,0.99619836,0.8001165986061096
GS_AD_SH_010517_SCH_-500µm_004_gemeten.jpg,14,Clupeids,Sprattus sprattus,0.99457365,0.7933672666549683
GS_AD_SH_010517_SCH_-500µm_004_gemeten.jpg,15,Clupeids,Sprattus sprattus,0.91074437,0.7643927931785583
GS_AD_SH_010517_SCH_-500µm_004_gemeten.jpg,16,Clupeids,Sprattus sprattus,0.99375445,0.766780436038971
GS_AD_SH_010517_SCH_-500µm_004_gemeten.jpg,17,Clupeids,Sprattus sprattus,0.9671842,0.7449076175689697
GS_AD_SH_010517_SCH_-500µm_004_gemeten.jpg,18,Sandeels,Hyperoplus lanceolatus,0.2666724,0.5892671346664429
GS_AD_SH_010517_SCH_-500µm_004_gemeten.jpg,19,Clupeids,Sprattus sprattus,0.99747723,0.700152575969696
GS_AD_SH_010517_SCH_-500µm_004_gemeten.jpg,20,Clupeids,Sprattus sprattus,0.90712005,0.5680003762245178
GS_AD_SH_010517_SCH_-500µm_004_gemeten.jpg,21,Clupeids,Sprattus sprattus,0.9858958,0.5894913077354431
GS_AD_SH_010517_SCH_-500µm_004_gemeten.jpg,22,Clupeids,Sprattus sprattus,0.96498525,0.8014325499534607
GS_AD_SH_010517_SCH_-500µm_004_gemeten.jpg,23,Clupeids,Sprattus sprattus,0.9977837,0.8799950480461121
GS_AD_SH_010517_SCH_-500µm_004_gemeten.jpg,24,Clupeids,Sprattus sprattus,0.9989755,0.8905313611030579
GS_AD_SH_010517_SCH_-500µm_004_gemeten.jpg,25,Clupeids,Sprattus sprattus,0.9727912,0.6813663840293884
GS_AD_SH_010517_SCH_-500µm_004_gemeten.jpg,26,Clupeids,Sprattus sprattus,0.99435234,0.7398852705955505
GS_AD_SH_010517_SCH_-500µm_004_gemeten.jpg,27,Sandeels,Ammodytes tobianus,0.03572991,0.7834485173225403
GS_AD_SH_010517_SCH_-500µm_004_gemeten.jpg,28,Clupeids,Sprattus sprattus,0.698809,0.737487256526947
GS_AD_SH_010517_SCH_-500µm_004_gemeten.jpg,29,Clupeids,Sprattus sprattus,0.98431605,0.7295894622802734
GS_AD_SH_010517_SCH_-500µm_004_gemeten.jpg,30,Clupeids,Sprattus sprattus,0.98039514,0.7568486332893372
GS_AD_SH_010517_SCH_-500µm_004_gemeten.jpg,31,Clupeids,Sprattus sprattus,0.99672157,0.7173558473587036
GS_AD_SH_010517_SCH_-500µm_004_gemeten.jpg,32,Clupeids,Sprattus sprattus,0.9913351,0.8168865442276001
GS_AD_SH_010517_SCH_-500µm_004_gemeten.jpg,33,Clupeids,Sprattus sprattus,0.99057895,0.8124887943267822
GS_AD_SH_010517_SCH_-500µm_004_gemeten.jpg,34,Clupeids,Sprattus sprattus,0.9877301,0.6295502185821533
GS_AD_SH_010517_SCH_-500µm_004_gemeten.jpg,35,Clupeids,Sprattus sprattus,0.9762889,0.8459368944168091
GS_AD_SH_010517_SCH_-500µm_004_gemeten.jpg,36,Clupeids,Sprattus sprattus,0.9670775,0.8401814699172974
GS_AD_SH_010517_SCH_-500µm_004_gemeten.jpg,37,Clupeids,Clupea harengus,0.99716955,0.5244207978248596
GS_AD_SH_010517_SCH_-500µm_004_gemeten.jpg,38,Clupeids,Sprattus sprattus,0.99704236,0.663819432258606
GS_AD_SH_010517_SCH_-500µm_004_gemeten.jpg,39,Clupeids,Sprattus sprattus,0.99710065,0.8539549708366394
GS_AD_SH_010517_SCH_-500µm_004_gemeten.jpg,40,Clupeids,Clupea harengus,0.7910813,0.553023099899292
GS_AD_SH_010517_SCH_-500µm_004_gemeten.jpg,41,Clupeids,Sprattus sprattus,0.9337326,0.6047133803367615
GS_AD_SH_010517_SCH_-500µm_004_gemeten.jpg,42,Clupeids,Sprattus sprattus,0.9966844,0.8290935158729553
GS_AD_SH_010517_SCH_-500µm_004_gemeten.jpg,43,Clupeids,Sprattus sprattus,0.9838411,0.7729994654655457
GS_AD_SH_010517_SCH_-500µm_004_gemeten.jpg,44,Clupeids,Sprattus sprattus,0.99699295,0.8351972103118896
GS_AD_SH_010517_SCH_-500µm_004_gemeten.jpg,45,Clupeids,Sprattus sprattus,0.99372214,0.7486709356307983
GS_AD_SH_010517_SCH_-500µm_004_gemeten.jpg,46,Clupeids,Sprattus sprattus,0.99761367,0.6680877208709717
GS_AD_SH_010517_SCH_-500µm_004_gemeten.jpg,47,Clupeids,Sprattus sprattus,0.9944173,0.7977089285850525
GS_AD_SH_010517_SCH_-500µm_004_gemeten.jpg,48,Clupeids,Sprattus sprattus,0.82860124,0.8246768712997437
GS_AD_SH_010517_SCH_-500µm_004_gemeten.jpg,49,Clupeids,Sprattus sprattus,0.9986297,0.7711983919143677
GS_AD_SH_010517_SCH_-500µm_004_gemeten.jpg,50,Clupeids,Sprattus sprattus,0.9936312,0.7332061529159546
GS_AD_SH_010517_SCH_-500µm_004_gemeten.jpg,51,Clupeids,Sprattus sprattus,0.9814006,0.8784269690513611
GS_AD_SH_010517_SCH_-500µm_004_gemeten.jpg,52,Clupeids,Sprattus sprattus,0.9290457,0.7837873697280884
GS_AD_SH_010517_SCH_-500µm_004_gemeten.jpg,53,Clupeids,Sprattus sprattus,0.99775463,0.590470016002655
GS_AD_SH_010517_SCH_-500µm_004_gemeten.jpg,54,Clupeids,Sprattus sprattus,0.987912,0.7974008917808533
GS_AD_SH_010517_SCH_-500µm_004_gemeten.jpg,55,Clupeids,Sprattus sprattus,0.8923695,0.820075273513794
GS_AD_SH_010517_SCH_-500µm_004_gemeten.jpg,56,Clupeids,Sprattus sprattus,0.97156435,0.6990019083023071
GS_AD_SH_010517_SCH_-500µm_004_gemeten.jpg,57,Clupeids,Sprattus sprattus,0.98838264,0.7021123766899109
GS_AD_SH_010517_SCH_-500µm_004_gemeten.jpg,58,Clupeids,Sprattus sprattus,0.99602926,0.5099343061447144
GS_AD_SH_010517_SCH_-500µm_004_gemeten.jpg,59,Clupeids,Sprattus sprattus,0.9985879,0.7978112101554871
GS_AD_SH_010517_SCH_-500µm_004_gemeten.jpg,60,Clupeids,Sprattus sprattus,0.99898666,0.6742380261421204
GS_AD_SH_010517_SCH_-500µm_004_gemeten.jpg,61,Clupeids,Sprattus sprattus,0.9921137,0.703283429145813
GS_AD_SH_010517_SCH_-500µm_004_gemeten.jpg,62,Clupeids,Sprattus sprattus,0.9978708,0.7581784129142761
GS_AD_SH_010517_SCH_-500µm_004_gemeten.jpg,63,Clupeids,Sprattus sprattus,0.99303013,0.7971864342689514
GS_AD_SH_010517_SCH_-500µm_004_gemeten.jpg,64,Clupeids,Sprattus sprattus,0.9648455,0.7960612177848816
GS_AD_SH_010517_SCH_-500µm_004_gemeten.jpg,65,Clupeids,Sprattus sprattus,0.82974076,0.7485536336898804
GS_AD_SH_010517_SCH_-500µm_004_gemeten.jpg,66,Clupeids,Sprattus sprattus,0.98853314,0.6112082004547119
GS_AD_SH_010517_SCH_-500µm_004_gemeten.jpg,67,Clupeids,Sprattus sprattus,0.9947001,0.720303475856781
GS_AD_SH_010517_SCH_-500µm_004_gemeten.jpg,68,Clupeids,Sprattus sprattus,0.99523526,0.7844741344451904
GS_AD_SH_010517_SCH_-500µm_004_gemeten.jpg,69,Clupeids,Sprattus sprattus,0.97626346,0.8132038116455078
GS_AD_SH_010517_SCH_-500µm_004_gemeten.jpg,70,Clupeids,Sprattus sprattus,0.9938298,0.6952874660491943
GS_AD_SH_010517_SCH_-500µm_004_gemeten.jpg,71,Clupeids,Sprattus sprattus,0.93405575,0.8072463870048523
GS_AD_SH_010517_SCH_-500µm_004_gemeten.jpg,72,Sandeels,Ammodytes tobianus,0.03878891,0.868358314037323
GS_AD_SH_010517_SCH_-500µm_005.jpg,1,Sandeels,Ammodytes tobianus,0.028279861,0.8108362555503845
GS_AD_SH_010517_SCH_-500µm_005.jpg,2,Clupeids,Clupea harengus,0.966942,0.4662691354751587
GS_AD_SH_010517_SCH_-500µm_005.jpg,3,Clupeids,Sprattus sprattus,0.9858277,0.6203627586364746
GS_AD_SH_010517_SCH_-500µm_005.jpg,4,Clupeids,Alosa fallax,0.98964345,0.5515199303627014
GS_AD_SH_010517_SCH_-500µm_005.jpg,5,Clupeids,Sprattus sprattus,0.87105745,0.5619831681251526
GS_AD_SH_010517_SCH_-500µm_005.jpg,6,Clupeids,Sprattus sprattus,0.9869458,0.4803842306137085
GS_AD_SH_010517_SCH_-500µm_005.jpg,7,Clupeids,Sprattus sprattus,0.99244845,0.4257652759552002
GS_AD_SH_010517_SCH_-500µm_005.jpg,8,Clupeids,Alosa fallax,0.9085778,0.6037451028823853
GS_AD_SH_010517_SCH_-500µm_005.jpg,9,Clupeids,Alosa fallax,0.923225,0.400882363319397
GS_AD_SH_010517_SCH_-500µm_005.jpg,10,Clupeids,Clupea harengus,0.9879435,0.4324297606945038
GS_AD_SH_010517_SCH_-500µm_005.jpg,11,Clupeids,Sprattus sprattus,0.9902671,0.6762079000473022
GS_AD_SH_010517_SCH_-500µm_005.jpg,12,Sandeels,Ammodytes tobianus,0.43332195,0.7305620312690735
GS_AD_SH_010517_SCH_-500µm_005.jpg,13,Clupeids,Alosa fallax,0.7760717,0.521439790725708
GS_AD_SH_010517_SCH_-500µm_005.jpg,14,Sandeels,Ammodytes tobianus,0.02688751,0.8559293746948242
GS_AD_SH_010517_SCH_-500µm_005.jpg,15,Sandeels,Ammodytes tobianus,0.08177178,0.7655929923057556
GS_AD_SH_010517_SCH_-500µm_005.jpg,16,Clupeids,Alosa fallax,0.9665375,0.6668074131011963
GS_AD_SH_010517_SCH_-500µm_005.jpg,17,Clupeids,Clupea harengus,0.9380601,0.5773260593414307
GS_AD_SH_010517_SCH_-500µm_005.jpg,18,Clupeids,Alosa fallax,0.91461146,0.5019444227218628
GS_AD_SH_010517_SCH_-500µm_005.jpg,19,Clupeids,Sprattus sprattus,0.9658879,0.3535681664943695
GS_AD_SH_010517_SCH_-500µm_005.jpg,20,Clupeids,Sprattus sprattus,0.9636873,0.48920634388923645
GS_AD_SH_010517_SCH_-500µm_005.jpg,21,Clupeids,Alosa fallax,0.9887537,0.6941130757331848
GS_AD_SH_010517_SCH_-500µm_005.jpg,22,Clupeids,Sprattus sprattus,0.9815424,0.4722675085067749
GS_AD_SH_010517_SCH_-500µm_005.jpg,23,Clupeids,Sprattus sprattus,0.50931615,0.6135011911392212
GS_AD_SH_010517_SCH_-500µm_005.jpg,24,Clupeids,Sprattus sprattus,0.91481495,0.5593471527099609
GS_AD_SH_010517_SCH_-500µm_005.jpg,25,Sandeels,Ammodytes tobianus,0.39012384,0.9018566608428955
GS_AD_SH_010517_SCH_-500µm_005.jpg,26,Clupeids,Clupea harengus,0.9978643,0.5355058312416077
GS_AD_SH_010517_SCH_-500µm_005.jpg,27,Clupeids,Alosa fallax,0.9888325,0.6441647410392761
GS_AD_SH_010517_SCH_-500µm_005.jpg,28,Clupeids,Alosa fallax,0.97967017,0.6756246089935303
GS_AD_SH_010517_SCH_-500µm_005.jpg,29,Clupeids,Alosa fallax,0.9449225,0.7301742434501648
GS_AD_SH_010517_SCH_-500µm_005.jpg,30,Clupeids,Sprattus sprattus,0.9184624,0.5575376749038696
GS_AD_SH_010517_SCH_-500µm_005.jpg,31,Clupeids,Sprattus sprattus,0.9767779,0.482416033744812
GS_AD_SH_010517_SCH_-500µm_005.jpg,32,Clupeids,Alosa fallax,0.61246043,0.6528220176696777
GS_AD_SH_010517_SCH_-500µm_005.jpg,33,Clupeids,Sprattus sprattus,0.9053567,0.41691097617149353
GS_AD_SH_010517_SCH_-500µm_005.jpg,34,Sandeels,Ammodytes tobianus,0.19552974,0.8948670625686646
GS_AD_SH_010517_SCH_-500µm_005.jpg,35,Sandeels,Ammodytes tobianus,0.0029207726,0.77020263671875
GS_AD_SH_010517_SCH_-500µm_005.jpg,36,Sandeels,Ammodytes tobianus,0.0010086788,0.8106048107147217
GS_AD_SH_010517_SCH_-500µm_005.jpg,37,Sandeels,Ammodytes tobianus,0.46287766,0.6970495581626892
GS_AD_SH_010517_SCH_-500µm_005.jpg,38,Clupeids,Sprattus sprattus,0.8952202,0.7260861992835999
GS_AD_SH_010517_SCH_-500µm_005.jpg,39,Clupeids,Sprattus sprattus,0.95383245,0.4429197609424591
GS_AD_SH_010517_SCH_-500µm_005.jpg,40,Clupeids,Alosa fallax,0.9538612,0.6360599398612976
GS_AD_SH_010517_SCH_-500µm_005.jpg,41,Clupeids,Sprattus sprattus,0.85549694,0.4203985333442688
GS_AD_SH_010517_SCH_-500µm_005.jpg,42,Sandeels,Ammodytes tobianus,0.21799341,0.685731053352356
GS_AD_SH_010517_SCH_-500µm_005.jpg,43,Clupeids,Alosa fallax,0.91029394,0.7323597073554993
GS_AD_SH_010517_SCH_-500µm_005.jpg,44,Clupeids,Sprattus sprattus,0.9942011,0.5294560790061951
GS_AD_SH_010517_SCH_-500µm_005.jpg,45,Sandeels,Ammodytes tobianus,0.03964984,0.8879923224449158
GS_AD_SH_010517_SCH_-500µm_005.jpg,46,Clupeids,Alosa fallax,0.5041372,0.495082825422287
GS_AD_SH_010517_SCH_-500µm_005.jpg,47,Clupeids,Alosa fallax,0.98693997,0.5433793663978577
GS_AD_SH_010517_SCH_-500µm_005.jpg,48,Clupeids,Sprattus sprattus,0.9538002,0.4231598377227783
GS_AD_SH_010517_SCH_-500µm_005.jpg,49,Sandeels,Ammodytes tobianus,0.3313474,0.6689894199371338
GS_AD_SH_010517_SCH_-500µm_005.jpg,50,Sandeels,Ammodytes tobianus,0.4036177,0.6293599605560303
GS_AD_SH_010517_SCH_-500µm_005.jpg,51,Clupeids,Clupea harengus,0.5101897,0.5266025066375732
GS_AD_SH_010517_SCH_-500µm_005.jpg,52,Clupeids,Alosa fallax,0.7269921,0.6963747143745422
GS_AD_SH_010517_SCH_-500µm_005.jpg,53,Sandeels,Ammodytes tobianus,0.4648783,0.8140913248062134
GS_AD_SH_010517_SCH_-500µm_005.jpg,54,Clupeids,Clupea harengus,0.96632785,0.4025346636772156
GS_AD_SH_010517_SCH_-500µm_005.jpg,55,Clupeids,Sprattus sprattus,0.9875717,0.7355647087097168
GS_AD_SH_010517_SCH_-500µm_005.jpg,56,Sandeels,Ammodytes tobianus,0.050585113,0.8040753602981567
GS_AD_SH_010517_SCH_-500µm_005.jpg,57,Clupeids,Sprattus sprattus,0.98612565,0.7843542098999023
GS_AD_SH_010517_SCH_-500µm_005.jpg,58,Clupeids,Sprattus sprattus,0.9911889,0.7778955698013306
GS_AD_SH_010517_SCH_-500µm_005.jpg,59,Clupeids,Alosa fallax,0.9836174,0.6962890028953552
GS_AD_SH_010517_SCH_-500µm_005.jpg,60,Sandeels,Ammodytes tobianus,0.0372534,0.6653290390968323
GS_AD_SH_010517_SCH_-500µm_005.jpg,61,Clupeids,Sprattus sprattus,0.9501152,0.46167078614234924
GS_AD_SH_010517_SCH_-500µm_005.jpg,62,Clupeids,Sprattus sprattus,0.85764396,0.8299173712730408
GS_AD_SH_010517_SCH_-500µm_005.jpg,63,Sandeels,Ammodytes tobianus,0.026007583,0.8549112677574158
GS_AD_SH_010517_SCH_-500µm_005.jpg,64,Clupeids,Sprattus sprattus,0.77765846,0.6413807272911072
GS_AD_SH_010517_SCH_-500µm_005.jpg,65,Clupeids,Alosa fallax,0.6885673,0.6571174263954163
GS_AD_SH_010517_SCH_-500µm_005.jpg,66,Clupeids,Clupea harengus,0.98985183,0.6350292563438416
GS_AD_SH_010517_SCH_-500µm_005.jpg,67,Clupeids,Clupea harengus,0.79226065,0.7459626793861389
GS_AD_SH_010517_SCH_-500µm_005.jpg,68,Clupeids,Alosa fallax,0.99434906,0.6522198915481567
GS_AD_SH_010517_SCH_-500µm_005.jpg,69,Clupeids,Sprattus sprattus,0.8508335,0.6826848983764648
GS_AD_SH_010517_SCH_-500µm_005.jpg,70,Sandeels,Ammodytes tobianus,0.008007891,0.8301907777786255
GS_AD_SH_010517_SCH_-500µm_005.jpg,71,Sandeels,Hyperoplus lanceolatus,0.004978052,0.5460981726646423
GS_AD_SH_010517_SCH_-500µm_005_gemeten.jpg,1,Clupeids,Sprattus sprattus,0.71063274,0.6124470233917236
GS_AD_SH_010517_SCH_-500µm_005_gemeten.jpg,2,Clupeids,Sprattus sprattus,0.9873934,0.752869188785553
GS_AD_SH_010517_SCH_-500µm_005_gemeten.jpg,3,Clupeids,Sprattus sprattus,0.9916191,0.7923522591590881
GS_AD_SH_010517_SCH_-500µm_005_gemeten.jpg,4,Clupeids,Clupea harengus,0.9812841,0.5219043493270874
GS_AD_SH_010517_SCH_-500µm_005_gemeten.jpg,5,Clupeids,Sprattus sprattus,0.99770796,0.9103708863258362
GS_AD_SH_010517_SCH_-500µm_005_gemeten.jpg,6,Clupeids,Sprattus sprattus,0.9974125,0.7310362458229065
GS_AD_SH_010517_SCH_-500µm_005_gemeten.jpg,7,Clupeids,Sprattus sprattus,0.99860626,0.750081479549408
GS_AD_SH_010517_SCH_-500µm_005_gemeten.jpg,8,Clupeids,Sprattus sprattus,0.9952608,0.7419044375419617
GS_AD_SH_010517_SCH_-500µm_005_gemeten.jpg,9,Clupeids,Sprattus sprattus,0.9957321,0.6652104258537292
GS_AD_SH_010517_SCH_-500µm_005_gemeten.jpg,10,Clupeids,Sprattus sprattus,0.9977481,0.5896484851837158
GS_AD_SH_010517_SCH_-500µm_005_gemeten.jpg,11,Clupeids,Sprattus sprattus,0.9983474,0.7204972505569458
GS_AD_SH_010517_SCH_-500µm_005_gemeten.jpg,12,Clupeids,Sprattus sprattus,0.9742765,0.8657155632972717
GS_AD_SH_010517_SCH_-500µm_005_gemeten.jpg,13,Clupeids,Sprattus sprattus,0.9902181,0.6476534008979797
GS_AD_SH_010517_SCH_-500µm_005_gemeten.jpg,14,Clupeids,Sprattus sprattus,0.98734576,0.8510376811027527
GS_AD_SH_010517_SCH_-500µm_005_gemeten.jpg,15,Clupeids,Sprattus sprattus,0.9753024,0.5665163993835449
GS_AD_SH_010517_SCH_-500µm_005_gemeten.jpg,16,Clupeids,Sprattus sprattus,0.9813865,0.6860548257827759
GS_AD_SH_010517_SCH_-500µm_005_gemeten.jpg,17,Clupeids,Sprattus sprattus,0.98744327,0.5966185331344604
GS_AD_SH_010517_SCH_-500µm_005_gemeten.jpg,18,Clupeids,Sprattus sprattus,0.83687717,0.5601456761360168
GS_AD_SH_010517_SCH_-500µm_005_gemeten.jpg,19,Clupeids,Sprattus sprattus,0.9941637,0.7181673049926758
GS_AD_SH_010517_SCH_-500µm_005_gemeten.jpg,20,Clupeids,Sprattus sprattus,0.9939552,0.5270081758499146
GS_AD_SH_010517_SCH_-500µm_005_gemeten.jpg,21,Clupeids,Sprattus sprattus,0.98618144,0.7322209477424622
GS_AD_SH_010517_SCH_-500µm_005_gemeten.jpg,22,Clupeids,Sprattus sprattus,0.9981665,0.8001664280891418
GS_AD_SH_010517_SCH_-500µm_005_gemeten.jpg,23,Clupeids,Sprattus sprattus,0.9906657,0.815099835395813
GS_AD_SH_010517_SCH_-500µm_005_gemeten.jpg,24,Clupeids,Sprattus sprattus,0.99809796,0.8339087963104248
GS_AD_SH_010517_SCH_-500µm_005_gemeten.jpg,25,Clupeids,Sprattus sprattus,0.98799115,0.5318090319633484
GS_AD_SH_010517_SCH_-500µm_005_gemeten.jpg,26,Clupeids,Sprattus sprattus,0.99836415,0.6780503392219543
GS_AD_SH_010517_SCH_-500µm_005_gemeten.jpg,27,Clupeids,Sprattus sprattus,0.993192,0.4859347641468048
GS_AD_SH_010517_SCH_-500µm_005_gemeten.jpg,28,Clupeids,Clupea harengus,0.99397683,0.5462250113487244
GS_AD_SH_010517_SCH_-500µm_005_gemeten.jpg,29,Clupeids,Sprattus sprattus,0.97609395,0.748613715171814
GS_AD_SH_010517_SCH_-500µm_005_gemeten.jpg,30,Clupeids,Sprattus sprattus,0.9960032,0.7389183044433594
GS_AD_SH_010517_SCH_-500µm_005_gemeten.jpg,31,Clupeids,Sprattus sprattus,0.99788254,0.5905889272689819
GS_AD_SH_010517_SCH_-500µm_005_gemeten.jpg,32,Clupeids,Sprattus sprattus,0.9427687,0.7193523645401001
GS_AD_SH_010517_SCH_-500µm_005_gemeten.jpg,33,Clupeids,Sprattus sprattus,0.99118805,0.8438433408737183
GS_AD_SH_010517_SCH_-500µm_005_gemeten.jpg,34,Clupeids,Sprattus sprattus,0.99335104,0.7963294982910156
GS_AD_SH_010517_SCH_-500µm_005_gemeten.jpg,35,Sandeels,Ammodytes tobianus,0.30912584,0.6788155436515808
GS_AD_SH_010517_SCH_-500µm_005_gemeten.jpg,36,Clupeids,Sprattus sprattus,0.86106277,0.5825287699699402
GS_AD_SH_010517_SCH_-500µm_005_gemeten.jpg,37,Clupeids,Sprattus sprattus,0.9978065,0.7875972986221313
GS_AD_SH_010517_SCH_-500µm_005_gemeten.jpg,38,Clupeids,Sprattus sprattus,0.9511587,0.6979542970657349
GS_AD_SH_010517_SCH_-500µm_005_gemeten.jpg,39,Clupeids,Sprattus sprattus,0.9902118,0.699057400226593
GS_AD_SH_010517_SCH_-500µm_005_gemeten.jpg,40,Clupeids,Sprattus sprattus,0.9936288,0.7118331789970398
GS_AD_SH_010517_SCH_-500µm_005_gemeten.jpg,41,Clupeids,Sprattus sprattus,0.95215064,0.7418393492698669
GS_AD_SH_010517_SCH_-500µm_005_gemeten.jpg,42,Clupeids,Sprattus sprattus,0.99560297,0.7079448103904724
GS_AD_SH_010517_SCH_-500µm_005_gemeten.jpg,43,Clupeids,Sprattus sprattus,0.99843997,0.8122918605804443
GS_AD_SH_010517_SCH_-500µm_005_gemeten.jpg,44,Clupeids,Sprattus sprattus,0.99776006,0.8304067850112915
GS_AD_SH_010517_SCH_-500µm_005_gemeten.jpg,45,Clupeids,Sprattus sprattus,0.981296,0.6130170822143555
GS_AD_SH_010517_SCH_-500µm_005_gemeten.jpg,46,Clupeids,Sprattus sprattus,0.99755234,0.7971676588058472
GS_AD_SH_010517_SCH_-500µm_005_gemeten.jpg,47,Clupeids,Sprattus sprattus,0.98548025,0.6380671858787537
GS_AD_SH_010517_SCH_-500µm_005_gemeten.jpg,48,Clupeids,Sprattus sprattus,0.9941041,0.6845712661743164
GS_AD_SH_010517_SCH_-500µm_005_gemeten.jpg,49,Clupeids,Sprattus sprattus,0.8987815,0.5883728861808777
GS_AD_SH_010517_SCH_-500µm_005_gemeten.jpg,50,Clupeids,Sprattus sprattus,0.96738976,0.4783106744289398
GS_AD_SH_010517_SCH_-500µm_005_gemeten.jpg,51,Clupeids,Sprattus sprattus,0.9471752,0.5411943197250366
GS_AD_SH_010517_SCH_-500µm_005_gemeten.jpg,52,Clupeids,Sprattus sprattus,0.9966054,0.8333153128623962
GS_AD_SH_010517_SCH_-500µm_005_gemeten.jpg,53,Clupeids,Sprattus sprattus,0.99594194,0.518379271030426
GS_AD_SH_010517_SCH_-500µm_005_gemeten.jpg,54,Clupeids,Sprattus sprattus,0.9974407,0.5861011147499084
GS_AD_SH_010517_SCH_-500µm_005_gemeten.jpg,55,Clupeids,Clupea harengus,0.9633771,0.6442309617996216
GS_AD_SH_010517_SCH_-500µm_005_gemeten.jpg,56,Clupeids,Sprattus sprattus,0.9972391,0.854306161403656
GS_AD_SH_010517_SCH_-500µm_005_gemeten.jpg,57,Clupeids,Sprattus sprattus,0.9969791,0.7543373107910156
GS_AD_SH_010517_SCH_-500µm_005_gemeten.jpg,58,Clupeids,Sprattus sprattus,0.99478626,0.6183717250823975
GS_AD_SH_010517_SCH_-500µm_005_gemeten.jpg,59,Clupeids,Sprattus sprattus,0.96166384,0.6484195590019226
GS_AD_SH_010517_SCH_-500µm_005_gemeten.jpg,60,Clupeids,Sprattus sprattus,0.98896325,0.5420503616333008
GS_AD_SH_010517_SCH_-500µm_005_gemeten.jpg,61,Clupeids,Sprattus sprattus,0.97840756,0.8176900148391724
GS_AD_SH_010517_SCH_-500µm_005_gemeten.jpg,62,Clupeids,Sprattus sprattus,0.9966455,0.6153402328491211
GS_AD_SH_010517_SCH_-500µm_005_gemeten.jpg,63,Clupeids,Sprattus sprattus,0.9881363,0.850680410861969
GS_AD_SH_010517_SCH_-500µm_005_gemeten.jpg,64,Clupeids,Sprattus sprattus,0.76803815,0.5746859312057495
GS_AD_SH_010517_SCH_-500µm_005_gemeten.jpg,65,Clupeids,Clupea harengus,0.9994362,0.6509495973587036
GS_AD_SH_010517_SCH_-500µm_005_gemeten.jpg,66,Clupeids,Clupea harengus,0.9985611,0.5647648572921753
GS_AD_SH_010517_SCH_-500µm_005_gemeten.jpg,67,Clupeids,Sprattus sprattus,0.9944406,0.46618980169296265
GS_AD_SH_010517_SCH_-500µm_005_gemeten.jpg,68,Clupeids,Sprattus sprattus,0.9965352,0.8244998455047607
GS_AD_SH_010517_SCH_-500µm_005_gemeten.jpg,69,Clupeids,Sprattus sprattus,0.84497595,0.791546642780304
GS_AD_SH_010517_SCH_-500µm_005_gemeten.jpg,70,Sandeels,Hyperoplus lanceolatus,0.0027172149,0.5145983695983887
GS_AD_SH_010517_SCH_-500µm_006.jpg,1,Clupeids,Sprattus sprattus,0.99880254,0.4560772180557251
GS_AD_SH_010517_SCH_-500µm_006.jpg,2,Clupeids,Clupea harengus,0.9809924,0.4988093674182892
GS_AD_SH_010517_SCH_-500µm_006.jpg,3,Sandeels,Ammodytes tobianus,0.0020427492,0.8495164513587952
GS_AD_SH_010517_SCH_-500µm_006.jpg,4,Clupeids,Alosa fallax,0.90358835,0.5048028230667114
GS_AD_SH_010517_SCH_-500µm_006.jpg,5,Clupeids,Clupea harengus,0.92565787,0.6658521890640259
GS_AD_SH_010517_SCH_-500µm_006.jpg,6,Clupeids,Sprattus sprattus,0.99337417,0.7607940435409546
GS_AD_SH_010517_SCH_-500µm_006.jpg,7,Sandeels,Ammodytes tobianus,0.18833438,0.8128180503845215
GS_AD_SH_010517_SCH_-500µm_006.jpg,8,Clupeids,Sprattus sprattus,0.8846199,0.5066723227500916
GS_AD_SH_010517_SCH_-500µm_006.jpg,9,Clupeids,Clupea harengus,0.99608266,0.5195224285125732
GS_AD_SH_010517_SCH_-500µm_006.jpg,10,Sandeels,Ammodytes tobianus,0.38179594,0.7868025302886963
GS_AD_SH_010517_SCH_-500µm_006.jpg,11,Clupeids,Sprattus sprattus,0.6736883,0.5541839599609375
GS_AD_SH_010517_SCH_-500µm_006.jpg,12,Clupeids,Alosa fallax,0.96990967,0.4436231255531311
GS_AD_SH_010517_SCH_-500µm_006.jpg,13,Clupeids,Sprattus sprattus,0.7686382,0.5730635523796082
GS_AD_SH_010517_SCH_-500µm_006.jpg,14,Sandeels,Ammodytes tobianus,0.48199013,0.7552573680877686
GS_AD_SH_010517_SCH_-500µm_006.jpg,15,Clupeids,Clupea harengus,0.9686593,0.6179876327514648
GS_AD_SH_010517_SCH_-500µm_006.jpg,16,Clupeids,Alosa fallax,0.9926099,0.6384104490280151
GS_AD_SH_010517_SCH_-500µm_006.jpg,17,Clupeids,Alosa fallax,0.96163183,0.6190415024757385
GS_AD_SH_010517_SCH_-500µm_006.jpg,18,Clupeids,Alosa fallax,0.91037047,0.631568968296051
GS_AD_SH_010517_SCH_-500µm_006_gemeten.jpg,1,Clupeids,Sprattus sprattus,0.99911743,0.4846555292606354
GS_AD_SH_010517_SCH_-500µm_006_gemeten.jpg,2,Clupeids,Clupea harengus,0.9942631,0.4826413691043854
GS_AD_SH_010517_SCH_-500µm_006_gemeten.jpg,3,Sandeels,Ammodytes tobianus,0.0010769248,0.8571351170539856
GS_AD_SH_010517_SCH_-500µm_006_gemeten.jpg,4,Clupeids,Clupea harengus,0.8219388,0.7756942510604858
GS_AD_SH_010517_SCH_-500µm_006_gemeten.jpg,5,Clupeids,Clupea harengus,0.9986248,0.749550998210907
GS_AD_SH_010517_SCH_-500µm_006_gemeten.jpg,6,Clupeids,Sprattus sprattus,0.994181,0.6703252196311951
GS_AD_SH_010517_SCH_-500µm_006_gemeten.jpg,7,Sandeels,Ammodytes tobianus,0.07359151,0.7449482083320618
GS_AD_SH_010517_SCH_-500µm_006_gemeten.jpg,8,Clupeids,Sprattus sprattus,0.9942696,0.7217516899108887
GS_AD_SH_010517_SCH_-500µm_006_gemeten.jpg,9,Clupeids,Clupea harengus,0.9959628,0.7250697612762451
GS_AD_SH_010517_SCH_-500µm_006_gemeten.jpg,10,Clupeids,Sprattus sprattus,0.87706965,0.7497625946998596
GS_AD_SH_010517_SCH_-500µm_006_gemeten.jpg,11,Clupeids,Sprattus sprattus,0.58304197,0.5879905223846436
GS_AD_SH_010517_SCH_-500µm_006_gemeten.jpg,12,Clupeids,Clupea harengus,0.9971168,0.8449126482009888
GS_AD_SH_010517_SCH_-500µm_006_gemeten.jpg,13,Clupeids,Sprattus sprattus,0.8476135,0.6598066091537476
GS_AD_SH_010517_SCH_-500µm_006_gemeten.jpg,14,Clupeids,Sprattus sprattus,0.91368365,0.4885241389274597
GS_AD_SH_010517_SCH_-500µm_006_gemeten.jpg,15,Clupeids,Clupea harengus,0.99541473,0.7403586506843567
GS_AD_SH_010517_SCH_-500µm_006_gemeten.jpg,16,Clupeids,Clupea harengus,0.99690336,0.5209057331085205
GS_AD_SH_010517_SCH_-500µm_006_gemeten.jpg,17,Clupeids,Clupea harengus,0.9519277,0.6838692426681519
GS_AD_SH_010517_SCH_-500µm_006_gemeten.jpg,18,Clupeids,Sprattus sprattus,0.9185052,0.4086838960647583
GS_AD_SH_010517_SCH_-500µm_007.jpg,1,Sandeels,Ammodytes tobianus,0.00036611056,0.838061511516571
GS_AD_SH_010517_SCH_-500µm_007.jpg,2,Sandeels,Ammodytes tobianus,0.00031369273,0.8625060319900513
GS_AD_SH_010517_SCH_-500µm_007.jpg,3,Sandeels,Ammodytes tobianus,0.000827281,0.8377022743225098
GS_AD_SH_010517_SCH_-500µm_007.jpg,4,Sandeels,Ammodytes tobianus,0.00044404247,0.8554323315620422
GS_AD_SH_010517_SCH_-500µm_007.jpg,5,Sandeels,Ammodytes tobianus,0.012079063,0.6344473958015442
GS_AD_SH_010517_SCH_-500µm_007.jpg,6,Sandeels,Ammodytes tobianus,0.0013538083,0.8069859743118286
GS_AD_SH_010517_SCH_-500µm_007.jpg,7,Sandeels,Ammodytes tobianus,0.0007885375,0.759467363357544
GS_AD_SH_010517_SCH_-500µm_007.jpg,8,Sandeels,Ammodytes tobianus,0.076956734,0.6642948985099792
GS_AD_SH_010517_SCH_-500µm_007.jpg,9,Sandeels,Hyperoplus lanceolatus,0.0032406421,0.5701209306716919
GS_AD_SH_010517_SCH_-500µm_007.jpg,10,Sandeels,Ammodytes tobianus,0.00086792064,0.8422327041625977
GS_AD_SH_010517_SCH_-500µm_007.jpg,11,Sandeels,Ammodytes tobianus,0.004831808,0.7170833349227905
GS_AD_SH_010517_SCH_-500µm_007.jpg,12,Sandeels,Ammodytes tobianus,0.00069717615,0.48316827416419983
GS_AD_SH_010517_SCH_-500µm_007.jpg,13,Sandeels,Ammodytes tobianus,0.019609997,0.7104842662811279
GS_AD_SH_010517_SCH_-500µm_007.jpg,14,Sandeels,Ammodytes tobianus,0.0031852697,0.6497511267662048
GS_AD_SH_010517_SCH_-500µm_007.jpg,15,Sandeels,Ammodytes tobianus,0.013163448,0.660216212272644
GS_AD_SH_010517_SCH_-500µm_007.jpg,16,Sandeels,Ammodytes tobianus,0.00037542824,0.8485726118087769
GS_AD_SH_010517_SCH_-500µm_007.jpg,17,Sandeels,Ammodytes tobianus,0.0005442854,0.8199475407600403
GS_AD_SH_010517_SCH_-500µm_007.jpg,18,Sandeels,Ammodytes tobianus,0.0008663726,0.5698100328445435
GS_AD_SH_010517_SCH_-500µm_007.jpg,19,Sandeels,Hyperoplus lanceolatus,0.010487641,0.463978111743927
GS_AD_SH_010517_SCH_-500µm_007.jpg,20,Sandeels,Ammodytes tobianus,0.18346633,0.7916267514228821
GS_AD_SH_010517_SCH_-500µm_007.jpg,21,Sandeels,Ammodytes tobianus,0.0040723593,0.8633750677108765
GS_AD_SH_010517_SCH_-500µm_007.jpg,22,Sandeels,Ammodytes tobianus,0.00066957285,0.7411530017852783
GS_AD_SH_010517_SCH_-500µm_007.jpg,23,Sandeels,Ammodytes tobianus,0.011080914,0.7352957129478455
GS_AD_SH_010517_SCH_-500µm_007.jpg,24,Sandeels,Ammodytes tobianus,0.0010658,0.7319178581237793
GS_AD_SH_010517_SCH_-500µm_007.jpg,25,Sandeels,Ammodytes tobianus,0.036947086,0.5918314456939697
GS_AD_SH_010517_SCH_-500µm_007.jpg,26,Sandeels,Ammodytes tobianus,0.00064848043,0.8214728236198425
GS_AD_SH_010517_SCH_-500µm_007.jpg,27,Sandeels,Ammodytes tobianus,0.04132857,0.6012665033340454
GS_AD_SH_010517_SCH_-500µm_007.jpg,28,Sandeels,Ammodytes tobianus,0.1256236,0.6953950524330139
GS_AD_SH_010517_SCH_-500µm_007_gemeten.jpg,1,Sandeels,Ammodytes tobianus,0.00015187597,0.8737993836402893
GS_AD_SH_010517_SCH_-500µm_007_gemeten.jpg,2,Sandeels,Ammodytes tobianus,0.00023485643,0.8834674954414368
GS_AD_SH_010517_SCH_-500µm_007_gemeten.jpg,3,Sandeels,Ammodytes tobianus,0.00044785452,0.8501889109611511
GS_AD_SH_010517_SCH_-500µm_007_gemeten.jpg,4,Sandeels,Ammodytes tobianus,0.00030413538,0.8731182217597961
GS_AD_SH_010517_SCH_-500µm_007_gemeten.jpg,5,Sandeels,Hyperoplus lanceolatus,0.236941,0.5099440217018127
GS_AD_SH_010517_SCH_-500µm_007_gemeten.jpg,6,Sandeels,Ammodytes tobianus,0.09071377,0.6286728382110596
GS_AD_SH_010517_SCH_-500µm_007_gemeten.jpg,7,Sandeels,Hyperoplus lanceolatus,0.23845948,0.5830576419830322
GS_AD_SH_010517_SCH_-500µm_007_gemeten.jpg,8,Clupeids,Sprattus sprattus,0.9839364,0.47310778498649597
GS_AD_SH_010517_SCH_-500µm_007_gemeten.jpg,9,Sandeels,Hyperoplus lanceolatus,0.093634024,0.852432370185852
GS_AD_SH_010517_SCH_-500µm_007_gemeten.jpg,10,Sandeels,Ammodytes tobianus,0.00046269243,0.8679985404014587
GS_AD_SH_010517_SCH_-500µm_007_gemeten.jpg,11,Sandeels,Hyperoplus lanceolatus,0.07070115,0.8578454256057739
GS_AD_SH_010517_SCH_-500µm_007_gemeten.jpg,12,Sandeels,Hyperoplus lanceolatus,0.095993124,0.8274744749069214
GS_AD_SH_010517_SCH_-500µm_007_gemeten.jpg,13,Clupeids,Sprattus sprattus,0.80366915,0.44630131125450134
GS_AD_SH_010517_SCH_-500µm_007_gemeten.jpg,14,Sandeels,Hyperoplus lanceolatus,0.047304966,0.7695992588996887
GS_AD_SH_010517_SCH_-500µm_007_gemeten.jpg,15,Clupeids,Sprattus sprattus,0.84684485,0.6089722514152527
GS_AD_SH_010517_SCH_-500µm_007_gemeten.jpg,16,Sandeels,Ammodytes tobianus,0.00049694296,0.8367890119552612
GS_AD_SH_010517_SCH_-500µm_007_gemeten.jpg,17,Sandeels,Ammodytes tobianus,0.00023838325,0.8618603944778442
GS_AD_SH_010517_SCH_-500µm_007_gemeten.jpg,18,Sandeels,Hyperoplus lanceolatus,0.18675958,0.5322690606117249
GS_AD_SH_010517_SCH_-500µm_007_gemeten.jpg,19,Clupeids,Sprattus sprattus,0.88313293,0.4929676651954651
GS_AD_SH_010517_SCH_-500µm_007_gemeten.jpg,20,Clupeids,Sprattus sprattus,0.68993366,0.45956242084503174
GS_AD_SH_010517_SCH_-500µm_007_gemeten.jpg,21,Clupeids,Clupea harengus,0.92964727,0.5370706915855408
GS_AD_SH_010517_SCH_-500µm_007_gemeten.jpg,22,Sandeels,Hyperoplus lanceolatus,0.053707235,0.44331005215644836
GS_AD_SH_010517_SCH_-500µm_007_gemeten.jpg,23,Sandeels,Ammodytes tobianus,0.013377774,0.7638583779335022
GS_AD_SH_010517_SCH_-500µm_007_gemeten.jpg,24,Sandeels,Hyperoplus lanceolatus,0.10828694,0.8329141139984131
GS_AD_SH_010517_SCH_-500µm_007_gemeten.jpg,25,Sandeels,Ammodytes tobianus,0.015094858,0.5320380926132202
GS_AD_SH_010517_SCH_-500µm_007_gemeten.jpg,26,Sandeels,Hyperoplus lanceolatus,0.18530518,0.5252208113670349
GS_AD_SH_010517_SCH_-500µm_007_gemeten.jpg,27,Clupeids,Sprattus sprattus,0.804638,0.6062885522842407
GS_AD_SH_010517_SCH_-500µm_007_gemeten.jpg,28,Sandeels,Ammodytes tobianus,0.012733853,0.7968029975891113
GS_AD_SH_050517_SCH_+500µm_001.tif,1,Sandeels,Hyperoplus lanceolatus,0.0026155182,0.6343925595283508
GS_AD_SH_050517_SCH_+500µm_001.tif,2,Sandeels,Ammodytes marinus,0.0010427396,0.7924696207046509
GS_AD_SH_050517_SCH_+500µm_001.tif,3,Sandeels,Ammodytes marinus,0.0017198592,0.9095619320869446
GS_AD_SH_050517_SCH_+500µm_001.tif,4,Sandeels,Ammodytes marinus,0.00255711,0.6724249124526978
GS_AD_SH_050517_SCH_+500µm_001.tif,5,Sandeels,Ammodytes marinus,0.0020086095,0.9037608504295349
GS_AD_SH_050517_SCH_+500µm_001.tif,6,Sandeels,Ammodytes marinus,0.00076932705,0.8484998345375061
GS_AD_SH_050517_SCH_+500µm_001.tif,7,Sandeels,Ammodytes marinus,0.0024882676,0.8983697891235352
GS_AD_SH_050517_SCH_+500µm_001.tif,8,Sandeels,Ammodytes marinus,0.0023895407,0.8822684288024902
GS_AD_SH_050517_SCH_+500µm_001.tif,9,Sandeels,Ammodytes marinus,0.0025947553,0.8844928741455078
GS_AD_SH_050517_SCH_+500µm_001.tif,10,Sandeels,Ammodytes marinus,0.0023866848,0.8486891388893127
GS_AD_SH_050517_SCH_+500µm_001.tif,11,Sandeels,Ammodytes marinus,0.0024253295,0.8681061863899231
GS_AD_SH_050517_SCH_+500µm_001.tif,12,Sandeels,Hyperoplus lanceolatus,0.000987806,0.7915695309638977
GS_AD_SH_050517_SCH_+500µm_001.tif,13,Sandeels,Ammodytes marinus,0.0038669198,0.8760429620742798
GS_AD_SH_050517_SCH_+500µm_001.tif,14,Sandeels,Ammodytes marinus,0.0015348596,0.8913891315460205
GS_AD_SH_050517_SCH_+500µm_001.tif,15,Sandeels,Ammodytes marinus,0.0013981062,0.8860520124435425
GS_AD_SH_050517_SCH_+500µm_001.tif,16,Sandeels,Ammodytes marinus,0.002079943,0.8674143552780151
GS_AD_SH_050517_SCH_+500µm_001.tif,17,Sandeels,Ammodytes marinus,0.0021620186,0.8493133783340454
GS_AD_SH_050517_SCH_+500µm_001.tif,18,Sandeels,Ammodytes marinus,0.004884627,0.8743406534194946
GS_AD_SH_050517_SCH_+500µm_001.tif,19,Sandeels,Ammodytes marinus,0.0014986828,0.8885970711708069
GS_AD_SH_050517_SCH_+500µm_001.tif,20,Sandeels,Ammodytes marinus,0.002748351,0.8841443657875061
GS_AD_SH_050517_SCH_+500µm_001.tif,21,Sandeels,Ammodytes marinus,0.0015951443,0.8326149582862854
GS_AD_SH_050517_SCH_+500µm_001.tif,22,Sandeels,Ammodytes marinus,0.00135883,0.8800724744796753
GS_AD_SH_050517_SCH_+500µm_001.tif,23,Sandeels,Hyperoplus lanceolatus,0.0021648936,0.757691502571106
GS_AD_SH_050517_SCH_+500µm_001.tif,24,Sandeels,Ammodytes marinus,0.0019777375,0.8855459094047546
GS_AD_SH_050517_SCH_+500µm_001.tif,25,Sandeels,Hyperoplus lanceolatus,0.0055018645,0.882091760635376
GS_AD_SH_050517_SCH_+500µm_002.tif,1,Sandeels,Ammodytes marinus,0.0028539912,0.921301007270813
GS_AD_SH_050517_SCH_+500µm_002.tif,2,Sandeels,Ammodytes marinus,0.0034320545,0.6910640597343445
GS_AD_SH_050517_SCH_+500µm_002.tif,3,Sandeels,Ammodytes marinus,0.0006789057,0.8299404978752136
GS_AD_SH_050517_SCH_+500µm_002.tif,4,Sandeels,Ammodytes marinus,0.0020672204,0.8540942668914795
GS_AD_SH_050517_SCH_+500µm_002.tif,5,Sandeels,Ammodytes marinus,0.002252081,0.8620497584342957
GS_AD_SH_050517_SCH_+500µm_002.tif,6,Sandeels,Ammodytes marinus,0.0016354807,0.8883604407310486
GS_AD_SH_050517_SCH_+500µm_002.tif,7,Sandeels,Ammodytes marinus,0.0015049193,0.8405053615570068
GS_AD_SH_050517_SCH_+500µm_002.tif,8,Sandeels,Ammodytes marinus,0.0010533008,0.8589498400688171
GS_AD_SH_050517_SCH_+500µm_002.tif,9,Sandeels,Ammodytes marinus,0.0018143721,0.8634845018386841
GS_AD_SH_050517_SCH_+500µm_002.tif,10,Sandeels,Ammodytes marinus,0.0021722896,0.8774769902229309
GS_AD_SH_050517_SCH_+500µm_002.tif,11,Sandeels,Ammodytes marinus,0.0029069355,0.8848990201950073
GS_AD_SH_050517_SCH_+500µm_002.tif,12,Sandeels,Hyperoplus lanceolatus,0.0010468704,0.5879536271095276
GS_AD_SH_050517_SCH_+500µm_002.tif,13,Sandeels,Ammodytes marinus,0.0018288341,0.9042750597000122
GS_AD_SH_050517_SCH_+500µm_002.tif,14,Sandeels,Ammodytes marinus,0.0021369082,0.9216008186340332
GS_AD_SH_050517_SCH_+500µm_002.tif,15,Sandeels,Ammodytes marinus,0.0013100036,0.8651543855667114
GS_AD_SH_050517_SCH_+500µm_002.tif,16,Sandeels,Hyperoplus lanceolatus,0.003429987,0.6527880430221558
GS_AD_SH_050517_SCH_+500µm_002.tif,17,Sandeels,Ammodytes marinus,0.0014731318,0.8482722043991089
GS_AD_SH_050517_SCH_+500µm_002.tif,18,Sandeels,Ammodytes marinus,0.0012419642,0.9108498096466064
GS_AD_SH_050517_SCH_+500µm_002.tif,19,Sandeels,Ammodytes marinus,0.0015045081,0.8799476623535156
GS_AD_SH_050517_SCH_+500µm_002.tif,20,Sandeels,Hyperoplus lanceolatus,0.0013183256,0.9057368636131287
GS_AD_SH_050517_SCH_+500µm_002.tif,21,Sandeels,Ammodytes marinus,0.0020603156,0.8724457025527954
GS_AD_SH_050517_SCH_+500µm_002.tif,22,Sandeels,Ammodytes marinus,0.0016008348,0.8756247758865356
GS_AD_SH_050517_SCH_+500µm_002.tif,23,Sandeels,Ammodytes marinus,0.0016835027,0.8584089279174805
GS_AD_SH_050517_SCH_+500µm_002.tif,24,Sandeels,Hyperoplus lanceolatus,0.009195423,0.6032252311706543
GS_AD_SH_050517_SCH_+500µm_002.tif,25,Sandeels,Ammodytes marinus,0.0018200228,0.8916746973991394
GS_AD_SH_050517_SCH_+500µm_002.tif,26,Sandeels,Ammodytes marinus,0.002029453,0.84855717420578
GS_AD_SH_050517_SCH_+500µm_002.tif,27,Sandeels,Ammodytes marinus,0.001231146,0.8799000382423401
GS_AD_SH_050517_SCH_+500µm_002.tif,28,Sandeels,Ammodytes marinus,0.0013493674,0.778134822845459
GS_AD_SH_050517_SCH_+500µm_002.tif,29,Sandeels,Ammodytes marinus,0.009345471,0.866230845451355
GS_AD_SH_050517_SCH_+500µm_002.tif,30,Sandeels,Ammodytes marinus,0.0016755338,0.8969128727912903
GS_AD_SH_050517_SCH_+500µm_002.tif,31,Sandeels,Ammodytes marinus,0.0011019649,0.8602081537246704
GS_AD_SH_050517_SCH_+500µm_002.tif,32,Sandeels,Hyperoplus lanceolatus,0.001262027,0.620485246181488
GS_AD_SH_050517_SCH_+500µm_002.tif,33,Sandeels,Ammodytes marinus,0.003940074,0.8848222494125366
GS_AD_SH_050517_SCH_+500µm_003.tif,1,Sandeels,Ammodytes marinus,0.0015964342,0.8303247094154358
GS_AD_SH_050517_SCH_+500µm_003.tif,2,Sandeels,Hyperoplus lanceolatus,0.0019607532,0.5903153419494629
GS_AD_SH_050517_SCH_+500µm_003.tif,3,Sandeels,Ammodytes marinus,0.0010593972,0.8124993443489075
GS_AD_SH_050517_SCH_+500µm_003.tif,4,Sandeels,Ammodytes marinus,0.0003656231,0.5695570111274719
GS_AD_SH_050517_SCH_+500µm_003.tif,5,Sandeels,Ammodytes marinus,0.00068136,0.8929482698440552
GS_AD_SH_050517_SCH_+500µm_003.tif,6,Sandeels,Hyperoplus lanceolatus,0.0007884211,0.68305903673172
GS_AD_SH_050517_SCH_+500µm_003.tif,7,Sandeels,Ammodytes marinus,0.0003053696,0.4920157492160797
GS_AD_SH_050517_SCH_+500µm_003.tif,8,Sandeels,Hyperoplus lanceolatus,0.00459927,0.9368855357170105
GS_AD_SH_050517_SCH_+500µm_003.tif,9,Sandeels,Hyperoplus lanceolatus,0.0022502046,0.7494933009147644
GS_AD_SH_050517_SCH_+500µm_003.tif,10,Sandeels,Ammodytes marinus,0.00095751014,0.8948548436164856
GS_AD_SH_050517_SCH_+500µm_003.tif,11,Sandeels,Ammodytes marinus,0.003615558,0.5366044640541077
GS_AD_SH_050517_SCH_+500µm_003.tif,12,Sandeels,Hyperoplus lanceolatus,0.011659202,0.7945224046707153
GS_AD_SH_050517_SCH_+500µm_003.tif,13,Sandeels,Ammodytes marinus,0.0017273697,0.8953436613082886
GS_AD_SH_050517_SCH_+500µm_003.tif,14,Sandeels,Hyperoplus lanceolatus,0.0014597261,0.8578985333442688
GS_AD_SH_050517_SCH_+500µm_003.tif,15,Sandeels,Hyperoplus lanceolatus,0.004331496,0.8146947026252747
GS_AD_SH_050517_SCH_+500µm_003.tif,16,Sandeels,Hyperoplus lanceolatus,0.0046258327,0.5542113184928894
GS_AD_SH_050517_SCH_+500µm_003.tif,17,Sandeels,Ammodytes marinus,0.0021798064,0.8642171621322632
GS_AD_SH_050517_SCH_+500µm_003.tif,18,Sandeels,Ammodytes marinus,0.00074715493,0.7612940669059753
GS_AD_SH_050517_SCH_+500µm_003.tif,19,Sandeels,Ammodytes marinus,0.0016299838,0.8672240376472473
GS_AD_SH_050517_SCH_+500µm_003.tif,20,Sandeels,Ammodytes marinus,0.0019236725,0.7998791933059692
GS_AD_SH_050517_SCH_+500µm_003.tif,21,Sandeels,Hyperoplus lanceolatus,0.004740808,0.8933663368225098
GS_AD_SH_050517_SCH_+500µm_003.tif,22,Sandeels,Ammodytes marinus,0.0011813258,0.8619349598884583
GS_AD_SH_050517_SCH_+500µm_003.tif,23,Sandeels,Ammodytes marinus,0.0017140564,0.8652223348617554
GS_AD_SH_050517_SCH_+500µm_003.tif,24,Sandeels,Ammodytes marinus,0.0012699486,0.8574376106262207
GS_AD_SH_050517_SCH_+500µm_003.tif,25,Sandeels,Hyperoplus lanceolatus,0.005846096,0.916961133480072
GS_AD_SH_050517_SCH_+500µm_003.tif,26,Sandeels,Ammodytes marinus,0.0022351546,0.8738012313842773
GS_AD_SH_050517_SCH_+500µm_003.tif,27,Sandeels,Hyperoplus lanceolatus,0.0017311012,0.7934192419052124
GS_AD_SH_050517_SCH_+500µm_003.tif,28,Sandeels,Ammodytes marinus,0.0012339873,0.8864310383796692
GS_AD_SH_050517_SCH_+500µm_003.tif,29,Sandeels,Hyperoplus lanceolatus,0.0029725018,0.9339532852172852
GS_AD_SH_050517_SCH_+500µm_003.tif,30,Sandeels,Hyperoplus lanceolatus,0.0011135389,0.8219701647758484
GS_AD_SH_050517_SCH_+500µm_003.tif,31,Sandeels,Hyperoplus lanceolatus,0.0006298913,0.8963874578475952
GS_AD_SH_050517_SCH_+500µm_003.tif,32,Sandeels,Ammodytes marinus,0.0014351002,0.7530112266540527
GS_AD_SH_050517_SCH_+500µm_003.tif,33,Sandeels,Hyperoplus lanceolatus,0.00188061,0.9205045104026794
GS_AD_SH_050517_SCH_+500µm_003.tif,34,Sandeels,Ammodytes marinus,0.0014468692,0.8569093942642212
GS_AD_SH_050517_SCH_+500µm_003.tif,35,Sandeels,Ammodytes marinus,0.0009837197,0.8992867469787598
GS_AD_SH_050517_SCH_+500µm_003.tif,36,Sandeels,Ammodytes tobianus,0.00271882,0.8702795505523682
GS_AD_SH_050517_SCH_+500µm_004.tif,1,Sandeels,Hyperoplus lanceolatus,0.003828337,0.9548648595809937
GS_AD_SH_050517_SCH_+500µm_004.tif,2,Sandeels,Hyperoplus lanceolatus,0.0042990595,0.9355021715164185
GS_AD_SH_050517_SCH_+500µm_004.tif,3,Sandeels,Hyperoplus lanceolatus,0.0012344315,0.9464548230171204
GS_AD_SH_050517_SCH_+500µm_004.tif,4,Sandeels,Hyperoplus lanceolatus,0.0122781955,0.8929646611213684
GS_AD_SH_050517_SCH_+500µm_004.tif,5,Sandeels,Ammodytes marinus,0.0051803365,0.6856932044029236
GS_AD_SH_050517_SCH_+500µm_004.tif,6,Sandeels,Ammodytes marinus,0.010944546,0.45679107308387756
GS_AD_SH_050517_SCH_+500µm_004.tif,7,Sandeels,Hyperoplus lanceolatus,0.0036312202,0.7557904124259949
GS_AD_SH_050517_SCH_+500µm_004.tif,8,Sandeels,Hyperoplus lanceolatus,0.008024791,0.9248285293579102
GS_AD_SH_050517_SCH_+500µm_004.tif,9,Sandeels,Hyperoplus lanceolatus,0.0036012186,0.7048352360725403
GS_AD_SH_050517_SCH_+500µm_004.tif,10,Sandeels,Hyperoplus lanceolatus,0.0035368893,0.8383785486221313
GS_AD_SH_050517_SCH_+500µm_004.tif,11,Sandeels,Hyperoplus lanceolatus,0.008067679,0.7418243885040283
GS_AD_SH_050517_SCH_+500µm_004.tif,12,Sandeels,Hyperoplus lanceolatus,0.0065714736,0.8930065631866455
GS_AD_SH_050517_SCH_+500µm_004.tif,13,Sandeels,Hyperoplus lanceolatus,0.0045721126,0.9261175394058228
GS_AD_SH_050517_SCH_+500µm_004.tif,14,Sandeels,Hyperoplus lanceolatus,0.0031048865,0.9173982739448547
GS_AD_SH_050517_SCH_+500µm_004.tif,15,Sandeels,Hyperoplus lanceolatus,0.02001829,0.858855664730072
GS_AD_SH_050517_SCH_+500µm_004.tif,16,Sandeels,Hyperoplus lanceolatus,0.0013831174,0.8577484488487244
GS_AD_SH_050517_SCH_+500µm_004.tif,17,Sandeels,Hyperoplus lanceolatus,0.01808615,0.8371490240097046
GS_AD_SH_050517_SCH_+500µm_004.tif,18,Sandeels,Hyperoplus lanceolatus,0.024562243,0.9048033356666565
GS_AD_SH_050517_SCH_+500µm_004.tif,19,Sandeels,Ammodytes marinus,0.0018450648,0.7385521531105042
GS_AD_SH_050517_SCH_+500µm_004.tif,20,Sandeels,Hyperoplus lanceolatus,0.004655013,0.8647484183311462
GS_AD_SH_050517_SCH_+500µm_004.tif,21,Sandeels,Hyperoplus lanceolatus,0.008924187,0.7944151759147644
GS_AD_SH_050517_SCH_+500µm_004.tif,22,Sandeels,Ammodytes marinus,0.0015146205,0.7420125007629395
GS_AD_SH_050517_SCH_+500µm_004.tif,23,Sandeels,Hyperoplus lanceolatus,0.010254311,0.9206123948097229
GS_AD_SH_050517_SCH_+500µm_004.tif,24,Sandeels,Hyperoplus lanceolatus,0.038407646,0.5902946591377258
GS_AD_SH_050517_SCH_+500µm_004.tif,25,Sandeels,Hyperoplus lanceolatus,0.010855067,0.8886498212814331
GS_AD_SH_050517_SCH_+500µm_004.tif,26,Sandeels,Hyperoplus lanceolatus,0.015318513,0.7940376996994019
GS_AD_SH_050517_SCH_+500µm_004.tif,27,Sandeels,Hyperoplus lanceolatus,0.006182771,0.8659442663192749
GS_AD_SH_050517_SCH_+500µm_004.tif,28,Sandeels,Hyperoplus lanceolatus,0.0028176163,0.6295968294143677
GS_AD_SH_050517_SCH_+500µm_004.tif,29,Sandeels,Hyperoplus lanceolatus,0.012659257,0.8414883613586426
GS_AD_SH_050517_SCH_+500µm_004.tif,30,Sandeels,Ammodytes marinus,0.061345477,0.5229553580284119
GS_AD_SH_050517_SCH_+500µm_004.tif,31,Sandeels,Hyperoplus lanceolatus,0.0055831303,0.8948646783828735
GS_AD_SH_050517_SCH_+500µm_004.tif,32,Sandeels,Ammodytes marinus,0.0020927577,0.8035668730735779
GS_AD_SH_050517_SCH_+500µm_004.tif,33,Sandeels,Hyperoplus lanceolatus,0.004047597,0.9273585081100464
GS_AD_SH_050517_SCH_+500µm_004.tif,34,Sandeels,Hyperoplus lanceolatus,0.0076526166,0.8815432786941528
GS_AD_SH_050517_SCH_+500µm_004.tif,35,Sandeels,Hyperoplus lanceolatus,0.0057814443,0.8791949152946472
GS_AD_SH_050517_SCH_+500µm_004.tif,36,Sandeels,Hyperoplus lanceolatus,0.018424464,0.8581465482711792
GS_AD_SH_050517_SCH_+500µm_005.tif,1,Sandeels,Ammodytes marinus,0.0014328129,0.894203245639801
GS_AD_SH_050517_SCH_+500µm_005.tif,2,Sandeels,Ammodytes marinus,0.0016384927,0.5651304721832275
GS_AD_SH_050517_SCH_+500µm_005.tif,3,Sandeels,Ammodytes marinus,0.0035301952,0.8730695843696594
GS_AD_SH_050517_SCH_+500µm_005.tif,4,Sandeels,Ammodytes marinus,0.0011888642,0.7075055241584778
GS_AD_SH_050517_SCH_+500µm_005.tif,5,Sandeels,Hyperoplus lanceolatus,0.37637508,0.8803717494010925
GS_AD_SH_050517_SCH_+500µm_005.tif,6,Sandeels,Hyperoplus lanceolatus,0.0054610563,0.9259042143821716
GS_AD_SH_050517_SCH_+500µm_005.tif,7,Sandeels,Hyperoplus lanceolatus,0.0030171073,0.8811014294624329
GS_AD_SH_050517_SCH_+500µm_005.tif,8,Sandeels,Ammodytes marinus,0.0017987073,0.8826966881752014
GS_AD_SH_050517_SCH_+500µm_005.tif,9,Sandeels,Ammodytes marinus,0.015879447,0.5916794538497925
GS_AD_SH_050517_SCH_+500µm_005.tif,10,Sandeels,Ammodytes marinus,0.0021750748,0.8637726902961731
GS_AD_SH_050517_SCH_+500µm_005.tif,11,Sandeels,Hyperoplus lanceolatus,0.042932864,0.9006272554397583
GS_AD_SH_050517_SCH_+500µm_006.tif,1,Sandeels,Ammodytes marinus,0.0016556617,0.7799789905548096
GS_AD_SH_050517_SCH_+500µm_006.tif,2,Sandeels,Ammodytes marinus,0.0015779652,0.8297173976898193
GS_AD_SH_050517_SCH_+500µm_006.tif,3,Sandeels,Ammodytes marinus,0.002193736,0.8264046311378479
GS_AD_SH_050517_SCH_+500µm_006.tif,4,Sandeels,Ammodytes marinus,0.002119948,0.8091568946838379
GS_AD_SH_050517_SCH_+500µm_006.tif,5,Sandeels,Ammodytes marinus,0.0010457828,0.731842577457428
GS_AD_SH_050517_SCH_+500µm_006.tif,6,Sandeels,Hyperoplus lanceolatus,0.0037197538,0.5706707239151001
GS_AD_SH_050517_SCH_+500µm_006.tif,7,Sandeels,Hyperoplus lanceolatus,0.001478606,0.7759286165237427
GS_AD_SH_050517_SCH_+500µm_006.tif,8,Sandeels,Hyperoplus lanceolatus,0.002564669,0.5909690856933594
GS_AD_SH_050517_SCH_+500µm_006.tif,9,Sandeels,Ammodytes tobianus,0.00028761866,0.5827740430831909
GS_AD_SH_050517_SCH_+500µm_006.tif,10,Sandeels,Ammodytes marinus,0.0014927228,0.8361638188362122
GS_AD_SH_050517_SCH_+500µm_006.tif,11,Sandeels,Ammodytes marinus,0.000830838,0.8017458915710449
GS_AD_SH_050517_SCH_+500µm_006.tif,12,Sandeels,Hyperoplus lanceolatus,0.03906098,0.8824082016944885
GS_AD_SH_050517_SCH_+500µm_006.tif,13,Sandeels,Hyperoplus lanceolatus,0.0016931527,0.5853372812271118
GS_AD_SH_050517_SCH_+500µm_006.tif,14,Sandeels,Hyperoplus lanceolatus,0.0015365625,0.5275865793228149
GS_AD_SH_050517_SCH_+500µm_006.tif,15,Sandeels,Ammodytes marinus,0.0019635546,0.7329896688461304
GS_AD_SH_050517_SCH_+500µm_006.tif,16,Sandeels,Hyperoplus lanceolatus,0.0048372354,0.8960310816764832
GS_AD_SH_050517_SCH_+500µm_006.tif,17,Sandeels,Ammodytes marinus,0.00046789105,0.8522780537605286
GS_AD_SH_050517_SCH_+500µm_006.tif,18,Sandeels,Hyperoplus lanceolatus,0.006916875,0.8200046420097351
GS_AD_SH_050517_SCH_+500µm_006.tif,19,Sandeels,Hyperoplus lanceolatus,0.00061734155,0.8408185839653015
GS_AD_SH_050517_SCH_+500µm_006.tif,20,Sandeels,Hyperoplus lanceolatus,0.004213541,0.89961177110672
GS_AD_SH_050517_SCH_+500µm_006.tif,21,Sandeels,Hyperoplus lanceolatus,0.0046700803,0.9175439476966858
GS_AD_SH_050517_SCH_+500µm_006.tif,22,Sandeels,Hyperoplus lanceolatus,0.0012494988,0.7739325165748596
GS_AD_SH_050517_SCH_+500µm_006.tif,23,Sandeels,Hyperoplus lanceolatus,0.0012601033,0.857063353061676
GS_AD_SH_050517_SCH_+500µm_006.tif,24,Sandeels,Ammodytes marinus,0.0021027585,0.8778388500213623
GS_AD_SH_050517_SCH_+500µm_006.tif,25,Sandeels,Hyperoplus lanceolatus,0.002584588,0.9334894418716431
GS_AD_SH_050517_SCH_+500µm_006.tif,26,Sandeels,Hyperoplus lanceolatus,0.006566513,0.8827261328697205
GS_AD_SH_050517_SCH_+500µm_006.tif,27,Sandeels,Hyperoplus lanceolatus,0.017714307,0.880551278591156
GS_AD_SH_050517_SCH_+500µm_006.tif,28,Sandeels,Hyperoplus lanceolatus,0.0012530497,0.6707800030708313
GS_AD_SH_050517_SCH_+500µm_006.tif,29,Sandeels,Ammodytes marinus,0.0009669431,0.7999952435493469
GS_AD_SH_050517_SCH_+500µm_006.tif,30,Sandeels,Hyperoplus lanceolatus,0.0025352512,0.7646034955978394
GS_AD_SH_050517_SCH_+500µm_006.tif,31,Sandeels,Hyperoplus lanceolatus,0.005673409,0.912990391254425
GS_AD_SH_050517_SCH_+500µm_006.tif,32,Sandeels,Hyperoplus lanceolatus,0.0037297637,0.8646727800369263
GS_AD_SH_050517_SCH_+500µm_006.tif,33,Sandeels,Hyperoplus lanceolatus,0.0021917338,0.8802106976509094
GS_AD_SH_050517_SCH_+500µm_006.tif,34,Sandeels,Hyperoplus lanceolatus,0.010782939,0.8908092379570007
GS_AD_SH_050517_SCH_+500µm_006.tif,35,Sandeels,Ammodytes marinus,0.0015214405,0.6180166006088257
GS_AD_SH_050517_SCH_+500µm_006.tif,36,Sandeels,Ammodytes marinus,0.001883679,0.822274386882782
GS_AD_SH_050517_SCH_+500µm_006.tif,37,Sandeels,Hyperoplus lanceolatus,0.02948336,0.8594521284103394
GS_AD_SH_050517_SCH_+500µm_007.tif,1,Clupeids,Alosa fallax,0.9755646,0.5608153939247131
GS_AD_SH_050517_SCH_+500µm_007.tif,2,Sandeels,Hyperoplus lanceolatus,0.32436442,0.49556851387023926
GS_AD_SH_050517_SCH_+500µm_007.tif,3,Clupeids,Alosa fallax,0.918723,0.7390697598457336
GS_AD_SH_050517_SCH_+500µm_007.tif,4,Sandeels,Ammodytes tobianus,0.0015485989,0.8542339205741882
GS_AD_SH_050517_SCH_+500µm_007.tif,5,Clupeids,Sprattus sprattus,0.92394614,0.45952385663986206
GS_AD_SH_050517_SCH_+500µm_007.tif,6,Sandeels,Ammodytes marinus,0.027680503,0.6307403445243835
GS_AD_SH_050517_SCH_+500µm_007.tif,7,Sandeels,Ammodytes tobianus,0.0031295922,0.7344495058059692
GS_AD_SH_050517_SCH_+500µm_007.tif,8,Sandeels,Ammodytes tobianus,0.0019649682,0.7063746452331543
GS_AD_SH_050517_SCH_+500µm_008.tif,1,Clupeids,Sprattus sprattus,0.9897858,0.6546639204025269
GS_AD_SH_050517_SCH_+500µm_008.tif,2,Clupeids,Clupea harengus,0.9988181,0.7253953814506531
GS_AD_SH_050517_SCH_+500µm_008.tif,3,Clupeids,Sprattus sprattus,0.9397316,0.4836863875389099
GS_AD_SH_050517_SCH_+500µm_008.tif,4,Sandeels,Ammodytes marinus,0.011557141,0.806989312171936
GS_AD_SH_050517_SCH_+500µm_008.tif,5,Sandeels,Hyperoplus lanceolatus,0.009209344,0.5318259596824646
GS_AD_SH_050517_SCH_+500µm_008.tif,6,Sandeels,Ammodytes marinus,0.021962574,0.7383966445922852
GS_AD_SH_050517_SCH_+500µm_008.tif,7,Clupeids,Sprattus sprattus,0.7950178,0.5112251043319702
GS_AD_SH_050517_SCH_+500µm_008.tif,8,Sandeels,Hyperoplus lanceolatus,0.48875207,0.8771951794624329
GS_AD_SH_050517_SCH_+500µm_008.tif,9,Sandeels,Ammodytes tobianus,0.005199806,0.71958327293396
GS_AD_SH_050517_SCH_+500µm_008.tif,10,Sandeels,Hyperoplus lanceolatus,0.24402094,0.5564526915550232
GS_AD_SH_050517_SCH_+500µm_008.tif,11,Clupeids,Clupea harengus,0.6690998,0.7703888416290283
GS_AD_SH_050517_SCH_+500µm_008.tif,12,Clupeids,Alosa fallax,0.8816779,0.4429687261581421
GS_AD_SH_050517_SCH_+500µm_008.tif,13,Clupeids,Sprattus sprattus,0.9632023,0.40858194231987
GS_AD_SH_050517_SCH_+500µm_008.tif,14,Sandeels,Ammodytes tobianus,0.035928115,0.6875870227813721
GS_AD_SH_050517_SCH_+500µm_008.tif,15,Sandeels,Hyperoplus lanceolatus,0.0069967383,0.6729819178581238
GS_AD_SH_050517_SCH_+500µm_008.tif,16,Sandeels,Ammodytes marinus,0.0042469176,0.5776225924491882
GS_AD_SH_050517_SCH_+500µm_008.tif,17,Clupeids,Clupea harengus,0.99589515,0.5066372156143188
GS_AD_SH_050517_SCH_+500µm_008.tif,18,Sandeels,Hyperoplus lanceolatus,0.3930287,0.8127918839454651
GS_AD_SH_050517_SCH_+500µm_008.tif,19,Sandeels,Hyperoplus lanceolatus,0.3443592,0.7228448390960693
GS_AD_SH_050517_SCH_+500µm_009.tif,1,Clupeids,Sprattus sprattus,0.96742076,0.8371128439903259
GS_AD_SH_050517_SCH_-500µm_001.tif,1,Sandeels,Hyperoplus lanceolatus,0.000777062,0.5606507658958435
GS_AD_SH_050517_SCH_-500µm_001.tif,2,Sandeels,Ammodytes marinus,0.002956854,0.901451826095581
GS_AD_SH_050517_SCH_-500µm_001.tif,3,Sandeels,Ammodytes marinus,0.0016338481,0.8657585978507996
GS_AD_SH_050517_SCH_-500µm_001.tif,4,Sandeels,Ammodytes marinus,0.0010633204,0.4682290554046631
GS_AD_SH_050517_SCH_-500µm_001.tif,5,Sandeels,Ammodytes marinus,0.0033628086,0.8490073084831238
GS_AD_SH_050517_SCH_-500µm_001.tif,6,Sandeels,Ammodytes marinus,0.0019231582,0.8692752718925476
GS_AD_SH_050517_SCH_-500µm_001.tif,7,Sandeels,Hyperoplus lanceolatus,0.0066269157,0.7308646440505981
GS_AD_SH_050517_SCH_-500µm_001.tif,8,Sandeels,Hyperoplus lanceolatus,0.01881085,0.9353713989257812
GS_AD_SH_050517_SCH_-500µm_001.tif,9,Sandeels,Ammodytes marinus,0.0012614381,0.8478975296020508
GS_AD_SH_050517_SCH_-500µm_001.tif,10,Sandeels,Ammodytes marinus,0.0013700482,0.8211860656738281
GS_AD_SH_050517_SCH_-500µm_001.tif,11,Sandeels,Hyperoplus lanceolatus,0.032210108,0.4182843863964081
GS_AD_SH_050517_SCH_-500µm_001.tif,12,Sandeels,Ammodytes marinus,0.0017228468,0.875316858291626
GS_AD_SH_050517_SCH_-500µm_001.tif,13,Sandeels,Ammodytes marinus,0.01125624,0.531103789806366
GS_AD_SH_050517_SCH_-500µm_001.tif,14,Sandeels,Ammodytes marinus,0.0013259748,0.8509993553161621
GS_AD_SH_050517_SCH_-500µm_001.tif,15,Sandeels,Ammodytes marinus,0.006638326,0.8252116441726685
GS_AD_SH_050517_SCH_-500µm_001.tif,16,Sandeels,Hyperoplus lanceolatus,0.0006723237,0.7754426002502441
GS_AD_SH_050517_SCH_-500µm_001.tif,17,Sandeels,Hyperoplus lanceolatus,0.0020810796,0.8692861795425415
GS_AD_SH_050517_SCH_-500µm_001.tif,18,Sandeels,Hyperoplus lanceolatus,0.001970769,0.7939881086349487
GS_AD_SH_050517_SCH_-500µm_001.tif,19,Sandeels,Ammodytes marinus,0.008598146,0.6583977937698364
GS_AD_SH_050517_SCH_-500µm_001.tif,20,Sandeels,Ammodytes marinus,0.003217645,0.8705547451972961
GS_AD_SH_050517_SCH_-500µm_001.tif,21,Sandeels,Ammodytes marinus,0.001951813,0.8661985397338867
GS_AD_SH_050517_SCH_-500µm_001.tif,22,Sandeels,Ammodytes marinus,0.008972551,0.7543289065361023
GS_AD_SH_050517_SCH_-500µm_001.tif,23,Sandeels,Ammodytes marinus,0.004203555,0.8723554015159607
GS_AD_SH_050517_SCH_-500µm_001.tif,24,Sandeels,Ammodytes marinus,0.0066353367,0.8402851819992065
GS_AD_SH_050517_SCH_-500µm_001.tif,25,Sandeels,Hyperoplus lanceolatus,0.0078042126,0.7591587901115417
GS_AD_SH_050517_SCH_-500µm_001.tif,26,Sandeels,Hyperoplus lanceolatus,0.0030442711,0.8251309394836426
GS_AD_SH_050517_SCH_-500µm_001.tif,27,Sandeels,Hyperoplus lanceolatus,0.014680171,0.8338409066200256
GS_AD_SH_050517_SCH_-500µm_001.tif,28,Sandeels,Ammodytes marinus,0.00046991085,0.5779899954795837
GS_AD_SH_050517_SCH_-500µm_002.tif,1,Sandeels,Ammodytes tobianus,0.21135251,0.5330621004104614
GS_AD_SH_050517_SCH_-500µm_002.tif,2,Sandeels,Hyperoplus lanceolatus,0.02185112,0.6625656485557556
GS_AD_SH_050517_SCH_-500µm_002.tif,3,Clupeids,Alosa fallax,0.8700516,0.5829832553863525
GS_AD_SH_050517_SCH_-500µm_002.tif,4,Clupeids,Sprattus sprattus,0.5845273,0.4812888205051422
GS_AD_SH_050517_SCH_-500µm_002.tif,5,Sandeels,Ammodytes tobianus,0.0625195,0.6974842548370361
GS_AD_SH_050517_SCH_-500µm_002.tif,6,Clupeids,Alosa fallax,0.93094814,0.6845588684082031
GS_AD_SH_050517_SCH_-500µm_002.tif,7,Sandeels,Ammodytes tobianus,0.3534805,0.4810347855091095
GS_AD_SH_050517_SCH_-500µm_002.tif,8,Sandeels,Hyperoplus lanceolatus,0.49945003,0.7758969664573669
GS_AD_SH_050517_SCH_-500µm_002.tif,9,Clupeids,Alosa fallax,0.95089215,0.6341109275817871
GS_AD_SH_050517_SCH_-500µm_002.tif,10,Clupeids,Alosa fallax,0.90483,0.7581220269203186
GS_AD_SH_050517_SCH_-500µm_002.tif,11,Sandeels,Ammodytes tobianus,0.036967505,0.6185113191604614
GS_AD_SH_050517_SCH_-500µm_002.tif,12,Clupeids,Alosa fallax,0.66137874,0.6949111223220825
GS_AD_SH_050517_SCH_-500µm_002.tif,13,Sandeels,Ammodytes tobianus,0.18366489,0.6056867837905884
GS_AD_SH_050517_SCH_-500µm_002.tif,14,Clupeids,Alosa fallax,0.994038,0.4369371235370636
GS_AD_SH_050517_SCH_-500µm_002.tif,15,Clupeids,Alosa fallax,0.67707163,0.6683546900749207
GS_AD_SH_050517_SCH_-500µm_002.tif,16,Clupeids,Alosa fallax,0.95879537,0.3901258111000061
GS_AD_SH_050517_SCH_-500µm_002.tif,17,Sandeels,Hyperoplus lanceolatus,0.22477451,0.5398240089416504
GS_AD_SH_050517_SCH_-500µm_002.tif,18,Clupeids,Alosa fallax,0.9394992,0.8050910830497742
GS_AD_SH_050517_SCH_-500µm_002.tif,19,Clupeids,Clupea harengus,0.9885999,0.3740207552909851
GS_AD_SH_050517_SCH_-500µm_002.tif,20,Clupeids,Alosa fallax,0.5911701,0.7632474303245544
GS_AD_SH_050517_SCH_-500µm_002.tif,21,Clupeids,Sprattus sprattus,0.6829063,0.44273677468299866
GS_AD_SH_050517_SCH_-500µm_002.tif,22,Clupeids,Sprattus sprattus,0.93994206,0.474360853433609
GS_AD_SH_050517_SCH_-500µm_002.tif,23,Sandeels,Ammodytes tobianus,0.24539697,0.5197649598121643
GS_AD_SH_050517_SCH_-500µm_002.tif,24,Clupeids,Alosa fallax,0.92222315,0.5736809968948364
GS_AD_SH_050517_SCH_-500µm_002.tif,25,Sandeels,Ammodytes tobianus,0.08337052,0.4781269431114197
GS_AD_SH_050517_SCH_-500µm_002.tif,26,Clupeids,Alosa fallax,0.88014597,0.5149372816085815
GS_AD_SH_050517_SCH_-500µm_002.tif,27,Sandeels,Hyperoplus lanceolatus,0.18962371,0.7421636581420898
GS_AD_SH_050517_SCH_-500µm_002.tif,28,Clupeids,Alosa fallax,0.9065841,0.612234354019165
GS_AD_SH_050517_SCH_-500µm_002.tif,29,Sandeels,Hyperoplus lanceolatus,0.026249206,0.7015583515167236
GS_AD_SH_050517_SCH_-500µm_002.tif,30,Clupeids,Alosa fallax,0.8986954,0.4601684808731079
GS_AD_SH_050517_SCH_-500µm_002.tif,31,Clupeids,Clupea harengus,0.87291694,0.3931657075881958
GS_AD_SH_050517_SCH_-500µm_002.tif,32,Sandeels,Hyperoplus lanceolatus,0.19392233,0.4672398865222931
GS_AD_SH_050517_SCH_-500µm_002.tif,33,Sandeels,Hyperoplus lanceolatus,0.23250945,0.4829505681991577
GS_AD_SH_050517_SCH_-500µm_002.tif,34,Clupeids,Alosa fallax,0.7109968,0.5155386924743652
GS_AD_SH_050517_SCH_-500µm_002.tif,35,Clupeids,Alosa fallax,0.6153835,0.4683212637901306
GS_AD_SH_050517_SCH_-500µm_002.tif,36,Sandeels,Hyperoplus lanceolatus,0.43586385,0.6751784682273865
GS_AD_SH_050517_SCH_-500µm_002.tif,37,Sandeels,Hyperoplus lanceolatus,0.09124732,0.6550514698028564
GS_AD_SH_050517_SCH_-500µm_003.tif,1,Sandeels,Ammodytes tobianus,0.37911454,0.60430908203125
GS_AD_SH_050517_SCH_-500µm_003.tif,2,Sandeels,Ammodytes tobianus,0.14238779,0.5348098278045654
GS_AD_SH_050517_SCH_-500µm_003.tif,3,Clupeids,Alosa fallax,0.8605604,0.5605087280273438
GS_AD_SH_050517_SCH_-500µm_003.tif,4,Sandeels,Ammodytes tobianus,0.14168042,0.5532234907150269
GS_AD_SH_050517_SCH_-500µm_003.tif,5,Clupeids,Clupea harengus,0.9952049,0.4313504695892334
GS_AD_SH_050517_SCH_-500µm_003.tif,6,Sandeels,Ammodytes marinus,0.2987046,0.5334419012069702
GS_AD_SH_050517_SCH_-500µm_003.tif,7,Sandeels,Ammodytes tobianus,0.0008149031,0.8309995532035828
GS_AD_SH_050517_SCH_-500µm_003.tif,8,Sandeels,Hyperoplus lanceolatus,0.23806109,0.5540768504142761
GS_AD_SH_050517_SCH_-500µm_003.tif,9,Clupeids,Sprattus sprattus,0.5867376,0.5588136315345764
GS_AD_SH_050517_SCH_-500µm_003.tif,10,Sandeels,Ammodytes tobianus,0.009035937,0.7570575475692749
GS_AD_SH_050517_SCH_-500µm_003.tif,11,Clupeids,Sprattus sprattus,0.9099874,0.557181179523468
GS_AD_SH_050517_SCH_-500µm_003.tif,12,Clupeids,Sprattus sprattus,0.9956657,0.6052736639976501
GS_AD_SH_050517_SCH_-500µm_003.tif,13,Clupeids,Clupea harengus,0.7652655,0.7479621767997742
GS_AD_SH_050517_SCH_-500µm_003.tif,14,Sandeels,Ammodytes tobianus,0.3730451,0.6324315667152405
GS_AD_SH_050517_SCH_-500µm_003.tif,15,Clupeids,Clupea harengus,0.94107354,0.7078115940093994
GS_AD_SH_050517_SCH_-500µm_003.tif,16,Clupeids,Sprattus sprattus,0.79986936,0.42695245146751404
GS_AD_SH_050517_SCH_-500µm_003.tif,17,Clupeids,Alosa fallax,0.9610768,0.7703084945678711
GS_AD_SH_050517_SCH_-500µm_003.tif,18,Clupeids,Clupea harengus,0.93345946,0.42454883456230164
GS_AD_SH_050517_SCH_-500µm_003.tif,19,Clupeids,Sprattus sprattus,0.97553545,0.5073978900909424
GS_AD_SH_050517_SCH_-500µm_003.tif,20,Clupeids,Sprattus sprattus,0.50037134,0.7244200110435486
GS_AD_SH_050517_SCH_-500µm_003.tif,21,Sandeels,Ammodytes marinus,0.17841843,0.5153290033340454
GS_AD_SH_050517_SCH_-500µm_003.tif,22,Sandeels,Ammodytes tobianus,0.056794398,0.6806326508522034
GS_AD_SH_050517_SCH_-500µm_003.tif,23,Clupeids,Alosa fallax,0.97243124,0.6514816880226135
GS_AD_SH_050517_SCH_-500µm_003.tif,24,Sandeels,Ammodytes tobianus,0.047077052,0.36425673961639404
GS_AD_SH_050517_SCH_-500µm_003.tif,25,Sandeels,Ammodytes marinus,0.1648534,0.5073242783546448
GS_AD_SH_050517_SCH_-500µm_003.tif,26,Clupeids,Alosa fallax,0.6863379,0.7134989500045776
GS_AD_SH_050517_SCH_-500µm_003.tif,27,Sandeels,Ammodytes tobianus,0.000967762,0.8213072419166565
GS_AD_SH_050517_SCH_-500µm_003.tif,28,Clupeids,Clupea harengus,0.9753769,0.804165780544281
GS_AD_SH_050517_SCH_-500µm_003.tif,29,Sandeels,Hyperoplus lanceolatus,0.23203194,0.5388458371162415
GS_AD_SH_050517_SCH_-500µm_003.tif,30,Clupeids,Alosa fallax,0.6377834,0.4984658360481262
GS_AD_SH_050517_SCH_-500µm_003.tif,31,Clupeids,Alosa fallax,0.8507639,0.45358985662460327
GS_AD_SH_050517_SCH_-500µm_003.tif,32,Clupeids,Alosa fallax,0.8496644,0.6977670192718506
GS_AD_SH_050517_SCH_-500µm_003.tif,33,Clupeids,Sprattus sprattus,0.94884425,0.4439351260662079
GS_AD_SH_050517_SCH_-500µm_003.tif,34,Sandeels,Ammodytes tobianus,0.0014399401,0.8347893357276917
GS_AD_SH_050517_SCH_-500µm_003.tif,35,Clupeids,Sprattus sprattus,0.9852557,0.4231001138687134
GS_AD_SH_050517_SCH_-500µm_003.tif,36,Sandeels,Hyperoplus lanceolatus,0.37753788,0.5975406765937805
GS_AD_SH_050517_SCH_-500µm_003.tif,37,Clupeids,Alosa fallax,0.54318947,0.4212418794631958
GS_AD_SH_050517_SCH_-500µm_003.tif,38,Clupeids,Alosa fallax,0.5223323,0.5271826982498169
GS_AD_SH_050517_SCH_-500µm_003.tif,39,Sandeels,Ammodytes tobianus,0.0028939396,0.7546103000640869
GS_AD_SH_050517_SCH_-500µm_003.tif,40,Sandeels,Ammodytes tobianus,0.12901327,0.6219343543052673
GS_AD_SH_050517_SCH_-500µm_003.tif,41,Clupeids,Alosa fallax,0.95677674,0.4029696583747864
GS_AD_SH_050517_SCH_-500µm_003.tif,42,Clupeids,Sprattus sprattus,0.7292126,0.4420430660247803
GS_AD_SH_050517_SCH_-500µm_003.tif,43,Clupeids,Alosa fallax,0.7263893,0.7505862712860107
GS_AD_SH_050517_SCH_-500µm_003.tif,44,Clupeids,Sprattus sprattus,0.93182147,0.4604650139808655
GS_AD_SH_050517_SCH_-500µm_003.tif,45,Sandeels,Ammodytes tobianus,0.01288788,0.7631822824478149
GS_AD_SH_050517_SCH_-500µm_003.tif,46,Clupeids,Alosa fallax,0.5117666,0.6201007962226868
GS_AD_SH_050517_SCH_-500µm_003.tif,47,Clupeids,Alosa fallax,0.9427315,0.6137480735778809
GS_AD_SH_050517_SCH_-500µm_003.tif,48,Clupeids,Alosa fallax,0.5999183,0.4757331311702728
GS_AD_SH_050517_SCH_-500µm_003.tif,49,Clupeids,Alosa fallax,0.79412055,0.44924065470695496
GS_AD_SH_050517_SCH_-500µm_004.tif,1,Sandeels,Ammodytes tobianus,0.06259878,0.7302240133285522
GS_AD_SH_050517_SCH_-500µm_004.tif,2,Clupeids,Sprattus sprattus,0.73481846,0.5131588578224182
GS_AD_SH_050517_SCH_-500µm_004.tif,3,Clupeids,Alosa fallax,0.9224009,0.4653535485267639
GS_AD_SH_050517_SCH_-500µm_004.tif,4,Clupeids,Sprattus sprattus,0.9943323,0.842923104763031
GS_AD_SH_050517_SCH_-500µm_004.tif,5,Sandeels,Ammodytes tobianus,0.0032234937,0.7753737568855286
GS_AD_SH_050517_SCH_-500µm_004.tif,6,Clupeids,Alosa fallax,0.89636934,0.5655251145362854
GS_AD_SH_050517_SCH_-500µm_004.tif,7,Clupeids,Alosa fallax,0.95009834,0.5224701762199402
GS_AD_SH_050517_SCH_-500µm_004.tif,8,Clupeids,Alosa fallax,0.9321361,0.6265853047370911
GS_AD_SH_050517_SCH_-500µm_004.tif,9,Sandeels,Ammodytes tobianus,0.0034132218,0.8135576248168945
GS_AD_SH_050517_SCH_-500µm_004.tif,10,Clupeids,Alosa fallax,0.5938889,0.5304126143455505
GS_AD_SH_050517_SCH_-500µm_004.tif,11,Sandeels,Hyperoplus lanceolatus,0.25012034,0.4720832109451294
GS_AD_SH_050517_SCH_-500µm_004.tif,12,Clupeids,Sprattus sprattus,0.96889585,0.5707576870918274
GS_AD_SH_050517_SCH_-500µm_004.tif,13,Sandeels,Ammodytes tobianus,0.003859215,0.8211804628372192
GS_AD_SH_050517_SCH_-500µm_004.tif,14,Clupeids,Alosa fallax,0.95609945,0.5171999931335449
GS_AD_SH_050517_SCH_-500µm_004.tif,15,Sandeels,Ammodytes marinus,0.44309008,0.43712496757507324
GS_AD_SH_050517_SCH_-500µm_004.tif,16,Sandeels,Hyperoplus lanceolatus,0.49793184,0.41798651218414307
GS_AD_SH_050517_SCH_-500µm_004.tif,17,Sandeels,Hyperoplus lanceolatus,0.4319303,0.5856994390487671
GS_AD_SH_050517_SCH_-500µm_004.tif,18,Sandeels,Hyperoplus lanceolatus,0.025254183,0.43146762251853943
GS_AD_SH_050517_SCH_-500µm_004.tif,19,Sandeels,Ammodytes tobianus,0.024654815,0.6696392297744751
GS_AD_SH_050517_SCH_-500µm_004.tif,20,Clupeids,Clupea harengus,0.97037,0.49441441893577576
GS_AD_SH_050517_SCH_-500µm_004.tif,21,Sandeels,Hyperoplus lanceolatus,0.048335478,0.6173203587532043
GS_AD_SH_050517_SCH_-500µm_004.tif,22,Clupeids,Alosa fallax,0.89628065,0.6369389295578003
GS_AD_SH_050517_SCH_-500µm_004.tif,23,Clupeids,Alosa fallax,0.86435324,0.5201204419136047
GS_AD_SH_050517_SCH_-500µm_004.tif,24,Clupeids,Clupea harengus,0.9917882,0.5738529562950134
GS_AD_SH_050517_SCH_-500µm_004.tif,25,Sandeels,Ammodytes tobianus,0.27181396,0.48352357745170593
GS_AD_SH_050517_SCH_-500µm_004.tif,26,Sandeels,Hyperoplus lanceolatus,0.23434867,0.5519655346870422
GS_AD_SH_050517_SCH_-500µm_004.tif,27,Sandeels,Ammodytes tobianus,0.0057564382,0.654579758644104
GS_AD_SH_050517_SCH_-500µm_004.tif,28,Sandeels,Hyperoplus lanceolatus,0.26995513,0.5566762685775757
GS_AD_SH_050517_SCH_-500µm_004.tif,29,Sandeels,Ammodytes tobianus,0.25875092,0.48255208134651184
GS_AD_SH_050517_SCH_-500µm_004.tif,30,Sandeels,Hyperoplus lanceolatus,0.023156786,0.6028716564178467
GS_AD_SH_050517_SCH_-500µm_004.tif,31,Sandeels,Hyperoplus lanceolatus,0.009452956,0.6051936745643616
GS_AD_SH_050517_SCH_-500µm_004.tif,32,Sandeels,Ammodytes tobianus,0.01640694,0.7907282710075378
GS_AD_SH_050517_SCH_-500µm_004.tif,33,Sandeels,Ammodytes tobianus,0.2931761,0.493388831615448
GS_AD_SH_050517_SCH_-500µm_004.tif,34,Sandeels,Ammodytes tobianus,0.4858821,0.48686155676841736
GS_AD_SH_050517_SCH_-500µm_004.tif,35,Clupeids,Alosa fallax,0.73966324,0.5429058074951172
GS_AD_SH_050517_SCH_-500µm_004.tif,36,Clupeids,Sprattus sprattus,0.8456391,0.4553418457508087
GS_AD_SH_050517_SCH_-500µm_004.tif,37,Clupeids,Alosa fallax,0.74400175,0.5573806166648865
GS_AD_SH_050517_SCH_-500µm_004.tif,38,Clupeids,Sprattus sprattus,0.6697881,0.43080636858940125
GS_AD_SH_050517_SCH_-500µm_004.tif,39,Sandeels,Ammodytes tobianus,0.047904946,0.7925537824630737
GS_AD_SH_050517_SCH_-500µm_004.tif,40,Sandeels,Hyperoplus lanceolatus,0.071497425,0.4845193326473236
GS_AD_SH_050517_SCH_-500µm_004.tif,41,Clupeids,Alosa fallax,0.7565986,0.4762662947177887
GS_AD_SH_050517_SCH_-500µm_004.tif,42,Sandeels,Ammodytes tobianus,0.3496186,0.5924740433692932
GS_AD_SH_050517_SCH_-500µm_004.tif,43,Sandeels,Ammodytes tobianus,0.06622705,0.6442791819572449
GS_AD_SH_050517_SCH_-500µm_004.tif,44,Clupeids,Alosa fallax,0.962226,0.6650119423866272
GS_AD_SH_050517_SCH_-500µm_004.tif,45,Clupeids,Alosa fallax,0.93471664,0.4772457778453827
GS_AD_SH_050517_SCH_-500µm_005.tif,1,Sandeels,Ammodytes tobianus,0.09969937,0.7942354083061218
GS_AD_SH_050517_SCH_-500µm_005.tif,2,Clupeids,Sprattus sprattus,0.6306721,0.7039594650268555
GS_AD_SH_050517_SCH_-500µm_005.tif,3,Sandeels,Hyperoplus lanceolatus,0.4609495,0.5857101678848267
GS_AD_SH_050517_SCH_-500µm_005.tif,4,Sandeels,Hyperoplus lanceolatus,0.0387508,0.5249804854393005
GS_AD_SH_050517_SCH_-500µm_005.tif,5,Sandeels,Hyperoplus lanceolatus,0.3051973,0.6637753248214722
GS_AD_SH_050517_SCH_-500µm_005.tif,6,Clupeids,Sprattus sprattus,0.8791085,0.6378856897354126
GS_AD_SH_050517_SCH_-500µm_005.tif,7,Clupeids,Alosa fallax,0.94304025,0.5705193877220154
GS_AD_SH_050517_SCH_-500µm_005.tif,8,Clupeids,Alosa fallax,0.941698,0.5294833183288574
GS_AD_SH_050517_SCH_-500µm_005.tif,9,Clupeids,Sprattus sprattus,0.96297044,0.4253745377063751
GS_AD_SH_050517_SCH_-500µm_005.tif,10,Clupeids,Alosa fallax,0.66781676,0.49584653973579407
GS_AD_SH_050517_SCH_-500µm_005.tif,11,Clupeids,Sprattus sprattus,0.7487556,0.618442177772522
GS_AD_SH_050517_SCH_-500µm_005.tif,12,Clupeids,Alosa fallax,0.9215081,0.5104030966758728
GS_AD_SH_050517_SCH_-500µm_005.tif,13,Clupeids,Alosa fallax,0.95629245,0.40169063210487366
GS_AD_SH_050517_SCH_-500µm_005.tif,14,Sandeels,Ammodytes tobianus,0.42887536,0.5699138045310974
GS_AD_SH_050517_SCH_-500µm_005.tif,15,Clupeids,Alosa fallax,0.75169563,0.6176838874816895
GS_AD_SH_050517_SCH_-500µm_005.tif,16,Clupeids,Sprattus sprattus,0.97213495,0.47953569889068604
GS_AD_SH_050517_SCH_-500µm_005.tif,17,Sandeels,Hyperoplus lanceolatus,0.031741433,0.7388198375701904
GS_AD_SH_050517_SCH_-500µm_005.tif,18,Clupeids,Sprattus sprattus,0.52176386,0.444888710975647
GS_AD_SH_050517_SCH_-500µm_005.tif,19,Sandeels,Ammodytes tobianus,0.41384807,0.5699184536933899
GS_AD_SH_050517_SCH_-500µm_005.tif,20,Clupeids,Alosa fallax,0.9083633,0.45240649580955505
GS_AD_SH_050517_SCH_-500µm_005.tif,21,Clupeids,Clupea harengus,0.97515285,0.565427303314209
GS_AD_SH_050517_SCH_-500µm_005.tif,22,Clupeids,Alosa fallax,0.5425727,0.570952832698822
GS_AD_SH_050517_SCH_-500µm_005.tif,23,Clupeids,Alosa fallax,0.8727615,0.47373849153518677
GS_AD_SH_050517_SCH_-500µm_005.tif,24,Clupeids,Alosa fallax,0.8411938,0.5499648451805115
GS_AD_SH_050517_SCH_-500µm_005.tif,25,Clupeids,Clupea harengus,0.79285204,0.7965261340141296
GS_AD_SH_050517_SCH_-500µm_005.tif,26,Clupeids,Alosa fallax,0.8711127,0.4843716621398926
GS_AD_SH_050517_SCH_-500µm_005.tif,27,Clupeids,Clupea harengus,0.7344936,0.59248948097229
GS_AD_SH_050517_SCH_-500µm_005.tif,28,Clupeids,Clupea harengus,0.7522701,0.611545741558075
GS_AD_SH_050517_SCH_-500µm_005.tif,29,Clupeids,Sprattus sprattus,0.94200224,0.43495774269104004
GS_AD_SH_050517_SCH_-500µm_005.tif,30,Sandeels,Ammodytes tobianus,0.069241025,0.6681503653526306
GS_AD_SH_050517_SCH_-500µm_005.tif,31,Clupeids,Alosa fallax,0.51942307,0.5101098418235779
GS_AD_SH_050517_SCH_-500µm_005.tif,32,Sandeels,Ammodytes tobianus,0.04491376,0.7178404927253723
GS_AD_SH_050517_SCH_-500µm_005.tif,33,Clupeids,Sprattus sprattus,0.67150563,0.4762243330478668
GS_AD_SH_050517_SCH_-500µm_005.tif,34,Sandeels,Ammodytes tobianus,0.009550934,0.6378374099731445
GS_AD_SH_050517_SCH_-500µm_005.tif,35,Clupeids,Sprattus sprattus,0.76491696,0.40500587224960327
GS_AD_SH_050517_SCH_-500µm_005.tif,36,Sandeels,Ammodytes tobianus,0.29927784,0.7719120979309082
GS_AD_SH_050517_SCH_-500µm_005.tif,37,Sandeels,Ammodytes tobianus,0.19055182,0.6319863796234131
GS_AD_SH_050517_SCH_-500µm_005.tif,38,Sandeels,Ammodytes tobianus,0.31661668,0.639118492603302
GS_AD_SH_050517_SCH_-500µm_005.tif,39,Sandeels,Ammodytes tobianus,0.16673309,0.6136319041252136
GS_AD_SH_050517_SCH_-500µm_005.tif,40,Clupeids,Alosa fallax,0.9381569,0.43029651045799255
GS_AD_SH_050517_SCH_-500µm_005.tif,41,Clupeids,Clupea harengus,0.85966504,0.47814634442329407
GS_AD_SH_050517_SCH_-500µm_005.tif,42,Sandeels,Ammodytes tobianus,0.16045494,0.6500597596168518
GS_AD_SH_050517_SCH_-500µm_005.tif,43,Sandeels,Ammodytes tobianus,0.024154289,0.7613056302070618
GS_AD_SH_050517_SCH_-500µm_005.tif,44,Sandeels,Ammodytes tobianus,0.361197,0.7051664590835571
GS_AD_SH_050517_SCH_-500µm_005.tif,45,Clupeids,Clupea harengus,0.85117424,0.4972793161869049
GS_AD_SH_050517_SCH_-500µm_005.tif,46,Clupeids,Clupea harengus,0.6646049,0.4973454177379608
GS_AD_SH_050517_SCH_-500µm_005.tif,47,Sandeels,Ammodytes tobianus,0.431222,0.6682481169700623
GS_AD_SH_050517_SCH_-500µm_005.tif,48,Clupeids,Clupea harengus,0.9834168,0.6749468445777893
GS_AD_SH_050517_SCH_-500µm_005.tif,49,Clupeids,Sprattus sprattus,0.8459526,0.4398078918457031
GS_AD_SH_050517_SCH_-500µm_006.tif,1,Sandeels,Hyperoplus lanceolatus,0.036893338,0.5687099099159241
GS_AD_SH_050517_SCH_-500µm_006.tif,2,Clupeids,Sprattus sprattus,0.9874791,0.7693347334861755
GS_AD_SH_050517_SCH_-500µm_006.tif,3,Clupeids,Sprattus sprattus,0.67275596,0.6394321918487549
GS_AD_SH_050517_SCH_-500µm_006.tif,4,Sandeels,Hyperoplus lanceolatus,0.051788796,0.8332631587982178
GS_AD_SH_050517_SCH_-500µm_006.tif,5,Clupeids,Alosa fallax,0.8351765,0.6501071453094482
GS_AD_SH_050517_SCH_-500µm_006.tif,6,Clupeids,Alosa fallax,0.8515879,0.5017289519309998
GS_AD_SH_050517_SCH_-500µm_006.tif,7,Clupeids,Alosa fallax,0.82090014,0.6652479767799377
GS_AD_SH_050517_SCH_-500µm_006.tif,8,Sandeels,Hyperoplus lanceolatus,0.40864727,0.8475809693336487
GS_AD_SH_050517_SCH_-500µm_006.tif,9,Clupeids,Alosa fallax,0.9735718,0.5383589267730713
GS_AD_SH_050517_SCH_-500µm_006.tif,10,Clupeids,Clupea harengus,0.9687113,0.5781962871551514
GS_AD_SH_050517_SCH_-500µm_006.tif,11,Clupeids,Clupea harengus,0.9968053,0.581186830997467
GS_AD_SH_050517_SCH_-500µm_006.tif,12,Clupeids,Alosa fallax,0.9239768,0.5097824931144714
GS_AD_SH_050517_SCH_-500µm_006.tif,13,Sandeels,Hyperoplus lanceolatus,0.24209751,0.5545253157615662
GS_AD_SH_050517_SCH_-500µm_006.tif,14,Sandeels,Ammodytes tobianus,0.3898104,0.5092287659645081
GS_AD_SH_050517_SCH_-500µm_006.tif,15,Clupeids,Alosa fallax,0.9017188,0.44257652759552
GS_AD_SH_050517_SCH_-500µm_006.tif,16,Clupeids,Clupea harengus,0.9235348,0.6455854177474976
GS_AD_SH_050517_SCH_-500µm_006.tif,17,Clupeids,Alosa fallax,0.90490836,0.5370941758155823
GS_AD_SH_050517_SCH_-500µm_006.tif,18,Sandeels,Ammodytes tobianus,0.3811756,0.5803303718566895
GS_AD_SH_050517_SCH_-500µm_006.tif,19,Clupeids,Alosa fallax,0.90661347,0.5219277143478394
GS_AD_SH_050517_SCH_-500µm_006.tif,20,Clupeids,Sprattus sprattus,0.9834131,0.5206887125968933
GS_AD_SH_050517_SCH_-500µm_006.tif,21,Sandeels,Ammodytes tobianus,0.4829487,0.5609980225563049
GS_AD_SH_050517_SCH_-500µm_006.tif,22,Clupeids,Alosa fallax,0.8751768,0.717181921005249
GS_AD_SH_050517_SCH_-500µm_006.tif,23,Sandeels,Ammodytes tobianus,0.34541118,0.4623834192752838
GS_AD_SH_050517_SCH_-500µm_006.tif,24,Clupeids,Alosa fallax,0.97862715,0.45475563406944275
GS_AD_SH_050517_SCH_-500µm_006.tif,25,Sandeels,Ammodytes tobianus,0.023410087,0.6922518014907837
GS_AD_SH_050517_SCH_-500µm_006.tif,26,Sandeels,Ammodytes tobianus,0.27591574,0.4993155300617218
GS_AD_SH_050517_SCH_-500µm_006.tif,27,Sandeels,Hyperoplus lanceolatus,0.40554205,0.810715913772583
GS_AD_SH_050517_SCH_-500µm_006.tif,28,Sandeels,Hyperoplus lanceolatus,0.4932879,0.5382333397865295
GS_AD_SH_050517_SCH_-500µm_006.tif,29,Sandeels,Ammodytes tobianus,0.0136205405,0.7741210460662842
GS_AD_SH_050517_SCH_-500µm_006.tif,30,Clupeids,Alosa fallax,0.92817974,0.5321926474571228
GS_AD_SH_050517_SCH_-500µm_006.tif,31,Clupeids,Alosa fallax,0.84967506,0.42763596773147583
GS_AD_SH_050517_SCH_-500µm_006.tif,32,Clupeids,Clupea harengus,0.8940063,0.8163361549377441
GS_AD_SH_050517_SCH_-500µm_006.tif,33,Sandeels,Ammodytes tobianus,0.35669273,0.7105488777160645
GS_AD_SH_050517_SCH_-500µm_006.tif,34,Clupeids,Alosa fallax,0.85562634,0.40171030163764954
GS_AD_SH_050517_SCH_-500µm_006.tif,35,Clupeids,Alosa fallax,0.78100723,0.39485272765159607
GS_AD_SH_050517_SCH_-500µm_006.tif,36,Sandeels,Ammodytes tobianus,0.0013227881,0.8164182901382446
GS_AD_SH_050517_SCH_-500µm_006.tif,37,Sandeels,Hyperoplus lanceolatus,0.014812453,0.5064181089401245
GS_AD_SH_050517_SCH_-500µm_006.tif,38,Clupeids,Sprattus sprattus,0.5599173,0.40953776240348816
GS_AD_SH_050517_SCH_-500µm_006.tif,39,Sandeels,Ammodytes tobianus,0.2930653,0.7402037978172302
GS_AD_SH_050517_SCH_-500µm_006.tif,40,Clupeids,Alosa fallax,0.88938123,0.41321861743927
GS_AD_SH_050517_SCH_-500µm_006.tif,41,Clupeids,Alosa fallax,0.99226344,0.9030227065086365
GS_AD_SH_050517_SCH_-500µm_006.tif,42,Clupeids,Alosa fallax,0.9566075,0.557704508304596
GS_AD_SH_050517_SCH_-500µm_006.tif,43,Sandeels,Ammodytes tobianus,0.0006867167,0.8775914311408997
GS_AD_SH_050517_SCH_-500µm_006.tif,44,Sandeels,Hyperoplus lanceolatus,0.43589666,0.4942058026790619
GS_AD_SH_050517_SCH_-500µm_006.tif,45,Sandeels,Hyperoplus lanceolatus,0.10106702,0.8091111779212952
GS_AD_SH_050517_SCH_-500µm_006.tif,46,Sandeels,Hyperoplus lanceolatus,0.4974142,0.7068421244621277
GS_AD_SH_050517_SCH_-500µm_006.tif,47,Sandeels,Hyperoplus lanceolatus,0.34405068,0.6719107627868652
GS_AD_SH_050517_SCH_-500µm_007.tif,1,Sandeels,Hyperoplus lanceolatus,0.11695535,0.6732136011123657
GS_AD_SH_050517_SCH_-500µm_007.tif,2,Sandeels,Hyperoplus lanceolatus,0.0013461168,0.5162647366523743
GS_AD_SH_050517_SCH_-500µm_007.tif,3,Sandeels,Hyperoplus lanceolatus,0.0014020356,0.8588365912437439
GS_AD_SH_050517_SCH_-500µm_007.tif,4,Sandeels,Hyperoplus lanceolatus,0.0007084797,0.47795215249061584
GS_AD_SH_050517_SCH_-500µm_007.tif,5,Sandeels,Ammodytes marinus,0.00050687796,0.4374186396598816
GS_AD_SH_050517_SCH_-500µm_007.tif,6,Sandeels,Hyperoplus lanceolatus,0.010653375,0.8084217309951782
GS_AD_SH_050517_SCH_-500µm_007.tif,7,Sandeels,Hyperoplus lanceolatus,0.0062346556,0.8103090524673462
GS_AD_SH_050517_SCH_-500µm_007.tif,8,Clupeids,Sprattus sprattus,0.5271145,0.6502076387405396
GS_AD_SH_050517_SCH_-500µm_007.tif,9,Sandeels,Hyperoplus lanceolatus,0.0013377162,0.805519700050354
GS_AD_SH_050517_SCH_-500µm_007.tif,10,Sandeels,Ammodytes tobianus,0.0063053234,0.42647209763526917
GS_AD_SH_050517_SCH_-500µm_007.tif,11,Sandeels,Ammodytes tobianus,0.0027723378,0.5810396671295166
GS_AD_SH_050517_SCH_-500µm_007.tif,12,Sandeels,Hyperoplus lanceolatus,0.0037714897,0.575887143611908
GS_AD_SH_050517_SCH_-500µm_007.tif,13,Sandeels,Hyperoplus lanceolatus,0.0014503497,0.426380455493927
GS_AD_SH_050517_SCH_-500µm_007.tif,14,Sandeels,Hyperoplus lanceolatus,0.055095453,0.8984495401382446
GS_AD_SH_050517_SCH_-500µm_007.tif,15,Sandeels,Hyperoplus lanceolatus,0.0011474354,0.7296610474586487
GS_AD_SH_050517_SCH_-500µm_007.tif,16,Sandeels,Ammodytes marinus,0.001881104,0.6120837926864624
GS_AD_SH_050517_SCH_-500µm_007.tif,17,Sandeels,Ammodytes tobianus,0.00043537276,0.8321916460990906
GS_AD_SH_050517_SCH_-500µm_007.tif,18,Sandeels,Hyperoplus lanceolatus,0.001989757,0.5636972188949585
GS_AD_SH_050517_SCH_-500µm_007.tif,19,Sandeels,Ammodytes tobianus,0.02687259,0.4450402855873108
GS_AD_SH_050517_SCH_-500µm_007.tif,20,Sandeels,Hyperoplus lanceolatus,0.0063862964,0.8327199816703796
GS_AD_SH_050517_SCH_-500µm_007.tif,21,Sandeels,Hyperoplus lanceolatus,0.3197194,0.7975829243659973
GS_AD_SH_050517_SCH_-500µm_007.tif,22,Sandeels,Hyperoplus lanceolatus,0.0035102123,0.8945772051811218
GS_AD_SH_050517_SCH_-500µm_007.tif,23,Sandeels,Hyperoplus lanceolatus,0.0024531202,0.5505166053771973
GS_AD_SH_050517_SCH_-500µm_007.tif,24,Sandeels,Hyperoplus lanceolatus,0.015832799,0.8997870087623596
GS_AD_SH_050517_SCH_-500µm_007.tif,25,Sandeels,Hyperoplus lanceolatus,0.010496537,0.8313714861869812
GS_AD_SH_050517_SCH_-500µm_007.tif,26,Sandeels,Hyperoplus lanceolatus,0.011217227,0.8533807396888733
GS_AD_SH_050517_SCH_-500µm_007.tif,27,Sandeels,Hyperoplus lanceolatus,0.059417013,0.476510614156723
GS_AD_SH_050517_SCH_-500µm_007.tif,28,Sandeels,Hyperoplus lanceolatus,0.017568495,0.870582103729248
GS_AD_SH_050517_SCH_-500µm_007.tif,29,Sandeels,Hyperoplus lanceolatus,0.02851038,0.8667426705360413
GS_AD_SH_050517_SCH_-500µm_007.tif,30,Sandeels,Hyperoplus lanceolatus,0.0043051746,0.6425173282623291
GS_AD_SH_050517_SCH_-500µm_007.tif,31,Sandeels,Hyperoplus lanceolatus,0.39953724,0.4218856394290924
GS_AD_SH_050517_SCH_-500µm_007.tif,32,Sandeels,Hyperoplus lanceolatus,0.008273456,0.8744648098945618
GS_AD_SH_050517_SCH_-500µm_008.tif,1,Sandeels,Hyperoplus lanceolatus,0.037245106,0.8936291933059692
GS_AD_SH_050517_SCH_-500µm_008.tif,2,Sandeels,Ammodytes tobianus,0.012372429,0.6714502573013306
GS_AD_SH_050517_SCH_-500µm_008.tif,3,Clupeids,Clupea harengus,0.6704628,0.42258602380752563
GS_AD_SH_050517_SCH_-500µm_008.tif,4,Sandeels,Hyperoplus lanceolatus,0.001255198,0.6522184610366821
GS_AD_SH_050517_SCH_-500µm_008.tif,5,Sandeels,Hyperoplus lanceolatus,0.0019607663,0.7021344304084778
GS_AD_SH_050517_SCH_-500µm_008.tif,6,Sandeels,Hyperoplus lanceolatus,0.01850701,0.8407918214797974
GS_AD_SH_050517_SCH_-500µm_008.tif,7,Sandeels,Hyperoplus lanceolatus,0.003377731,0.724670946598053
GS_AD_SH_050517_SCH_-500µm_008.tif,8,Sandeels,Hyperoplus lanceolatus,0.20554611,0.6341636776924133
GS_AD_SH_050517_SCH_-500µm_008.tif,9,Sandeels,Hyperoplus lanceolatus,0.054041848,0.8794846534729004
GS_AD_SH_050517_SCH_-500µm_008.tif,10,Sandeels,Hyperoplus lanceolatus,0.17876719,0.845732569694519
GS_AD_SH_050517_SCH_-500µm_008.tif,11,Sandeels,Hyperoplus lanceolatus,0.022512201,0.8800670504570007
GS_AD_SH_050517_SCH_-500µm_008.tif,12,Sandeels,Hyperoplus lanceolatus,0.011526352,0.9145219326019287
GS_AD_SH_050517_SCH_-500µm_008.tif,13,Sandeels,Ammodytes tobianus,0.0029877678,0.7599374651908875
GS_AD_SH_050517_SCH_-500µm_008.tif,14,Sandeels,Hyperoplus lanceolatus,0.0018259161,0.8783086538314819
GS_AD_SH_050517_SCH_-500µm_008.tif,15,Sandeels,Hyperoplus lanceolatus,0.004108981,0.8069880604743958
GS_AD_SH_050517_SCH_-500µm_008.tif,16,Sandeels,Ammodytes tobianus,0.0004553786,0.48478829860687256
GS_AD_SH_050517_SCH_-500µm_008.tif,17,Sandeels,Hyperoplus lanceolatus,0.0015130233,0.6335132718086243
GS_AD_SH_050517_SCH_-500µm_008.tif,18,Sandeels,Ammodytes tobianus,0.04125105,0.64520663022995
GS_AD_SH_050517_SCH_-500µm_008.tif,19,Sandeels,Ammodytes tobianus,0.00081810355,0.8731877207756042
GS_AD_SH_050517_SCH_-500µm_008.tif,20,Sandeels,Ammodytes tobianus,0.33024698,0.7590173482894897
GS_AD_SH_050517_SCH_-500µm_009.tif,1,Clupeids,Sprattus sprattus,0.7198769,0.44740697741508484
GS_AD_SH_050517_SCH_-500µm_009.tif,2,Clupeids,Clupea harengus,0.9950299,0.7394718527793884
GS_AD_SH_050517_SCH_-500µm_009.tif,3,Sandeels,Ammodytes tobianus,0.061096214,0.8952199220657349
GS_AD_SH_050517_SCH_-500µm_009.tif,4,Clupeids,Sprattus sprattus,0.9319494,0.5319840908050537
GS_AD_SH_050517_SCH_-500µm_009.tif,5,Clupeids,Clupea harengus,0.8318146,0.705818235874176
GS_AD_SH_050517_SCH_-500µm_009.tif,6,Clupeids,Sprattus sprattus,0.9847655,0.5164223909378052
GS_AD_SH_050517_SCH_-500µm_009.tif,7,Clupeids,Clupea harengus,0.875525,0.7315651178359985
GS_AD_SH_050517_SCH_-500µm_009.tif,8,Clupeids,Clupea harengus,0.86299497,0.7632067203521729
GS_AD_SH_050517_SCH_-500µm_009.tif,9,Clupeids,Sprattus sprattus,0.6288459,0.45653292536735535
GS_AD_SH_050517_SCH_-500µm_009.tif,10,Sandeels,Ammodytes tobianus,0.017737804,0.5002042651176453
GS_AD_SH_050517_SCH_-500µm_009.tif,11,Sandeels,Ammodytes marinus,0.038978502,0.3811219036579132
GS_AD_SH_050517_SCH_-500µm_009.tif,12,Clupeids,Alosa fallax,0.761171,0.4676593542098999
GS_AD_SH_050517_SCH_-500µm_009.tif,13,Clupeids,Sprattus sprattus,0.9869183,0.5376245379447937
GS_AD_SH_050517_SCH_-500µm_009.tif,14,Clupeids,Sprattus sprattus,0.89416224,0.7391796708106995
GS_AD_SH_050517_SCH_-500µm_009.tif,15,Sandeels,Ammodytes tobianus,0.09197012,0.8373479843139648
GS_AD_SH_050517_SCH_-500µm_009.tif,16,Clupeids,Clupea harengus,0.7984788,0.44707128405570984
GS_AD_SH_050517_SCH_-500µm_009.tif,17,Clupeids,Clupea harengus,0.9957153,0.8367922306060791
GS_AD_SH_050517_SCH_-500µm_009.tif,18,Clupeids,Alosa fallax,0.9109575,0.3965788781642914
GS_AD_SH_050517_SCH_-500µm_009.tif,19,Clupeids,Clupea harengus,0.98947185,0.4899190664291382
GS_AD_SH_050517_SCH_-500µm_009.tif,20,Sandeels,Hyperoplus lanceolatus,0.04723291,0.38560453057289124
GS_AD_SH_050517_SCH_-500µm_009.tif,21,Sandeels,Ammodytes marinus,0.3572459,0.44512680172920227
GS_AD_SH_050517_SCH_-500µm_009.tif,22,Clupeids,Sprattus sprattus,0.624849,0.6119027733802795
GS_AD_SH_050517_SCH_-500µm_009.tif,23,Clupeids,Sprattus sprattus,0.9717439,0.49651840329170227
GS_AD_SH_050517_SCH_-500µm_009.tif,24,Clupeids,Alosa fallax,0.79099625,0.5986437201499939
GS_AD_SH_050517_SCH_-500µm_009.tif,25,Sandeels,Ammodytes tobianus,0.20862181,0.6266577243804932
GS_AD_SH_050517_SCH_-500µm_009.tif,26,Sandeels,Hyperoplus lanceolatus,0.06484644,0.8382839560508728
GS_AD_SH_050517_SCH_-500µm_009.tif,27,Clupeids,Sprattus sprattus,0.8553456,0.5661707520484924
GS_AD_SH_050517_SCH_-500µm_009.tif,28,Sandeels,Ammodytes tobianus,0.0044707563,0.7142192721366882
GS_AD_SH_050517_SCH_-500µm_009.tif,29,Sandeels,Ammodytes tobianus,0.0014308079,0.7937039136886597
GS_AD_SH_050517_SCH_-500µm_009.tif,30,Sandeels,Ammodytes tobianus,0.001103683,0.784573495388031
GS_AD_SH_050517_SCH_-500µm_009.tif,31,Clupeids,Clupea harengus,0.54921395,0.44257864356040955
GS_AD_SH_050517_SCH_-500µm_009.tif,32,Sandeels,Ammodytes tobianus,0.04077781,0.5767057538032532
GS_AD_SH_050517_SCH_-500µm_010.tif,1,Sandeels,Ammodytes marinus,0.0017269513,0.8750931620597839
GS_AD_SH_050517_SCH_-500µm_010.tif,2,Sandeels,Hyperoplus lanceolatus,0.0074458453,0.446735680103302
GS_AD_SH_050517_SCH_-500µm_010.tif,3,Sandeels,Hyperoplus lanceolatus,0.071206056,0.8623468279838562
GS_AD_SH_050517_SCH_-500µm_011.tif,1,Clupeids,Sprattus sprattus,0.9389159,0.6754703521728516
GS_AD_SH_050517_SCH_-500µm_011.tif,2,Clupeids,Clupea harengus,0.96834576,0.5393587350845337
GS_AD_SH_050517_SCH_-500µm_011.tif,3,Clupeids,Sprattus sprattus,0.66743064,0.37024396657943726
GS_AD_SH_050517_SCH_-500µm_011.tif,4,Sandeels,Ammodytes tobianus,0.0040804297,0.7653902173042297
GS_AD_SH_050517_SCH_-500µm_011.tif,5,Sandeels,Ammodytes tobianus,0.20377064,0.7918357849121094
GS_AD_SH_050517_SCH_-500µm_011.tif,6,Clupeids,Clupea harengus,0.9900821,0.5064467191696167
GS_AD_SH_050517_SCH_-500µm_011.tif,7,Sandeels,Ammodytes tobianus,0.0013342255,0.8083929419517517
GS_AD_SH_050517_SCH_-500µm_011.tif,8,Sandeels,Hyperoplus lanceolatus,0.0025033036,0.5795185565948486
GS_AD_SH_050517_SCH_-500µm_011.tif,9,Clupeids,Clupea harengus,0.705252,0.7001600861549377
GS_AD_SH_050517_SCH_-500µm_011.tif,10,Clupeids,Clupea harengus,0.6602723,0.4431576728820801
GS_AD_SH_050517_SCH_-500µm_011.tif,11,Sandeels,Ammodytes tobianus,0.009087961,0.5165060758590698
GS_AD_SH_050517_SCH_-500µm_011.tif,12,Clupeids,Clupea harengus,0.9671865,0.48199355602264404
GS_AD_SH_050517_SCH_-500µm_011.tif,13,Sandeels,Hyperoplus lanceolatus,0.25458434,0.837838888168335
GS_AD_SH_050517_SCH_-500µm_011.tif,14,Sandeels,Ammodytes tobianus,0.36141866,0.8714861273765564
GS_AD_SH_050517_SCH_-500µm_011.tif,15,Sandeels,Ammodytes tobianus,0.16766724,0.49873238801956177
GS_AD_SH_050517_SCH_-500µm_011.tif,16,Sandeels,Ammodytes tobianus,0.0016754518,0.8378422260284424
GS_AD_SH_050517_SCH_-500µm_011.tif,17,Sandeels,Hyperoplus lanceolatus,0.44617313,0.8413730263710022
GS_AD_SH_050517_SCH_-500µm_011.tif,18,Clupeids,Sprattus sprattus,0.7722906,0.49452945590019226
GS_AD_SH_050517_SCH_-500µm_011.tif,19,Clupeids,Clupea harengus,0.7263634,0.5983854532241821
GS_AD_SH_050517_SCH_-500µm_011.tif,20,Clupeids,Sprattus sprattus,0.9711306,0.7153967618942261
GS_AD_SH_050517_SCH_-500µm_011.tif,21,Clupeids,Clupea harengus,0.9065842,0.3779228925704956
GS_AD_SH_050517_SCH_-500µm_011.tif,22,Sandeels,Ammodytes tobianus,0.12769349,0.6061707735061646
GS_AD_SH_050517_SCH_-500µm_011.tif,23,Clupeids,Sprattus sprattus,0.92999667,0.6432929039001465
GS_AD_SH_050517_SCH_-500µm_011.tif,24,Clupeids,Sprattus sprattus,0.894462,0.564931333065033
GS_AD_SH_050517_SCH_-500µm_011.tif,25,Sandeels,Ammodytes tobianus,0.001371383,0.7702056169509888
GS_AD_SH_050517_SCH_-500µm_011.tif,26,Clupeids,Sprattus sprattus,0.9835222,0.35454311966896057
GS_AD_SH_050517_SCH_-500µm_011.tif,27,Clupeids,Clupea harengus,0.7180464,0.6878527402877808
GS_AD_SH_050517_SCH_-500µm_011.tif,28,Clupeids,Clupea harengus,0.66896164,0.5780413746833801
GS_AD_SH_050517_SCH_-500µm_011.tif,29,Clupeids,Clupea harengus,0.6694334,0.6060646176338196
GS_AD_SH_050517_SCH_-500µm_011.tif,30,Sandeels,Ammodytes tobianus,0.38374028,0.6865966320037842
GS_AD_SH_050517_SCH_-500µm_011.tif,31,Clupeids,Sprattus sprattus,0.7881281,0.4979300796985626
GS_AD_SH_050517_SCH_-500µm_011.tif,32,Clupeids,Sprattus sprattus,0.9598691,0.6637582182884216
GS_AD_SH_050517_SCH_-500µm_011.tif,33,Clupeids,Alosa fallax,0.9800147,0.6308728456497192
GS_AD_SH_050517_SCH_-500µm_011.tif,34,Clupeids,Sprattus sprattus,0.9467082,0.3993978798389435
GS_AD_SH_050517_SCH_-500µm_011.tif,35,Sandeels,Hyperoplus lanceolatus,0.40679154,0.7922245860099792
GS_AD_SH_050517_SCH_-500µm_011.tif,36,Clupeids,Alosa fallax,0.8881411,0.5564377903938293
GS_AD_SH_050517_SCH_-500µm_011.tif,37,Sandeels,Hyperoplus lanceolatus,0.42451313,0.7300173044204712
GS_AD_SH_050517_SCH_-500µm_011.tif,38,Sandeels,Ammodytes tobianus,0.21657923,0.43221139907836914
GS_AD_SH_050517_SCH_-500µm_011.tif,39,Clupeids,Alosa fallax,0.9166622,0.3611658215522766
GS_AD_SH_050517_SCH_-500µm_011.tif,40,Clupeids,Clupea harengus,0.530284,0.4433547556400299
GS_AD_SH_050517_SCH_-500µm_011.tif,41,Clupeids,Clupea harengus,0.9895522,0.4192417860031128
GS_AD_SH_050517_SCH_-500µm_011.tif,42,Clupeids,Clupea harengus,0.69339067,0.6467961072921753
GS_AD_SH_050517_SCH_-500µm_011.tif,43,Clupeids,Clupea harengus,0.95477974,0.4434284269809723
GS_AD_SH_050517_SCH_-500µm_011.tif,44,Sandeels,Hyperoplus lanceolatus,0.108997114,0.7481586933135986
GS_AD_SH_050517_SCH_-500µm_011.tif,45,Sandeels,Ammodytes tobianus,0.19313988,0.5043449997901917
GS_AD_SH_050517_SCH_-500µm_011.tif,46,Clupeids,Clupea harengus,0.86836076,0.4774944484233856
GS_AD_SH_050517_SCH_-500µm_011.tif,47,Sandeels,Hyperoplus lanceolatus,0.06321784,0.44298264384269714
GS_AD_SH_050517_SCH_-500µm_011.tif,48,Sandeels,Ammodytes tobianus,0.1834671,0.6943782567977905
GS_AD_SH_050517_SCH_-500µm_011.tif,49,Sandeels,Hyperoplus lanceolatus,0.10380058,0.8967165946960449
GS_AD_SH_050517_SCH_-500µm_011.tif,50,Sandeels,Ammodytes tobianus,0.13817109,0.6011766791343689
GS_AD_SH_050517_SCH_-500µm_011.tif,51,Clupeids,Clupea harengus,0.5792944,0.6531588435173035
GS_AD_SH_050517_SCH_-500µm_011.tif,52,Sandeels,Hyperoplus lanceolatus,0.053948123,0.846267819404602
GS_AD_SH_050517_SCH_-500µm_011.tif,53,Sandeels,Hyperoplus lanceolatus,0.0155903725,0.7648091912269592
GS_AD_SH_050517_SCH_-500µm_012.tif,1,Sandeels,Hyperoplus lanceolatus,0.0780456,0.8202306628227234
GS_AD_SH_050517_SCH_-500µm_012.tif,2,Sandeels,Ammodytes tobianus,0.0014668425,0.8219736218452454
GS_AD_SH_050517_SCH_-500µm_012.tif,3,Sandeels,Ammodytes tobianus,0.004775367,0.7769330739974976
GS_AD_SH_050517_SCH_-500µm_012.tif,4,Sandeels,Ammodytes tobianus,0.008882162,0.7232755422592163
GS_AD_SH_050517_SCH_-500µm_012.tif,5,Clupeids,Alosa fallax,0.6982648,0.4651015102863312
GS_AD_SH_050517_SCH_-500µm_012.tif,6,Sandeels,Ammodytes tobianus,0.08993713,0.764842689037323
GS_AD_SH_050517_SCH_-500µm_012.tif,7,Clupeids,Sprattus sprattus,0.9890472,0.5885028839111328
GS_AD_SH_050517_SCH_-500µm_012.tif,8,Sandeels,Ammodytes tobianus,0.104535475,0.5763166546821594
GS_AD_SH_050517_SCH_-500µm_012.tif,9,Clupeids,Sprattus sprattus,0.91344905,0.4193631708621979
GS_AD_SH_050517_SCH_-500µm_012.tif,10,Sandeels,Ammodytes tobianus,0.0012640944,0.7904690504074097
GS_AD_SH_050517_SCH_-500µm_012.tif,11,Clupeids,Clupea harengus,0.9822311,0.7899683117866516
GS_AD_SH_050517_SCH_-500µm_012.tif,12,Sandeels,Ammodytes tobianus,0.0014788595,0.7791354060173035
GS_AD_SH_050517_SCH_-500µm_012.tif,13,Sandeels,Hyperoplus lanceolatus,0.21769585,0.4664880335330963
GS_AD_SH_050517_SCH_-500µm_012.tif,14,Clupeids,Clupea harengus,0.89318234,0.405622273683548
GS_AD_SH_050517_SCH_-500µm_012.tif,15,Clupeids,Alosa fallax,0.72550577,0.5677506327629089
GS_AD_SH_050517_SCH_-500µm_012.tif,16,Sandeels,Hyperoplus lanceolatus,0.045364637,0.7824801206588745
GS_AD_SH_050517_SCH_-500µm_012.tif,17,Sandeels,Ammodytes tobianus,0.006102387,0.7938297986984253
GS_AD_SH_050517_SCH_-500µm_012.tif,18,Clupeids,Clupea harengus,0.98592305,0.7401492595672607
GS_AD_SH_050517_SCH_-500µm_012.tif,19,Clupeids,Clupea harengus,0.9956132,0.7462169528007507
GS_AD_SH_050517_SCH_-500µm_012.tif,20,Sandeels,Hyperoplus lanceolatus,0.08466228,0.6734079122543335
GS_AD_SH_050517_SCH_-500µm_012.tif,21,Clupeids,Clupea harengus,0.945616,0.7592517137527466
GS_AD_SH_050517_SCH_-500µm_012.tif,22,Clupeids,Clupea harengus,0.7633504,0.5477138161659241
GS_AD_SH_050517_SCH_-500µm_012.tif,23,Clupeids,Clupea harengus,0.9885035,0.37877345085144043
GS_AD_SH_050517_SCH_-500µm_012.tif,24,Sandeels,Ammodytes tobianus,0.102854155,0.6540651917457581
GS_AD_SH_050517_SCH_-500µm_012.tif,25,Sandeels,Ammodytes tobianus,0.002253084,0.7626347541809082
GS_AD_SH_050517_SCH_-500µm_012.tif,26,Sandeels,Ammodytes tobianus,0.0036487596,0.7707290649414062
GS_AD_SH_050517_SCH_-500µm_012.tif,27,Sandeels,Ammodytes tobianus,0.31874716,0.5418331623077393
GS_AD_SH_050517_SCH_-500µm_012.tif,28,Clupeids,Alosa fallax,0.95060027,0.44483059644699097
GS_AD_SH_050517_SCH_-500µm_012.tif,29,Clupeids,Alosa fallax,0.9131488,0.5316481590270996
GS_AD_SH_050517_SCH_-500µm_012.tif,30,Clupeids,Sprattus sprattus,0.97445154,0.499950647354126
GS_AD_SH_050517_SCH_-500µm_012.tif,31,Clupeids,Alosa fallax,0.654358,0.3606101870536804
GS_AD_SH_050517_SCH_-500µm_012.tif,32,Sandeels,Ammodytes tobianus,0.28570515,0.7480524778366089
GS_AD_SH_050517_SCH_-500µm_012.tif,33,Sandeels,Ammodytes tobianus,0.034170434,0.7418493628501892
GS_AD_SH_050517_SCH_-500µm_012.tif,34,Clupeids,Sprattus sprattus,0.82289547,0.516974925994873
GS_AD_SH_050517_SCH_-500µm_012.tif,35,Sandeels,Hyperoplus lanceolatus,0.111691155,0.47541654109954834
GS_AD_SH_050517_SCH_-500µm_012.tif,36,Clupeids,Sprattus sprattus,0.993836,0.7252925634384155
GS_AD_SH_050517_SCH_-500µm_012.tif,37,Clupeids,Alosa fallax,0.5862972,0.49010616540908813
GS_AD_SH_050517_SCH_-500µm_012.tif,38,Sandeels,Hyperoplus lanceolatus,0.10318873,0.4451482594013214
GS_AD_SH_050517_SCH_-500µm_012.tif,39,Sandeels,Ammodytes tobianus,0.10441149,0.47488805651664734
GS_AD_SH_050517_SCH_-500µm_012.tif,40,Sandeels,Hyperoplus lanceolatus,0.31725535,0.7724938988685608
GS_AD_SH_050517_SCH_-500µm_012.tif,41,Clupeids,Sprattus sprattus,0.92774856,0.40785253047943115
GS_AD_SH_050517_SCH_-500µm_012.tif,42,Sandeels,Ammodytes tobianus,0.002634142,0.7494003772735596
GS_AD_SH_050517_SCH_-500µm_013.tif,1,Sandeels,Hyperoplus lanceolatus,0.031276964,0.8776233196258545
GS_AD_SH_050517_SCH_-500µm_013.tif,2,Clupeids,Sprattus sprattus,0.5255944,0.5412281155586243
GS_AD_SH_050517_SCH_-500µm_013.tif,3,Clupeids,Sprattus sprattus,0.9875331,0.5928420424461365
GS_AD_SH_050517_SCH_-500µm_013.tif,4,Clupeids,Sprattus sprattus,0.7781935,0.5043107271194458
GS_AD_SH_050517_SCH_-500µm_013.tif,5,Sandeels,Hyperoplus lanceolatus,0.37141848,0.8938981890678406
GS_AD_SH_050517_SCH_-500µm_013.tif,6,Clupeids,Sprattus sprattus,0.99779224,0.5685699582099915
GS_AD_SH_050517_SCH_-500µm_013.tif,7,Clupeids,Sprattus sprattus,0.89856666,0.72477126121521
GS_AD_SH_050517_SCH_-500µm_013.tif,8,Sandeels,Ammodytes tobianus,0.1567781,0.5232752561569214
GS_AD_SH_050517_SCH_-500µm_013.tif,9,Clupeids,Alosa fallax,0.94207585,0.45040932297706604
GS_AD_SH_050517_SCH_-500µm_013.tif,10,Sandeels,Ammodytes tobianus,0.14554815,0.7398068904876709
GS_AD_SH_050517_SCH_-500µm_013.tif,11,Sandeels,Hyperoplus lanceolatus,0.02533929,0.841441810131073
GS_AD_SH_050517_SCH_-500µm_013.tif,12,Sandeels,Hyperoplus lanceolatus,0.056729566,0.9200482368469238
GS_AD_SH_050517_SCH_-500µm_013.tif,13,Sandeels,Hyperoplus lanceolatus,0.4098439,0.7273136973381042
GS_AD_SH_050517_SCH_-500µm_013.tif,14,Clupeids,Sprattus sprattus,0.5600303,0.47468599677085876
GS_AD_SH_050517_SCH_-500µm_013.tif,15,Sandeels,Ammodytes tobianus,0.13584366,0.5883212089538574
GS_AD_SH_050517_SCH_-500µm_013.tif,16,Clupeids,Sprattus sprattus,0.7248503,0.5347660779953003
GS_AD_SH_050517_SCH_-500µm_013.tif,17,Sandeels,Ammodytes tobianus,0.49476478,0.4787444472312927
GS_AD_SH_050517_SCH_-500µm_013.tif,18,Clupeids,Sprattus sprattus,0.9821961,0.4118328392505646
GS_AD_SH_050517_SCH_-500µm_013.tif,19,Clupeids,Sprattus sprattus,0.9925444,0.49323150515556335
GS_AD_SH_050517_SCH_-500µm_013.tif,20,Sandeels,Ammodytes tobianus,0.0050399974,0.6307912468910217
GS_AD_SH_050517_SCH_-500µm_013.tif,21,Sandeels,Ammodytes tobianus,0.015816655,0.8583625555038452
GS_AD_SH_050517_SCH_-500µm_013.tif,22,Sandeels,Ammodytes tobianus,0.35660952,0.7379114031791687
GS_AD_SH_050517_SCH_-500µm_013.tif,23,Clupeids,Sprattus sprattus,0.8663743,0.48379752039909363
GS_AD_SH_050517_SCH_-500µm_013.tif,24,Clupeids,Alosa fallax,0.96519506,0.7168091535568237
GS_AD_SH_050517_SCH_-500µm_013.tif,25,Sandeels,Hyperoplus lanceolatus,0.1316922,0.8509888648986816
GS_AD_SH_050517_SCH_-500µm_013.tif,26,Clupeids,Sprattus sprattus,0.973286,0.4833124577999115
GS_AD_SH_050517_SCH_-500µm_013.tif,27,Sandeels,Hyperoplus lanceolatus,0.4102402,0.5639156103134155
GS_AD_SH_050517_SCH_-500µm_013.tif,28,Sandeels,Hyperoplus lanceolatus,0.047871787,0.5494056344032288
GS_AD_SH_050517_SCH_-500µm_013.tif,29,Sandeels,Ammodytes tobianus,0.06760973,0.4765593409538269
GS_AD_SH_050517_SCH_-500µm_013.tif,30,Clupeids,Sprattus sprattus,0.98029894,0.7726089358329773
GS_AD_SH_050517_SCH_-500µm_013.tif,31,Clupeids,Sprattus sprattus,0.98678374,0.5942739248275757
GS_AD_SH_050517_SCH_-500µm_013.tif,32,Clupeids,Sprattus sprattus,0.9703499,0.8100669980049133
GS_AD_SH_050517_SCH_-500µm_013.tif,33,Clupeids,Sprattus sprattus,0.7024122,0.45459407567977905
GS_AD_SH_050517_SCH_-500µm_013.tif,34,Clupeids,Sprattus sprattus,0.9839586,0.8324633240699768
GS_AD_SH_050517_SCH_-500µm_013.tif,35,Clupeids,Sprattus sprattus,0.5663692,0.6142622232437134
GS_AD_SH_050517_SCH_-500µm_013.tif,36,Sandeels,Hyperoplus lanceolatus,0.03169011,0.6518112421035767
GS_AD_SH_050517_SCH_-500µm_013.tif,37,Sandeels,Ammodytes tobianus,0.07112948,0.4531131982803345
GS_AD_SH_050517_SCH_-500µm_013.tif,38,Clupeids,Sprattus sprattus,0.92957133,0.5085129737854004
GS_AD_SH_050517_SCH_-500µm_013.tif,39,Clupeids,Clupea harengus,0.6557625,0.5517165064811707
GS_AD_SH_050517_SCH_-500µm_013.tif,40,Sandeels,Ammodytes tobianus,0.19608003,0.8800148963928223
GS_AD_SH_050517_SCH_-500µm_013.tif,41,Clupeids,Clupea harengus,0.8649291,0.4286513328552246
GS_AD_SH_050517_SCH_-500µm_013.tif,42,Clupeids,Sprattus sprattus,0.9977482,0.7406852841377258
GS_AD_SH_050517_SCH_-500µm_013.tif,43,Clupeids,Sprattus sprattus,0.9156263,0.3902198374271393
GS_AD_SH_050517_SCH_-500µm_013.tif,44,Clupeids,Clupea harengus,0.9971794,0.5186689496040344
GS_AD_SH_050517_SCH_-500µm_013.tif,45,Sandeels,Hyperoplus lanceolatus,0.08546149,0.6430048942565918
GS_AD_SH_050517_SCH_-500µm_013.tif,46,Clupeids,Alosa fallax,0.93067384,0.5534337759017944
GS_AD_SH_050517_SCH_-500µm_013.tif,47,Clupeids,Sprattus sprattus,0.9977337,0.5833879113197327
GS_AD_SH_050517_SCH_-500µm_013.tif,48,Sandeels,Hyperoplus lanceolatus,0.25741223,0.5512927174568176
GS_AD_SH_050517_SCH_-500µm_013.tif,49,Clupeids,Sprattus sprattus,0.829841,0.6315078735351562
GS_AD_SH_050517_SCH_-500µm_013.tif,50,Clupeids,Sprattus sprattus,0.6319603,0.6193071603775024
GS_AD_SH_050517_SCH_-500µm_013.tif,51,Clupeids,Clupea harengus,0.8029437,0.4299912452697754
GS_AD_SH_050517_SCH_-500µm_013.tif,52,Sandeels,Ammodytes tobianus,0.0006417995,0.8594757318496704
GS_AD_SH_160517_SCH_+500 µm_001.tif,1,Sandeels,Ammodytes marinus,0.00061930576,0.819370687007904
GS_AD_SH_160517_SCH_+500 µm_001.tif,2,Sandeels,Ammodytes marinus,0.0032189512,0.8945568203926086
GS_AD_SH_160517_SCH_+500 µm_001.tif,3,Sandeels,Ammodytes marinus,0.0036218315,0.8750569224357605
GS_AD_SH_160517_SCH_+500 µm_001.tif,4,Sandeels,Ammodytes marinus,0.0028166706,0.8831413388252258
GS_AD_SH_160517_SCH_+500 µm_001.tif,5,Sandeels,Ammodytes marinus,0.0015634953,0.8830478191375732
GS_AD_SH_160517_SCH_+500 µm_001.tif,6,Sandeels,Ammodytes marinus,0.0009522398,0.8683712482452393
GS_AD_SH_160517_SCH_+500 µm_001.tif,7,Sandeels,Ammodytes marinus,0.0029277129,0.89049232006073
GS_AD_SH_160517_SCH_+500 µm_001.tif,8,Sandeels,Hyperoplus lanceolatus,0.0012010628,0.49036645889282227
GS_AD_SH_160517_SCH_+500 µm_001.tif,9,Sandeels,Ammodytes marinus,0.002904762,0.871881365776062
GS_AD_SH_160517_SCH_+500 µm_001.tif,10,Sandeels,Ammodytes marinus,0.0028358542,0.8953458666801453
GS_AD_SH_160517_SCH_+500 µm_001.tif,11,Sandeels,Ammodytes marinus,0.0015591483,0.8457204103469849
GS_AD_SH_160517_SCH_+500 µm_001.tif,12,Sandeels,Ammodytes marinus,0.0027338748,0.872465193271637
GS_AD_SH_160517_SCH_+500 µm_001.tif,13,Sandeels,Ammodytes marinus,0.0014453881,0.8961770534515381
GS_AD_SH_160517_SCH_+500 µm_001.tif,14,Sandeels,Ammodytes marinus,0.002755339,0.8710530996322632
GS_AD_SH_160517_SCH_+500 µm_001.tif,15,Sandeels,Hyperoplus lanceolatus,0.0028424705,0.5261008739471436
GS_AD_SH_160517_SCH_+500 µm_001.tif,16,Sandeels,Hyperoplus lanceolatus,0.004261728,0.6045496463775635
GS_AD_SH_160517_SCH_+500 µm_002.tif,1,Sandeels,Ammodytes marinus,0.0023750938,0.9106459021568298
GS_AD_SH_160517_SCH_+500 µm_002.tif,2,Sandeels,Ammodytes marinus,0.0014465022,0.8749884366989136
GS_AD_SH_160517_SCH_+500 µm_002.tif,3,Sandeels,Ammodytes marinus,0.003476694,0.8115447759628296
GS_AD_SH_160517_SCH_+500 µm_002.tif,4,Sandeels,Ammodytes marinus,0.004601545,0.8117371201515198
GS_AD_SH_160517_SCH_+500 µm_002.tif,5,Sandeels,Ammodytes marinus,0.0023596461,0.86237633228302
GS_AD_SH_160517_SCH_+500 µm_002.tif,6,Sandeels,Ammodytes marinus,0.0010349582,0.8748608827590942
GS_AD_SH_160517_SCH_+500 µm_002.tif,7,Sandeels,Ammodytes marinus,0.0013156327,0.8838701844215393
GS_AD_SH_160517_SCH_+500 µm_002.tif,8,Sandeels,Ammodytes marinus,0.003385559,0.83786541223526
GS_AD_SH_160517_SCH_+500 µm_002.tif,9,Sandeels,Ammodytes marinus,0.001606021,0.8863708972930908
GS_AD_SH_160517_SCH_+500 µm_002.tif,10,Sandeels,Ammodytes marinus,0.0022399228,0.8393670320510864
GS_AD_SH_160517_SCH_+500 µm_002.tif,11,Sandeels,Ammodytes marinus,0.0027761513,0.8213334679603577
GS_AD_SH_160517_SCH_+500 µm_002.tif,12,Sandeels,Ammodytes marinus,0.0019054617,0.8874065279960632
GS_AD_SH_160517_SCH_+500 µm_002.tif,13,Sandeels,Ammodytes marinus,0.0015464696,0.87747722864151
GS_AD_SH_160517_SCH_+500 µm_002.tif,14,Sandeels,Ammodytes marinus,0.0020971678,0.8686634302139282
GS_AD_SH_160517_SCH_+500 µm_002.tif,15,Sandeels,Ammodytes marinus,0.0018862807,0.8658474683761597
GS_AD_SH_160517_SCH_+500 µm_002.tif,16,Sandeels,Ammodytes marinus,0.001507135,0.8687770366668701
GS_AD_SH_160517_SCH_+500 µm_002.tif,17,Sandeels,Ammodytes marinus,0.0014072157,0.8829807043075562
GS_AD_SH_160517_SCH_+500 µm_002.tif,18,Sandeels,Ammodytes marinus,0.0009491167,0.8317541480064392
GS_AD_SH_160517_SCH_+500 µm_002.tif,19,Sandeels,Ammodytes marinus,0.0018928222,0.8545756936073303
GS_AD_SH_160517_SCH_+500 µm_002.tif,20,Sandeels,Ammodytes marinus,0.0014532731,0.8966764211654663
GS_AD_SH_160517_SCH_+500 µm_002.tif,21,Sandeels,Ammodytes marinus,0.00096837163,0.9018077254295349
GS_AD_SH_160517_SCH_+500 µm_002.tif,22,Sandeels,Ammodytes marinus,0.0018332265,0.8453148007392883
GS_AD_SH_160517_SCH_+500 µm_002.tif,23,Sandeels,Ammodytes marinus,0.00074250787,0.511298418045044
GS_AD_SH_160517_SCH_+500 µm_002.tif,24,Sandeels,Ammodytes marinus,0.0013330627,0.7332984805107117
GS_AD_SH_160517_SCH_+500 µm_002.tif,25,Sandeels,Ammodytes marinus,0.0018454451,0.8938431739807129
GS_AD_SH_160517_SCH_+500 µm_003.tif,1,Sandeels,Ammodytes marinus,0.0026114364,0.875906765460968
GS_AD_SH_160517_SCH_+500 µm_003.tif,2,Sandeels,Ammodytes marinus,0.0018746199,0.8546426296234131
GS_AD_SH_160517_SCH_+500 µm_003.tif,3,Sandeels,Ammodytes marinus,0.0011930737,0.8927460312843323
GS_AD_SH_160517_SCH_+500 µm_003.tif,4,Sandeels,Ammodytes marinus,0.0009829444,0.886202335357666
GS_AD_SH_160517_SCH_+500 µm_003.tif,5,Sandeels,Ammodytes marinus,0.0020759422,0.869755744934082
GS_AD_SH_160517_SCH_+500 µm_003.tif,6,Sandeels,Ammodytes marinus,0.0011663196,0.8640075922012329
GS_AD_SH_160517_SCH_+500 µm_003.tif,7,Sandeels,Ammodytes marinus,0.00082271907,0.9060852527618408
GS_AD_SH_160517_SCH_+500 µm_003.tif,8,Sandeels,Ammodytes marinus,0.001515362,0.9017583727836609
GS_AD_SH_160517_SCH_+500 µm_003.tif,9,Sandeels,Ammodytes marinus,0.0022917544,0.8851709961891174
GS_AD_SH_160517_SCH_+500 µm_003.tif,10,Sandeels,Ammodytes marinus,0.002576848,0.8935050964355469
GS_AD_SH_160517_SCH_+500 µm_003.tif,11,Sandeels,Ammodytes marinus,0.0027876943,0.8699718713760376
GS_AD_SH_160517_SCH_+500 µm_003.tif,12,Sandeels,Ammodytes marinus,0.0010747649,0.8670653700828552
GS_AD_SH_160517_SCH_+500 µm_003.tif,13,Sandeels,Ammodytes marinus,0.0029407972,0.8632063865661621
GS_AD_SH_160517_SCH_+500 µm_003.tif,14,Sandeels,Ammodytes marinus,0.0011090302,0.8943166732788086
GS_AD_SH_160517_SCH_+500 µm_003.tif,15,Sandeels,Ammodytes marinus,0.0014641309,0.8721510767936707
GS_AD_SH_160517_SCH_+500 µm_003.tif,16,Sandeels,Ammodytes marinus,0.0015512517,0.8632389307022095
GS_AD_SH_160517_SCH_+500 µm_003.tif,17,Sandeels,Ammodytes marinus,0.0017744326,0.8890978693962097
GS_AD_SH_160517_SCH_+500 µm_003.tif,18,Sandeels,Ammodytes marinus,0.0038800582,0.8459561467170715
GS_AD_SH_160517_SCH_+500 µm_003.tif,19,Sandeels,Hyperoplus lanceolatus,0.00042695753,0.546051025390625
GS_AD_SH_160517_SCH_+500 µm_003.tif,20,Sandeels,Ammodytes marinus,0.00092970376,0.6640790104866028
GS_AD_SH_160517_SCH_+500 µm_003.tif,21,Sandeels,Ammodytes marinus,0.0013379775,0.8898499011993408
GS_AD_SH_160517_SCH_+500 µm_003.tif,22,Sandeels,Ammodytes marinus,0.0036177402,0.8422958254814148
GS_AD_SH_160517_SCH_+500 µm_003.tif,23,Sandeels,Ammodytes marinus,0.0017675926,0.8896006941795349
GS_AD_SH_160517_SCH_+500 µm_003.tif,24,Sandeels,Hyperoplus lanceolatus,0.0021742336,0.8829177618026733
GS_AD_SH_160517_SCH_+500 µm_003.tif,25,Sandeels,Ammodytes marinus,0.002078996,0.8762927651405334
GS_AD_SH_160517_SCH_+500 µm_004.tif,1,Sandeels,Ammodytes marinus,0.0013993736,0.8845986127853394
GS_AD_SH_160517_SCH_+500 µm_004.tif,2,Sandeels,Ammodytes marinus,0.002103561,0.8617128133773804
GS_AD_SH_160517_SCH_+500 µm_004.tif,3,Sandeels,Hyperoplus lanceolatus,0.006034829,0.9372188448905945
GS_AD_SH_160517_SCH_+500 µm_004.tif,4,Sandeels,Ammodytes marinus,0.0016047623,0.8204658627510071
GS_AD_SH_160517_SCH_+500 µm_004.tif,5,Sandeels,Ammodytes marinus,0.0014688986,0.8633431196212769
GS_AD_SH_160517_SCH_+500 µm_004.tif,6,Sandeels,Ammodytes marinus,0.0013148867,0.8837352991104126
GS_AD_SH_160517_SCH_+500 µm_004.tif,7,Sandeels,Ammodytes marinus,0.0017215089,0.871850848197937
GS_AD_SH_160517_SCH_+500 µm_004.tif,8,Sandeels,Ammodytes marinus,0.001648756,0.8592177033424377
GS_AD_SH_160517_SCH_+500 µm_004.tif,9,Sandeels,Ammodytes marinus,0.001338588,0.8094984292984009
GS_AD_SH_160517_SCH_+500 µm_004.tif,10,Sandeels,Ammodytes marinus,0.0018245782,0.890533447265625
GS_AD_SH_160517_SCH_+500 µm_004.tif,11,Sandeels,Ammodytes marinus,0.0018386006,0.8719149231910706
GS_AD_SH_160517_SCH_+500 µm_004.tif,12,Sandeels,Ammodytes marinus,0.0016387509,0.8589451909065247
GS_AD_SH_160517_SCH_+500 µm_004.tif,13,Sandeels,Ammodytes marinus,0.0013447586,0.8802422881126404
GS_AD_SH_160517_SCH_+500 µm_004.tif,14,Sandeels,Ammodytes marinus,0.001543592,0.8781026005744934
GS_AD_SH_160517_SCH_+500 µm_004.tif,15,Sandeels,Ammodytes marinus,0.0020839553,0.8765862584114075
GS_AD_SH_160517_SCH_+500 µm_004.tif,16,Sandeels,Ammodytes marinus,0.0009748869,0.8569183945655823
GS_AD_SH_160517_SCH_+500 µm_004.tif,17,Sandeels,Ammodytes marinus,0.0010903078,0.8737125992774963
GS_AD_SH_160517_SCH_+500 µm_004.tif,18,Sandeels,Ammodytes marinus,0.0009587608,0.874188244342804
GS_AD_SH_160517_SCH_+500 µm_004.tif,19,Sandeels,Ammodytes marinus,0.0013753138,0.8652684688568115
GS_AD_SH_160517_SCH_+500 µm_004.tif,20,Sandeels,Ammodytes marinus,0.0014355438,0.8701099157333374
GS_AD_SH_160517_SCH_+500 µm_004.tif,21,Sandeels,Ammodytes marinus,0.0010478562,0.8886056542396545
GS_AD_SH_160517_SCH_+500 µm_004.tif,22,Sandeels,Ammodytes marinus,0.0013512933,0.896957278251648
GS_AD_SH_160517_SCH_+500 µm_004.tif,23,Sandeels,Ammodytes marinus,0.0023767373,0.8857704997062683
GS_AD_SH_160517_SCH_+500 µm_004.tif,24,Sandeels,Ammodytes marinus,0.0023107247,0.866824746131897
GS_AD_SH_160517_SCH_+500 µm_004.tif,25,Sandeels,Ammodytes marinus,0.0013450384,0.89378821849823
GS_AD_SH_160517_SCH_+500 µm_005.tif,1,Sandeels,Ammodytes marinus,0.0013174998,0.8442099690437317
GS_AD_SH_160517_SCH_+500 µm_005.tif,2,Sandeels,Ammodytes marinus,0.0019428948,0.8641023635864258
GS_AD_SH_160517_SCH_+500 µm_005.tif,3,Sandeels,Ammodytes marinus,0.00095972675,0.7596919536590576
GS_AD_SH_160517_SCH_+500 µm_005.tif,4,Sandeels,Ammodytes marinus,0.0016991185,0.8806285858154297
GS_AD_SH_160517_SCH_+500 µm_005.tif,5,Sandeels,Ammodytes marinus,0.0021848674,0.4926186501979828
GS_AD_SH_160517_SCH_+500 µm_005.tif,6,Sandeels,Ammodytes marinus,0.0013365065,0.8728331923484802
GS_AD_SH_160517_SCH_+500 µm_005.tif,7,Sandeels,Hyperoplus lanceolatus,0.00510203,0.7464406490325928
GS_AD_SH_160517_SCH_+500 µm_005.tif,8,Sandeels,Ammodytes marinus,0.001201493,0.8829863667488098
GS_AD_SH_160517_SCH_+500 µm_005.tif,9,Sandeels,Ammodytes marinus,0.0012229892,0.8530362844467163
GS_AD_SH_160517_SCH_+500 µm_005.tif,10,Sandeels,Ammodytes marinus,0.0023271623,0.8620666265487671
GS_AD_SH_160517_SCH_+500 µm_005.tif,11,Sandeels,Ammodytes marinus,0.0020846059,0.8480812311172485
GS_AD_SH_160517_SCH_+500 µm_005.tif,12,Sandeels,Ammodytes marinus,0.002445994,0.8689595460891724
GS_AD_SH_160517_SCH_+500 µm_005.tif,13,Sandeels,Ammodytes marinus,0.0007015621,0.5290741324424744
GS_AD_SH_160517_SCH_+500 µm_005.tif,14,Sandeels,Ammodytes marinus,0.0015771128,0.8592920303344727
GS_AD_SH_160517_SCH_+500 µm_005.tif,15,Sandeels,Ammodytes marinus,0.0014559646,0.8774818181991577
GS_AD_SH_160517_SCH_+500 µm_005.tif,16,Sandeels,Ammodytes marinus,0.0023448383,0.8684619069099426
GS_AD_SH_160517_SCH_+500 µm_005.tif,17,Sandeels,Ammodytes marinus,0.0016431122,0.8910783529281616
GS_AD_SH_160517_SCH_+500 µm_005.tif,18,Sandeels,Ammodytes marinus,0.00057153817,0.757423996925354
GS_AD_SH_160517_SCH_+500 µm_005.tif,19,Sandeels,Ammodytes marinus,0.0016646539,0.902303159236908
GS_AD_SH_160517_SCH_+500 µm_005.tif,20,Sandeels,Ammodytes marinus,0.001804231,0.8680872321128845
GS_AD_SH_160517_SCH_+500 µm_005.tif,21,Sandeels,Ammodytes marinus,0.001401567,0.8906532526016235
GS_AD_SH_160517_SCH_+500 µm_005.tif,22,Sandeels,Ammodytes marinus,0.002459144,0.8397250175476074
GS_AD_SH_160517_SCH_+500 µm_005.tif,23,Sandeels,Ammodytes marinus,0.0026669987,0.8028867244720459
GS_AD_SH_160517_SCH_+500 µm_005.tif,24,Sandeels,Ammodytes marinus,0.0018870771,0.8758980631828308
GS_AD_SH_160517_SCH_+500 µm_005.tif,25,Sandeels,Ammodytes marinus,0.0011159388,0.8993335962295532
GS_AD_SH_160517_SCH_+500 µm_005.tif,26,Sandeels,Ammodytes marinus,0.0010990404,0.8763603568077087
GS_AD_SH_160517_SCH_+500 µm_005.tif,27,Sandeels,Ammodytes marinus,0.0015410909,0.8623017072677612
GS_AD_SH_160517_SCH_+500 µm_005.tif,28,Sandeels,Ammodytes marinus,0.0015678783,0.8482689261436462
GS_AD_SH_160517_SCH_+500 µm_005.tif,29,Sandeels,Ammodytes marinus,0.0013981162,0.8753900527954102
GS_AD_SH_160517_SCH_+500 µm_005.tif,30,Sandeels,Ammodytes marinus,0.0014294104,0.8966631293296814
GS_AD_SH_160517_SCH_+500 µm_005.tif,31,Sandeels,Ammodytes marinus,0.0013809445,0.873826265335083
GS_AD_SH_160517_SCH_+500 µm_005.tif,32,Sandeels,Ammodytes marinus,0.0026822737,0.8497689366340637
GS_AD_SH_160517_SCH_+500 µm_005.tif,33,Sandeels,Ammodytes marinus,0.0021935552,0.8612468242645264
GS_AD_SH_160517_SCH_+500 µm_005.tif,34,Sandeels,Ammodytes marinus,0.0012691717,0.8981849551200867
GS_AD_SH_160517_SCH_+500 µm_005.tif,35,Sandeels,Ammodytes marinus,0.00095598644,0.8150750398635864
GS_AD_SH_160517_SCH_+500 µm_005.tif,36,Sandeels,Ammodytes marinus,0.0012828729,0.609247624874115
GS_AD_SH_160517_SCH_+500 µm_006.tif,1,Sandeels,Ammodytes marinus,0.0023484756,0.8630417585372925
GS_AD_SH_160517_SCH_+500 µm_006.tif,2,Sandeels,Ammodytes marinus,0.0005480293,0.6012518405914307
GS_AD_SH_160517_SCH_+500 µm_006.tif,3,Sandeels,Ammodytes marinus,0.0005309638,0.8305180668830872
GS_AD_SH_160517_SCH_+500 µm_006.tif,4,Sandeels,Ammodytes marinus,0.002155612,0.8773134350776672
GS_AD_SH_160517_SCH_+500 µm_006.tif,5,Sandeels,Ammodytes marinus,0.0014347237,0.8745032548904419
GS_AD_SH_160517_SCH_+500 µm_006.tif,6,Sandeels,Ammodytes marinus,0.0025625157,0.8556060194969177
GS_AD_SH_160517_SCH_+500 µm_006.tif,7,Sandeels,Ammodytes marinus,0.0010233237,0.89121013879776
GS_AD_SH_160517_SCH_+500 µm_006.tif,8,Sandeels,Ammodytes marinus,0.0019707351,0.6916571855545044
GS_AD_SH_160517_SCH_+500 µm_006.tif,9,Sandeels,Ammodytes marinus,0.0012570609,0.8813715577125549
GS_AD_SH_160517_SCH_+500 µm_006.tif,10,Sandeels,Hyperoplus lanceolatus,0.0013715808,0.9395458102226257
GS_AD_SH_160517_SCH_+500 µm_006.tif,11,Sandeels,Ammodytes marinus,0.00184913,0.8836089968681335
GS_AD_SH_160517_SCH_+500 µm_006.tif,12,Sandeels,Ammodytes marinus,0.002007669,0.8358213305473328
GS_AD_SH_160517_SCH_+500 µm_006.tif,13,Sandeels,Ammodytes marinus,0.0015878562,0.8480890393257141
GS_AD_SH_160517_SCH_+500 µm_006.tif,14,Sandeels,Ammodytes marinus,0.0015307743,0.8827697038650513
GS_AD_SH_160517_SCH_+500 µm_006.tif,15,Sandeels,Hyperoplus lanceolatus,0.0019198266,0.9101880788803101
GS_AD_SH_160517_SCH_+500 µm_006.tif,16,Sandeels,Hyperoplus lanceolatus,0.005454562,0.8505328893661499
GS_AD_SH_160517_SCH_+500 µm_006.tif,17,Sandeels,Ammodytes marinus,0.0022266272,0.8433327674865723
GS_AD_SH_160517_SCH_+500 µm_006.tif,18,Sandeels,Ammodytes marinus,0.0013571474,0.8818452954292297
GS_AD_SH_160517_SCH_+500 µm_006.tif,19,Sandeels,Ammodytes marinus,0.0014862339,0.8868581056594849
GS_AD_SH_160517_SCH_+500 µm_006.tif,20,Sandeels,Ammodytes marinus,0.001817868,0.854410707950592
GS_AD_SH_160517_SCH_+500 µm_006.tif,21,Sandeels,Ammodytes marinus,0.0021703825,0.8667752146720886
GS_AD_SH_160517_SCH_+500 µm_006.tif,22,Sandeels,Ammodytes marinus,0.001743182,0.8722550868988037
GS_AD_SH_160517_SCH_+500 µm_006.tif,23,Sandeels,Ammodytes marinus,0.00085135386,0.8101879954338074
GS_AD_SH_160517_SCH_+500 µm_006.tif,24,Sandeels,Ammodytes marinus,0.0013288795,0.9016062617301941
GS_AD_SH_160517_SCH_+500 µm_006.tif,25,Sandeels,Ammodytes marinus,0.004177663,0.8416101932525635
GS_AD_SH_160517_SCH_+500 µm_006.tif,26,Sandeels,Ammodytes marinus,0.002509818,0.8593061566352844
GS_AD_SH_160517_SCH_+500 µm_006.tif,27,Sandeels,Ammodytes marinus,0.0016071537,0.8817864060401917
GS_AD_SH_160517_SCH_+500 µm_006.tif,28,Sandeels,Ammodytes marinus,0.00080895156,0.8956795930862427
GS_AD_SH_160517_SCH_+500 µm_006.tif,29,Sandeels,Ammodytes marinus,0.0009776591,0.5377143621444702
GS_AD_SH_160517_SCH_+500 µm_006.tif,30,Sandeels,Ammodytes marinus,0.0009711787,0.8647591471672058
GS_AD_SH_160517_SCH_+500 µm_006.tif,31,Sandeels,Ammodytes marinus,0.0016768457,0.8787659406661987
GS_AD_SH_160517_SCH_+500 µm_006.tif,32,Sandeels,Ammodytes marinus,0.0016022156,0.49803879857063293
GS_AD_SH_160517_SCH_+500 µm_006.tif,33,Sandeels,Ammodytes marinus,0.0018002156,0.8209723234176636
GS_AD_SH_160517_SCH_+500 µm_006.tif,34,Sandeels,Hyperoplus lanceolatus,0.001658943,0.8520863652229309
GS_AD_SH_160517_SCH_+500 µm_006.tif,35,Sandeels,Ammodytes marinus,0.0026482893,0.8435251712799072
GS_AD_SH_160517_SCH_+500 µm_007.tif,1,Sandeels,Ammodytes marinus,0.0014956048,0.8817561268806458
GS_AD_SH_160517_SCH_+500 µm_007.tif,2,Sandeels,Hyperoplus lanceolatus,0.00040363488,0.5972164869308472
GS_AD_SH_160517_SCH_+500 µm_007.tif,3,Sandeels,Ammodytes marinus,0.0020927317,0.852386474609375
GS_AD_SH_160517_SCH_+500 µm_007.tif,4,Sandeels,Ammodytes marinus,0.0013173769,0.8864539861679077
GS_AD_SH_160517_SCH_+500 µm_007.tif,5,Sandeels,Ammodytes marinus,0.0016393516,0.8711745738983154
GS_AD_SH_160517_SCH_+500 µm_007.tif,6,Sandeels,Hyperoplus lanceolatus,0.0039189053,0.7341616153717041
GS_AD_SH_160517_SCH_+500 µm_007.tif,7,Sandeels,Ammodytes marinus,0.0009930346,0.8603724241256714
GS_AD_SH_160517_SCH_+500 µm_007.tif,8,Sandeels,Ammodytes marinus,0.0029687565,0.8653128147125244
GS_AD_SH_160517_SCH_+500 µm_007.tif,9,Sandeels,Ammodytes marinus,0.0023716628,0.8603312373161316
GS_AD_SH_160517_SCH_+500 µm_007.tif,10,Sandeels,Ammodytes marinus,0.001788461,0.8497176170349121
GS_AD_SH_160517_SCH_+500 µm_007.tif,11,Sandeels,Ammodytes marinus,0.0010477254,0.8834249973297119
GS_AD_SH_160517_SCH_+500 µm_007.tif,12,Sandeels,Ammodytes marinus,0.0014935454,0.8746667504310608
GS_AD_SH_160517_SCH_+500 µm_007.tif,13,Sandeels,Ammodytes marinus,0.0016667489,0.8930663466453552
GS_AD_SH_160517_SCH_+500 µm_007.tif,14,Sandeels,Ammodytes marinus,0.0017263998,0.9067520499229431
GS_AD_SH_160517_SCH_+500 µm_007.tif,15,Sandeels,Hyperoplus lanceolatus,0.0040367125,0.8925751447677612
GS_AD_SH_160517_SCH_+500 µm_007.tif,16,Sandeels,Ammodytes marinus,0.0007747182,0.825897753238678
GS_AD_SH_160517_SCH_+500 µm_007.tif,17,Sandeels,Ammodytes marinus,0.0052773803,0.5603312849998474
GS_AD_SH_160517_SCH_+500 µm_007.tif,18,Sandeels,Ammodytes marinus,0.0024474603,0.8574203252792358
GS_AD_SH_160517_SCH_+500 µm_007.tif,19,Sandeels,Ammodytes marinus,0.0009308272,0.7934315800666809
GS_AD_SH_160517_SCH_+500 µm_007.tif,20,Sandeels,Hyperoplus lanceolatus,0.0017400582,0.8627223968505859
GS_AD_SH_160517_SCH_+500 µm_007.tif,21,Sandeels,Hyperoplus lanceolatus,0.00042154716,0.5303829312324524
GS_AD_SH_160517_SCH_+500 µm_007.tif,22,Sandeels,Ammodytes marinus,0.0016998152,0.8948399424552917
GS_AD_SH_160517_SCH_+500 µm_007.tif,23,Sandeels,Ammodytes marinus,0.00048822258,0.8621765375137329
GS_AD_SH_160517_SCH_+500 µm_007.tif,24,Sandeels,Ammodytes marinus,0.030560087,0.8065555691719055
GS_AD_SH_160517_SCH_+500 µm_007.tif,25,Sandeels,Ammodytes marinus,0.0023044706,0.8622758984565735
GS_AD_SH_160517_SCH_+500 µm_008.tif,1,Sandeels,Ammodytes marinus,0.0013520779,0.8519310355186462
GS_AD_SH_160517_SCH_+500 µm_008.tif,2,Sandeels,Ammodytes marinus,0.0013841775,0.8102837800979614
GS_AD_SH_160517_SCH_+500 µm_008.tif,3,Sandeels,Ammodytes marinus,0.004839226,0.7636496424674988
GS_AD_SH_160517_SCH_+500 µm_008.tif,4,Sandeels,Ammodytes marinus,0.0067971353,0.6110087633132935
GS_AD_SH_160517_SCH_+500 µm_008.tif,5,Sandeels,Ammodytes marinus,0.01308882,0.7806670069694519
GS_AD_SH_160517_SCH_+500 µm_008.tif,6,Sandeels,Ammodytes marinus,0.001952781,0.7348906993865967
GS_AD_SH_160517_SCH_+500 µm_008.tif,7,Sandeels,Ammodytes marinus,0.0023582792,0.8806313276290894
GS_AD_SH_160517_SCH_+500 µm_008.tif,8,Sandeels,Ammodytes marinus,0.0031111937,0.7663618326187134
GS_AD_SH_160517_SCH_+500 µm_008.tif,9,Sandeels,Ammodytes marinus,0.0019467628,0.8269532322883606
GS_AD_SH_160517_SCH_+500 µm_008.tif,10,Sandeels,Hyperoplus lanceolatus,0.0019477839,0.8027454614639282
GS_AD_SH_160517_SCH_+500 µm_008.tif,11,Sandeels,Ammodytes marinus,0.0024781546,0.8174118995666504
GS_AD_SH_160517_SCH_+500 µm_008.tif,12,Sandeels,Ammodytes marinus,0.0987083,0.6898750066757202
GS_AD_SH_160517_SCH_+500 µm_008.tif,13,Sandeels,Ammodytes marinus,0.03634159,0.7414494156837463
GS_AD_SH_160517_SCH_+500 µm_008.tif,14,Sandeels,Ammodytes marinus,0.002428123,0.765513002872467
GS_AD_SH_160517_SCH_+500 µm_008.tif,15,Sandeels,Ammodytes marinus,0.0020223737,0.8390435576438904
GS_AD_SH_160517_SCH_+500 µm_008.tif,16,Sandeels,Ammodytes marinus,0.0053306906,0.7499445080757141
GS_AD_SH_160517_SCH_+500 µm_008.tif,17,Sandeels,Ammodytes marinus,0.0012052412,0.8521215915679932
GS_AD_SH_160517_SCH_+500 µm_008.tif,18,Sandeels,Ammodytes marinus,0.0025904225,0.7586982846260071
GS_AD_SH_160517_SCH_+500 µm_008.tif,19,Sandeels,Ammodytes marinus,0.0010163796,0.8510956168174744
GS_AD_SH_160517_SCH_+500 µm_008.tif,20,Sandeels,Ammodytes marinus,0.009907237,0.7983288168907166
GS_AD_SH_160517_SCH_+500 µm_008.tif,21,Sandeels,Ammodytes tobianus,0.0028578967,0.6653358936309814
GS_AD_SH_160517_SCH_+500 µm_008.tif,22,Sandeels,Ammodytes marinus,0.008090056,0.706373929977417
GS_AD_SH_160517_SCH_+500 µm_008.tif,23,Sandeels,Ammodytes tobianus,0.009088489,0.4939347803592682
GS_AD_SH_160517_SCH_+500 µm_008.tif,24,Sandeels,Ammodytes marinus,0.0043400694,0.632212221622467
GS_AD_SH_160517_SCH_+500 µm_008.tif,25,Sandeels,Hyperoplus lanceolatus,0.007713054,0.6896511316299438
GS_AD_SH_160517_SCH_+500 µm_009.tif,1,Clupeids,Clupea harengus,0.9918379,0.8535240292549133
GS_AD_SH_160517_SCH_+500 µm_009.tif,2,Clupeids,Clupea harengus,0.98959035,0.6554914712905884
GS_AD_SH_160517_SCH_+500 µm_009.tif,3,Clupeids,Sprattus sprattus,0.998735,0.8332750201225281
GS_AD_SH_160517_SCH_+500 µm_009.tif,4,Clupeids,Sprattus sprattus,0.99843794,0.8361853957176208
GS_AD_SH_160517_SCH_+500 µm_009.tif,5,Sandeels,Ammodytes marinus,0.26845986,0.7439958453178406
GS_AD_SH_160517_SCH_+500 µm_009.tif,6,Clupeids,Sprattus sprattus,0.6946964,0.7865080833435059
GS_AD_SH_160517_SCH_+500 µm_009.tif,7,Clupeids,Sprattus sprattus,0.9892475,0.7312933206558228
GS_AD_SH_160517_SCH_+500 µm_009.tif,8,Clupeids,Sprattus sprattus,0.9976047,0.46326836943626404
GS_AD_SH_160517_SCH_+500 µm_009.tif,9,Sandeels,Ammodytes marinus,0.030566858,0.7439424991607666
GS_AD_SH_160517_SCH_+500 µm_009.tif,10,Sandeels,Hyperoplus lanceolatus,0.009452237,0.8931008577346802
GS_AD_SH_160517_SCH_+500 µm_010.tif,1,Clupeids,Sprattus sprattus,0.999027,0.8339037299156189
GS_AD_SH_160517_SCH_+500 µm_010.tif,2,Clupeids,Sprattus sprattus,0.99925226,0.9009263515472412
GS_AD_SH_160517_SCH_+500 µm_010.tif,3,Clupeids,Sprattus sprattus,0.987133,0.7916092276573181
GS_AD_SH_160517_SCH_+500 µm_010.tif,4,Clupeids,Sprattus sprattus,0.9923683,0.8199118375778198
GS_AD_SH_160517_SCH_+500 µm_010.tif,5,Clupeids,Sprattus sprattus,0.99348736,0.8842329978942871
GS_AD_SH_160517_SCH_+500 µm_010.tif,6,Clupeids,Sprattus sprattus,0.9992054,0.896713137626648
GS_AD_SH_160517_SCH_+500 µm_010.tif,7,Clupeids,Sprattus sprattus,0.9730157,0.8184441924095154
GS_AD_SH_160517_SCH_+500 µm_010.tif,8,Clupeids,Sprattus sprattus,0.99873847,0.8503461480140686
GS_AD_SH_160517_SCH_+500 µm_010.tif,9,Clupeids,Sprattus sprattus,0.99848586,0.6957536935806274
GS_AD_SH_160517_SCH_+500 µm_010.tif,10,Clupeids,Sprattus sprattus,0.99851125,0.8383263945579529
GS_AD_SH_160517_SCH_+500 µm_010.tif,11,Clupeids,Sprattus sprattus,0.99447024,0.8146211504936218
GS_AD_SH_160517_SCH_+500 µm_010.tif,12,Clupeids,Sprattus sprattus,0.9980761,0.4404640197753906
GS_AD_SH_160517_SCH_+500 µm_010.tif,13,Clupeids,Sprattus sprattus,0.99821943,0.8960549831390381
GS_AD_SH_160517_SCH_+500 µm_010.tif,14,Clupeids,Sprattus sprattus,0.9973551,0.8610489368438721
GS_AD_SH_160517_SCH_+500 µm_010.tif,15,Clupeids,Sprattus sprattus,0.98722804,0.8493834733963013
GS_AD_SH_160517_SCH_+500 µm_010.tif,16,Clupeids,Sprattus sprattus,0.98747975,0.8368419408798218
GS_AD_SH_160517_SCH_+500 µm_010.tif,17,Clupeids,Sprattus sprattus,0.7923303,0.6388581991195679
GS_AD_SH_160517_SCH_+500 µm_010.tif,18,Clupeids,Sprattus sprattus,0.57122,0.6700987219810486
GS_AD_SH_160517_SCH_+500 µm_010.tif,19,Clupeids,Sprattus sprattus,0.9996232,0.8763084411621094
GS_AD_SH_160517_SCH_+500 µm_010.tif,20,Clupeids,Clupea harengus,0.9921084,0.4805663824081421
GS_AD_SH_160517_SCH_+500 µm_010.tif,21,Clupeids,Sprattus sprattus,0.9843837,0.8515015244483948
GS_AD_SH_160517_SCH_+500 µm_010.tif,22,Clupeids,Sprattus sprattus,0.9994388,0.849517285823822
GS_AD_SH_160517_SCH_+500 µm_010.tif,23,Clupeids,Sprattus sprattus,0.99483734,0.812678873538971
GS_AD_SH_160517_SCH_+500 µm_010.tif,24,Sandeels,Ammodytes marinus,0.29492962,0.4714615046977997
GS_AD_SH_160517_SCH_+500 µm_010.tif,25,Clupeids,Sprattus sprattus,0.9985783,0.7226893305778503
GS_AD_SH_160517_SCH_+500 µm_010.tif,26,Clupeids,Sprattus sprattus,0.99875414,0.8607166409492493
GS_AD_SH_160517_SCH_+500 µm_010.tif,27,Clupeids,Sprattus sprattus,0.98944163,0.8814584016799927
GS_AD_SH_160517_SCH_+500 µm_010.tif,28,Clupeids,Sprattus sprattus,0.9911805,0.571078896522522
GS_AD_SH_160517_SCH_+500 µm_010.tif,29,Clupeids,Sprattus sprattus,0.9655156,0.5382525324821472
GS_AD_SH_160517_SCH_+500 µm_010.tif,30,Clupeids,Sprattus sprattus,0.99861825,0.8447151184082031
GS_AD_SH_160517_SCH_+500 µm_011.tif,1,Clupeids,Sprattus sprattus,0.99774325,0.8481616377830505
GS_AD_SH_160517_SCH_+500 µm_011.tif,2,Sandeels,Ammodytes tobianus,0.043599725,0.5721726417541504
GS_AD_SH_160517_SCH_+500 µm_011.tif,3,Clupeids,Sprattus sprattus,0.9835255,0.8576799035072327
GS_AD_SH_160517_SCH_+500 µm_011.tif,4,Clupeids,Sprattus sprattus,0.9981974,0.8838894963264465
GS_AD_SH_160517_SCH_+500 µm_011.tif,5,Clupeids,Sprattus sprattus,0.98823416,0.8662925362586975
GS_AD_SH_160517_SCH_+500 µm_011.tif,6,Clupeids,Clupea harengus,0.99515164,0.7172304391860962
GS_AD_SH_160517_SCH_+500 µm_011.tif,7,Clupeids,Sprattus sprattus,0.5524361,0.7218568921089172
GS_AD_SH_160517_SCH_+500 µm_011.tif,8,Clupeids,Sprattus sprattus,0.99064565,0.813544750213623
GS_AD_SH_160517_SCH_+500 µm_011.tif,9,Clupeids,Sprattus sprattus,0.9511339,0.8143964409828186
GS_AD_SH_160517_SCH_+500 µm_011.tif,10,Sandeels,Ammodytes tobianus,0.10047142,0.7811277508735657
GS_AD_SH_160517_SCH_+500 µm_011.tif,11,Clupeids,Sprattus sprattus,0.99368876,0.9062233567237854
GS_AD_SH_160517_SCH_+500 µm_011.tif,12,Clupeids,Sprattus sprattus,0.97122383,0.8347253203392029
GS_AD_SH_160517_SCH_+500 µm_011.tif,13,Clupeids,Sprattus sprattus,0.6815945,0.6935834288597107
GS_AD_SH_160517_SCH_+500 µm_011.tif,14,Clupeids,Sprattus sprattus,0.9434297,0.8486862182617188
GS_AD_SH_160517_SCH_+500 µm_011.tif,15,Clupeids,Clupea harengus,0.97385436,0.7046406269073486
GS_AD_SH_160517_SCH_+500 µm_011.tif,16,Clupeids,Sprattus sprattus,0.99920005,0.7360511422157288
GS_AD_SH_160517_SCH_+500 µm_011.tif,17,Clupeids,Sprattus sprattus,0.9942669,0.8598216772079468
GS_AD_SH_160517_SCH_+500 µm_011.tif,18,Clupeids,Sprattus sprattus,0.98339486,0.7886620759963989
GS_AD_SH_160517_SCH_+500 µm_011.tif,19,Clupeids,Sprattus sprattus,0.97912985,0.39042210578918457
GS_AD_SH_160517_SCH_+500 µm_011.tif,20,Clupeids,Sprattus sprattus,0.9991105,0.7457382082939148
GS_AD_SH_160517_SCH_+500 µm_012.tif,1,Sandeels,Ammodytes tobianus,0.11026188,0.6503229737281799
GS_AD_SH_160517_SCH_+500 µm_012.tif,2,Clupeids,Sprattus sprattus,0.97189045,0.8455198407173157
GS_AD_SH_160517_SCH_+500 µm_012.tif,3,Clupeids,Clupea harengus,0.99832135,0.8036115765571594
GS_AD_SH_160517_SCH_+500 µm_012.tif,4,Sandeels,Ammodytes tobianus,0.20605634,0.6812103390693665
GS_AD_SH_160517_SCH_+500 µm_012.tif,5,Sandeels,Hyperoplus lanceolatus,0.0024720423,0.6011090874671936
GS_AD_SH_160517_SCH_+500 µm_012.tif,6,Sandeels,Ammodytes tobianus,0.080169745,0.543476402759552
GS_AD_SH_160517_SCH_+500 µm_012.tif,7,Sandeels,Ammodytes tobianus,0.38463065,0.7749015688896179
GS_AD_SH_160517_SCH_+500 µm_012.tif,8,Clupeids,Sprattus sprattus,0.6278411,0.7391412854194641
GS_AD_SH_160517_SCH_+500 µm_012.tif,9,Sandeels,Hyperoplus lanceolatus,0.011875453,0.6467956304550171
GS_AD_SH_160517_SCH_+500 µm_013.tif,1,Sandeels,Hyperoplus lanceolatus,0.003997467,0.7859253287315369
GS_AD_SH_160517_SCH_+500 µm_013.tif,2,Sandeels,Hyperoplus lanceolatus,0.0057516783,0.7939811944961548
GS_AD_SH_160517_SCH_+500 µm_013.tif,3,Sandeels,Ammodytes tobianus,0.34236443,0.5329742431640625
GS_AD_SH_160517_SCH_+500 µm_013.tif,4,Sandeels,Ammodytes marinus,0.0051692906,0.8856623768806458
GS_AD_SH_160517_SCH_-500 µm_001.tif,1,Sandeels,Ammodytes marinus,0.00313292,0.834604799747467
GS_AD_SH_160517_SCH_-500 µm_001.tif,2,Sandeels,Hyperoplus lanceolatus,0.00086512865,0.6134421825408936
GS_AD_SH_160517_SCH_-500 µm_001.tif,3,Sandeels,Hyperoplus lanceolatus,0.0005766923,0.40931931138038635
GS_AD_SH_160517_SCH_-500 µm_001.tif,4,Sandeels,Ammodytes marinus,0.0016114847,0.5354647040367126
GS_AD_SH_160517_SCH_-500 µm_001.tif,5,Sandeels,Hyperoplus lanceolatus,0.0027731617,0.5141951441764832
GS_AD_SH_160517_SCH_-500 µm_001.tif,6,Sandeels,Ammodytes marinus,0.08035664,0.4634256064891815
GS_AD_SH_160517_SCH_-500 µm_001.tif,7,Sandeels,Ammodytes marinus,0.0041761575,0.6429980993270874
GS_AD_SH_160517_SCH_-500 µm_001.tif,8,Sandeels,Hyperoplus lanceolatus,0.0053215967,0.8073278069496155
GS_AD_SH_160517_SCH_-500 µm_001.tif,9,Sandeels,Hyperoplus lanceolatus,0.00046791043,0.4580879807472229
GS_AD_SH_160517_SCH_-500 µm_001.tif,10,Sandeels,Hyperoplus lanceolatus,0.0014714748,0.5270226001739502
GS_AD_SH_160517_SCH_-500 µm_001.tif,11,Sandeels,Ammodytes marinus,0.00803992,0.5766798853874207
GS_AD_SH_160517_SCH_-500 µm_001.tif,12,Sandeels,Ammodytes tobianus,0.0007427998,0.5776365399360657
GS_AD_SH_160517_SCH_-500 µm_001.tif,13,Sandeels,Ammodytes marinus,0.0013472487,0.511694610118866
GS_AD_SH_160517_SCH_-500 µm_001.tif,14,Sandeels,Hyperoplus lanceolatus,0.004739722,0.446355938911438
GS_AD_SH_160517_SCH_-500 µm_001.tif,15,Sandeels,Ammodytes marinus,0.0014133595,0.7470794320106506
GS_AD_SH_160517_SCH_-500 µm_001.tif,16,Sandeels,Ammodytes marinus,0.0006467677,0.5827193260192871
GS_AD_SH_160517_SCH_-500 µm_001.tif,17,Sandeels,Ammodytes tobianus,0.21437648,0.8411968946456909
GS_AD_SH_160517_SCH_-500 µm_001.tif,18,Sandeels,Ammodytes marinus,0.022124298,0.5610747337341309
GS_AD_SH_160517_SCH_-500 µm_001.tif,19,Sandeels,Ammodytes tobianus,0.01082392,0.6462069749832153
GS_AD_SH_160517_SCH_-500 µm_001.tif,20,Sandeels,Hyperoplus lanceolatus,0.1312987,0.4810969829559326
GS_AD_SH_160517_SCH_-500 µm_001.tif,21,Sandeels,Ammodytes marinus,0.004191731,0.8035165071487427
GS_AD_SH_160517_SCH_-500 µm_001.tif,22,Sandeels,Ammodytes marinus,0.00029140202,0.43781980872154236
GS_AD_SH_160517_SCH_-500 µm_001.tif,23,Sandeels,Hyperoplus lanceolatus,0.0022082103,0.8094108700752258
GS_AD_SH_160517_SCH_-500 µm_001.tif,24,Sandeels,Ammodytes tobianus,0.00088941783,0.6235063076019287
GS_AD_SH_160517_SCH_-500 µm_001.tif,25,Sandeels,Ammodytes marinus,0.0021319897,0.8430434465408325
GS_AD_SH_160517_SCH_-500 µm_001.tif,26,Sandeels,Ammodytes marinus,0.0010503298,0.6018588542938232
GS_AD_SH_160517_SCH_-500 µm_001.tif,27,Sandeels,Ammodytes marinus,0.0007899033,0.6940654516220093
GS_AD_SH_160517_SCH_-500 µm_001.tif,28,Sandeels,Ammodytes tobianus,0.0007177691,0.5726569890975952
GS_AD_SH_160517_SCH_-500 µm_001.tif,29,Sandeels,Ammodytes marinus,0.100922376,0.466700941324234
GS_AD_SH_160517_SCH_-500 µm_001.tif,30,Sandeels,Hyperoplus lanceolatus,0.0512836,0.43731337785720825
GS_AD_SH_160517_SCH_-500 µm_001.tif,31,Sandeels,Ammodytes tobianus,0.00060578895,0.7796845436096191
GS_AD_SH_160517_SCH_-500 µm_001.tif,32,Sandeels,Ammodytes tobianus,0.0015865919,0.633500337600708
GS_AD_SH_160517_SCH_-500 µm_001.tif,33,Sandeels,Ammodytes marinus,0.0011367828,0.5902761220932007
GS_AD_SH_160517_SCH_-500 µm_001.tif,34,Sandeels,Ammodytes tobianus,0.0011177362,0.4618283808231354
GS_AD_SH_160517_SCH_-500 µm_001.tif,35,Sandeels,Hyperoplus lanceolatus,0.0009383659,0.6163043975830078
GS_AD_SH_160517_SCH_-500 µm_001.tif,36,Sandeels,Ammodytes tobianus,0.0021414268,0.5254693031311035
GS_AD_SH_160517_SCH_-500 µm_001.tif,37,Sandeels,Hyperoplus lanceolatus,0.0018616644,0.45421579480171204
GS_AD_SH_160517_SCH_-500 µm_001.tif,38,Sandeels,Ammodytes tobianus,0.0027157047,0.4096755087375641
GS_AD_SH_160517_SCH_-500 µm_001.tif,39,Sandeels,Ammodytes marinus,0.004275173,0.43684637546539307
GS_AD_SH_160517_SCH_-500 µm_001.tif,40,Sandeels,Hyperoplus lanceolatus,0.004814338,0.7112149000167847
GS_AD_SH_160517_SCH_-500 µm_002.tif,1,Clupeids,Sprattus sprattus,0.9894148,0.765594482421875
GS_AD_SH_160517_SCH_-500 µm_002.tif,2,Clupeids,Sprattus sprattus,0.98978126,0.8803163170814514
GS_AD_SH_160517_SCH_-500 µm_002.tif,3,Clupeids,Sprattus sprattus,0.73274356,0.6000991463661194
GS_AD_SH_160517_SCH_-500 µm_002.tif,4,Sandeels,Ammodytes marinus,0.100566596,0.6165384650230408
GS_AD_SH_160517_SCH_-500 µm_002.tif,5,Clupeids,Sprattus sprattus,0.6633386,0.7136070728302002
GS_AD_SH_160517_SCH_-500 µm_002.tif,6,Clupeids,Sprattus sprattus,0.92765975,0.679539144039154
GS_AD_SH_160517_SCH_-500 µm_002.tif,7,Clupeids,Clupea harengus,0.950125,0.6127235889434814
GS_AD_SH_160517_SCH_-500 µm_002.tif,8,Clupeids,Sprattus sprattus,0.9837308,0.8703715801239014
GS_AD_SH_160517_SCH_-500 µm_002.tif,9,Clupeids,Sprattus sprattus,0.9740659,0.8541657328605652
GS_AD_SH_160517_SCH_-500 µm_002.tif,10,Sandeels,Ammodytes marinus,0.12511986,0.6588964462280273
GS_AD_SH_160517_SCH_-500 µm_002.tif,11,Clupeids,Sprattus sprattus,0.81317866,0.7767542600631714
GS_AD_SH_160517_SCH_-500 µm_002.tif,12,Clupeids,Sprattus sprattus,0.9859956,0.6828904151916504
GS_AD_SH_160517_SCH_-500 µm_002.tif,13,Clupeids,Sprattus sprattus,0.99838364,0.7925381064414978
GS_AD_SH_160517_SCH_-500 µm_002.tif,14,Sandeels,Ammodytes marinus,0.29081336,0.5472722053527832
GS_AD_SH_160517_SCH_-500 µm_002.tif,15,Clupeids,Sprattus sprattus,0.8208513,0.4982873797416687
GS_AD_SH_160517_SCH_-500 µm_002.tif,16,Clupeids,Sprattus sprattus,0.59924006,0.6496856808662415
GS_AD_SH_160517_SCH_-500 µm_002.tif,17,Clupeids,Sprattus sprattus,0.99893445,0.7794543504714966
GS_AD_SH_160517_SCH_-500 µm_002.tif,18,Clupeids,Sprattus sprattus,0.90399945,0.7244666218757629
GS_AD_SH_160517_SCH_-500 µm_002.tif,19,Clupeids,Sprattus sprattus,0.9612346,0.6924647092819214
GS_AD_SH_160517_SCH_-500 µm_002.tif,20,Clupeids,Sprattus sprattus,0.9869942,0.5585541129112244
GS_AD_SH_160517_SCH_-500 µm_002.tif,21,Clupeids,Sprattus sprattus,0.9959818,0.5875539779663086
GS_AD_SH_160517_SCH_-500 µm_002.tif,22,Clupeids,Sprattus sprattus,0.99730647,0.8209407925605774
GS_AD_SH_160517_SCH_-500 µm_002.tif,23,Clupeids,Clupea harengus,0.6656236,0.5765562653541565
GS_AD_SH_160517_SCH_-500 µm_002.tif,24,Clupeids,Sprattus sprattus,0.99124044,0.7972077131271362
GS_AD_SH_160517_SCH_-500 µm_002.tif,25,Clupeids,Sprattus sprattus,0.99755377,0.6187884211540222
GS_AD_SH_160517_SCH_-500 µm_002.tif,26,Clupeids,Sprattus sprattus,0.7615498,0.6896492838859558
GS_AD_SH_160517_SCH_-500 µm_002.tif,27,Clupeids,Sprattus sprattus,0.7164185,0.7105730772018433
GS_AD_SH_160517_SCH_-500 µm_002.tif,28,Clupeids,Sprattus sprattus,0.99812037,0.609450101852417
GS_AD_SH_160517_SCH_-500 µm_002.tif,29,Clupeids,Sprattus sprattus,0.9924631,0.7542359828948975
GS_AD_SH_160517_SCH_-500 µm_002.tif,30,Clupeids,Sprattus sprattus,0.9931924,0.7845234274864197
GS_AD_SH_160517_SCH_-500 µm_003.tif,1,Clupeids,Sprattus sprattus,0.7791464,0.6435989141464233
GS_AD_SH_160517_SCH_-500 µm_003.tif,2,Clupeids,Sprattus sprattus,0.89467424,0.8027603626251221
GS_AD_SH_160517_SCH_-500 µm_003.tif,3,Clupeids,Sprattus sprattus,0.995387,0.8438805341720581
GS_AD_SH_160517_SCH_-500 µm_003.tif,4,Clupeids,Sprattus sprattus,0.73441017,0.7366783618927002
GS_AD_SH_160517_SCH_-500 µm_003.tif,5,Clupeids,Sprattus sprattus,0.98497045,0.6373196840286255
GS_AD_SH_160517_SCH_-500 µm_003.tif,6,Sandeels,Ammodytes tobianus,0.11840634,0.4652918875217438
GS_AD_SH_160517_SCH_-500 µm_003.tif,7,Clupeids,Sprattus sprattus,0.99281174,0.7908143997192383
GS_AD_SH_160517_SCH_-500 µm_003.tif,8,Sandeels,Ammodytes tobianus,0.0065542003,0.7855573296546936
GS_AD_SH_160517_SCH_-500 µm_003.tif,9,Sandeels,Ammodytes marinus,0.06706142,0.4887511432170868
GS_AD_SH_160517_SCH_-500 µm_003.tif,10,Sandeels,Ammodytes tobianus,0.018601516,0.6304276585578918
GS_AD_SH_160517_SCH_-500 µm_003.tif,11,Clupeids,Clupea harengus,0.9988864,0.4992617666721344
GS_AD_SH_160517_SCH_-500 µm_003.tif,12,Clupeids,Sprattus sprattus,0.9929696,0.5450208187103271
GS_AD_SH_160517_SCH_-500 µm_003.tif,13,Clupeids,Sprattus sprattus,0.97536784,0.651872456073761
GS_AD_SH_160517_SCH_-500 µm_003.tif,14,Sandeels,Ammodytes tobianus,0.27152207,0.5448089241981506
GS_AD_SH_160517_SCH_-500 µm_003.tif,15,Sandeels,Ammodytes tobianus,0.004138014,0.7574467658996582
GS_AD_SH_160517_SCH_-500 µm_003.tif,16,Clupeids,Sprattus sprattus,0.84211665,0.6321663856506348
GS_AD_SH_160517_SCH_-500 µm_003.tif,17,Clupeids,Sprattus sprattus,0.96848583,0.8137488961219788
GS_AD_SH_160517_SCH_-500 µm_003.tif,18,Sandeels,Ammodytes marinus,0.07083971,0.6063486337661743
GS_AD_SH_160517_SCH_-500 µm_003.tif,19,Clupeids,Clupea harengus,0.9110524,0.6422246694564819
GS_AD_SH_160517_SCH_-500 µm_003.tif,20,Clupeids,Sprattus sprattus,0.9865557,0.4919450283050537
GS_AD_SH_160517_SCH_-500 µm_003.tif,21,Sandeels,Ammodytes marinus,0.00898309,0.5902787446975708
GS_AD_SH_160517_SCH_-500 µm_003.tif,22,Clupeids,Clupea harengus,0.5184805,0.4351549446582794
GS_AD_SH_160517_SCH_-500 µm_003.tif,23,Sandeels,Ammodytes tobianus,0.45040417,0.47264301776885986
GS_AD_SH_160517_SCH_-500 µm_003.tif,24,Sandeels,Ammodytes tobianus,0.43855554,0.6481851935386658
GS_AD_SH_160517_SCH_-500 µm_003.tif,25,Clupeids,Clupea harengus,0.98714966,0.8720471858978271
GS_AD_SH_160517_SCH_-500 µm_003.tif,26,Clupeids,Clupea harengus,0.9678927,0.7202728986740112
GS_AD_SH_160517_SCH_-500 µm_003.tif,27,Clupeids,Clupea harengus,0.9983279,0.6273104548454285
GS_AD_SH_160517_SCH_-500 µm_003.tif,28,Sandeels,Ammodytes marinus,0.3497998,0.6714150905609131
GS_AD_SH_160517_SCH_-500 µm_003.tif,29,Clupeids,Clupea harengus,0.99783933,0.48656538128852844
GS_AD_SH_160517_SCH_-500 µm_003.tif,30,Clupeids,Sprattus sprattus,0.7157269,0.8134342432022095
GS_AD_SH_160517_SCH_-500 µm_004.tif,1,Clupeids,Sprattus sprattus,0.903623,0.8281850814819336
GS_AD_SH_160517_SCH_-500 µm_004.tif,2,Clupeids,Sprattus sprattus,0.93266135,0.722298800945282
GS_AD_SH_160517_SCH_-500 µm_004.tif,3,Sandeels,Ammodytes tobianus,0.45962083,0.653500497341156
GS_AD_SH_160517_SCH_-500 µm_004.tif,4,Clupeids,Sprattus sprattus,0.99486214,0.49741992354393005
GS_AD_SH_160517_SCH_-500 µm_004.tif,5,Clupeids,Sprattus sprattus,0.9254882,0.47671228647232056
GS_AD_SH_160517_SCH_-500 µm_004.tif,6,Sandeels,Ammodytes tobianus,0.043571617,0.4880368113517761
GS_AD_SH_160517_SCH_-500 µm_004.tif,7,Clupeids,Sprattus sprattus,0.99668115,0.7791644334793091
GS_AD_SH_160517_SCH_-500 µm_004.tif,8,Sandeels,Ammodytes tobianus,0.13865507,0.7376432418823242
GS_AD_SH_160517_SCH_-500 µm_004.tif,9,Clupeids,Sprattus sprattus,0.791949,0.7897481322288513
GS_AD_SH_160517_SCH_-500 µm_004.tif,10,Clupeids,Sprattus sprattus,0.9735535,0.6724969744682312
GS_AD_SH_160517_SCH_-500 µm_004.tif,11,Sandeels,Ammodytes marinus,0.45820114,0.5542137622833252
GS_AD_SH_160517_SCH_-500 µm_004.tif,12,Clupeids,Sprattus sprattus,0.9582601,0.8116664290428162
GS_AD_SH_160517_SCH_-500 µm_004.tif,13,Clupeids,Clupea harengus,0.72798645,0.6638455986976624
GS_AD_SH_160517_SCH_-500 µm_004.tif,14,Clupeids,Alosa fallax,0.7537492,0.5934929847717285
GS_AD_SH_160517_SCH_-500 µm_004.tif,15,Sandeels,Ammodytes tobianus,0.01709308,0.6811056733131409
GS_AD_SH_160517_SCH_-500 µm_004.tif,16,Clupeids,Sprattus sprattus,0.6418417,0.6054970622062683
GS_AD_SH_160517_SCH_-500 µm_004.tif,17,Clupeids,Sprattus sprattus,0.70805615,0.6677542328834534
GS_AD_SH_160517_SCH_-500 µm_004.tif,18,Sandeels,Ammodytes marinus,0.40523824,0.526829183101654
GS_AD_SH_160517_SCH_-500 µm_004.tif,19,Clupeids,Sprattus sprattus,0.97586936,0.68184894323349
GS_AD_SH_160517_SCH_-500 µm_004.tif,20,Clupeids,Sprattus sprattus,0.99782604,0.4984392523765564
GS_AD_SH_160517_SCH_-500 µm_004.tif,21,Clupeids,Sprattus sprattus,0.9989465,0.7949563264846802
GS_AD_SH_160517_SCH_-500 µm_004.tif,22,Clupeids,Clupea harengus,0.6346725,0.4577415883541107
GS_AD_SH_160517_SCH_-500 µm_004.tif,23,Sandeels,Ammodytes marinus,0.022027815,0.5910462141036987
GS_AD_SH_160517_SCH_-500 µm_004.tif,24,Sandeels,Ammodytes tobianus,0.46138954,0.5943379402160645
GS_AD_SH_160517_SCH_-500 µm_004.tif,25,Clupeids,Sprattus sprattus,0.9966144,0.7330572605133057
GS_AD_SH_160517_SCH_-500 µm_004.tif,26,Clupeids,Clupea harengus,0.90048444,0.4058893620967865
GS_AD_SH_160517_SCH_-500 µm_004.tif,27,Clupeids,Sprattus sprattus,0.6257674,0.6349019408226013
GS_AD_SH_160517_SCH_-500 µm_004.tif,28,Clupeids,Clupea harengus,0.84084797,0.5563533902168274
GS_AD_SH_160517_SCH_-500 µm_004.tif,29,Clupeids,Sprattus sprattus,0.6040463,0.7455811500549316
GS_AD_SH_160517_SCH_-500 µm_004.tif,30,Clupeids,Sprattus sprattus,0.9978822,0.8781478404998779
GS_AD_SH_160517_SCH_-500 µm_005.tif,1,Sandeels,Ammodytes tobianus,0.35165414,0.6681649684906006
GS_AD_SH_160517_SCH_-500 µm_005.tif,2,Sandeels,Ammodytes marinus,0.22506733,0.5080598592758179
GS_AD_SH_160517_SCH_-500 µm_005.tif,3,Clupeids,Sprattus sprattus,0.99569404,0.6980897188186646
GS_AD_SH_160517_SCH_-500 µm_005.tif,4,Clupeids,Sprattus sprattus,0.8142662,0.4763793647289276
GS_AD_SH_160517_SCH_-500 µm_005.tif,5,Sandeels,Ammodytes tobianus,0.26154914,0.6250022053718567
GS_AD_SH_160517_SCH_-500 µm_005.tif,6,Clupeids,Sprattus sprattus,0.995619,0.8234863877296448
GS_AD_SH_160517_SCH_-500 µm_005.tif,7,Sandeels,Ammodytes tobianus,0.037896216,0.8199726343154907
GS_AD_SH_160517_SCH_-500 µm_005.tif,8,Sandeels,Ammodytes tobianus,0.108247146,0.507045328617096
GS_AD_SH_160517_SCH_-500 µm_005.tif,9,Sandeels,Ammodytes marinus,0.45796874,0.40523841977119446
GS_AD_SH_160517_SCH_-500 µm_005.tif,10,Sandeels,Ammodytes tobianus,0.48836407,0.4997312128543854
GS_AD_SH_160517_SCH_-500 µm_005.tif,11,Clupeids,Sprattus sprattus,0.71463126,0.7295843362808228
GS_AD_SH_160517_SCH_-500 µm_005.tif,12,Sandeels,Ammodytes tobianus,0.28694305,0.35049545764923096
GS_AD_SH_160517_SCH_-500 µm_005.tif,13,Clupeids,Sprattus sprattus,0.9857948,0.8182259798049927
GS_AD_SH_160517_SCH_-500 µm_005.tif,14,Clupeids,Sprattus sprattus,0.5689847,0.5109735131263733
GS_AD_SH_160517_SCH_-500 µm_005.tif,15,Clupeids,Sprattus sprattus,0.96402687,0.868272066116333
GS_AD_SH_160517_SCH_-500 µm_005.tif,16,Clupeids,Sprattus sprattus,0.63552517,0.5086296200752258
GS_AD_SH_160517_SCH_-500 µm_005.tif,17,Clupeids,Sprattus sprattus,0.95714706,0.6895265579223633
GS_AD_SH_160517_SCH_-500 µm_005.tif,18,Clupeids,Clupea harengus,0.99953544,0.617286741733551
GS_AD_SH_160517_SCH_-500 µm_005.tif,19,Clupeids,Clupea harengus,0.6186772,0.8055540919303894
GS_AD_SH_160517_SCH_-500 µm_005.tif,20,Clupeids,Clupea harengus,0.98748183,0.7088151574134827
GS_AD_SH_160517_SCH_-500 µm_005.tif,21,Sandeels,Ammodytes tobianus,0.3935219,0.7410796284675598
GS_AD_SH_160517_SCH_-500 µm_005.tif,22,Clupeids,Sprattus sprattus,0.91984004,0.8390268683433533
GS_AD_SH_160517_SCH_-500 µm_005.tif,23,Sandeels,Ammodytes tobianus,0.35656846,0.7505689859390259
GS_AD_SH_160517_SCH_-500 µm_005.tif,24,Sandeels,Ammodytes tobianus,0.39420655,0.7006493210792542
GS_AD_SH_160517_SCH_-500 µm_005.tif,25,Clupeids,Clupea harengus,0.95695955,0.8040074110031128
GS_AD_SH_160517_SCH_-500 µm_005.tif,26,Sandeels,Ammodytes tobianus,0.08632746,0.6979759931564331
GS_AD_SH_160517_SCH_-500 µm_005.tif,27,Clupeids,Clupea harengus,0.9940158,0.6742658019065857
GS_AD_SH_160517_SCH_-500 µm_005.tif,28,Clupeids,Clupea harengus,0.99104065,0.7545858025550842
GS_AD_SH_160517_SCH_-500 µm_005.tif,29,Sandeels,Ammodytes tobianus,0.08772984,0.7487896680831909
GS_AD_SH_160517_SCH_-500 µm_005.tif,30,Clupeids,Clupea harengus,0.9869984,0.4558303654193878
GS_AD_SH_160517_SCH_-500 µm_006.tif,1,Clupeids,Clupea harengus,0.9980782,0.8833100199699402
GS_AD_SH_160517_SCH_-500 µm_006.tif,2,Clupeids,Sprattus sprattus,0.9641614,0.5128763318061829
GS_AD_SH_160517_SCH_-500 µm_006.tif,3,Clupeids,Sprattus sprattus,0.53554285,0.6217348575592041
GS_AD_SH_160517_SCH_-500 µm_006.tif,4,Sandeels,Ammodytes tobianus,0.0571972,0.673811137676239
GS_AD_SH_160517_SCH_-500 µm_006.tif,5,Clupeids,Sprattus sprattus,0.5198203,0.49852877855300903
GS_AD_SH_160517_SCH_-500 µm_006.tif,6,Sandeels,Ammodytes tobianus,0.02639896,0.8169570565223694
GS_AD_SH_160517_SCH_-500 µm_006.tif,7,Clupeids,Sprattus sprattus,0.619403,0.401792973279953
GS_AD_SH_160517_SCH_-500 µm_006.tif,8,Sandeels,Ammodytes tobianus,0.35455915,0.663334846496582
GS_AD_SH_160517_SCH_-500 µm_006.tif,9,Sandeels,Ammodytes tobianus,0.14625497,0.7688884735107422
GS_AD_SH_160517_SCH_-500 µm_006.tif,10,Sandeels,Ammodytes tobianus,0.47542173,0.8350574374198914
GS_AD_SH_160517_SCH_-500 µm_006.tif,11,Sandeels,Ammodytes marinus,0.033163697,0.6182488203048706
GS_AD_SH_160517_SCH_-500 µm_006.tif,12,Sandeels,Ammodytes tobianus,0.08227893,0.7319427728652954
GS_AD_SH_160517_SCH_-500 µm_006.tif,13,Clupeids,Clupea harengus,0.99639505,0.7606915235519409
GS_AD_SH_160517_SCH_-500 µm_006.tif,14,Clupeids,Sprattus sprattus,0.69759464,0.5737481713294983
GS_AD_SH_160517_SCH_-500 µm_006.tif,15,Clupeids,Clupea harengus,0.5430326,0.5046387910842896
GS_AD_SH_160517_SCH_-500 µm_006.tif,16,Clupeids,Sprattus sprattus,0.98173827,0.6750364899635315
GS_AD_SH_160517_SCH_-500 µm_006.tif,17,Clupeids,Clupea harengus,0.99102825,0.595268726348877
GS_AD_SH_160517_SCH_-500 µm_006.tif,18,Sandeels,Ammodytes tobianus,0.07431828,0.7746051549911499
GS_AD_SH_160517_SCH_-500 µm_006.tif,19,Clupeids,Clupea harengus,0.60246855,0.7533557415008545
GS_AD_SH_160517_SCH_-500 µm_006.tif,20,Sandeels,Ammodytes marinus,0.47278333,0.5260493755340576
GS_AD_SH_160517_SCH_-500 µm_006.tif,21,Clupeids,Sprattus sprattus,0.99147964,0.681433379650116
GS_AD_SH_160517_SCH_-500 µm_006.tif,22,Clupeids,Clupea harengus,0.873853,0.6310336589813232
GS_AD_SH_160517_SCH_-500 µm_006.tif,23,Sandeels,Ammodytes tobianus,0.3244112,0.7678826451301575
GS_AD_SH_160517_SCH_-500 µm_006.tif,24,Sandeels,Ammodytes tobianus,0.100932226,0.741005003452301
GS_AD_SH_160517_SCH_-500 µm_006.tif,25,Clupeids,Clupea harengus,0.90275705,0.7459560632705688
GS_AD_SH_160517_SCH_-500 µm_006.tif,26,Clupeids,Clupea harengus,0.99248064,0.7692282795906067
GS_AD_SH_160517_SCH_-500 µm_006.tif,27,Sandeels,Ammodytes tobianus,0.4814445,0.8082733750343323
GS_AD_SH_160517_SCH_-500 µm_006.tif,28,Sandeels,Ammodytes tobianus,0.014851254,0.723935067653656
GS_AD_SH_160517_SCH_-500 µm_006.tif,29,Clupeids,Sprattus sprattus,0.98572147,0.8143292665481567
GS_AD_SH_160517_SCH_-500 µm_006.tif,30,Sandeels,Hyperoplus lanceolatus,0.1140416,0.6296201348304749
GS_AD_SH_160517_SCH_-500 µm_007.tif,1,Sandeels,Ammodytes tobianus,0.011657641,0.8349002003669739
GS_AD_SH_160517_SCH_-500 µm_007.tif,2,Clupeids,Clupea harengus,0.9565949,0.4251394271850586
GS_AD_SH_160517_SCH_-500 µm_007.tif,3,Sandeels,Ammodytes tobianus,0.25794625,0.7668986916542053
GS_AD_SH_160517_SCH_-500 µm_007.tif,4,Clupeids,Alosa fallax,0.94280773,0.6449761390686035
GS_AD_SH_160517_SCH_-500 µm_007.tif,5,Clupeids,Alosa fallax,0.9878292,0.5585456490516663
GS_AD_SH_160517_SCH_-500 µm_007.tif,6,Clupeids,Clupea harengus,0.9805222,0.7101196050643921
GS_AD_SH_160517_SCH_-500 µm_007.tif,7,Sandeels,Ammodytes tobianus,0.10666623,0.8163604140281677
GS_AD_SH_160517_SCH_-500 µm_007.tif,8,Sandeels,Ammodytes tobianus,0.23526952,0.8158661127090454
GS_AD_SH_160517_SCH_-500 µm_007.tif,9,Sandeels,Ammodytes tobianus,0.4134198,0.8558468818664551
GS_AD_SH_160517_SCH_-500 µm_007.tif,10,Clupeids,Alosa fallax,0.75834996,0.6557284593582153
GS_AD_SH_160517_SCH_-500 µm_007.tif,11,Sandeels,Ammodytes tobianus,0.058794748,0.5217383503913879
GS_AD_SH_160517_SCH_-500 µm_007.tif,12,Sandeels,Ammodytes tobianus,0.09299876,0.7819329500198364
GS_AD_SH_160517_SCH_-500 µm_007.tif,13,Clupeids,Clupea harengus,0.97075856,0.839469313621521
GS_AD_SH_160517_SCH_-500 µm_007.tif,14,Clupeids,Sprattus sprattus,0.94681865,0.6732884645462036
GS_AD_SH_160517_SCH_-500 µm_007.tif,15,Sandeels,Ammodytes tobianus,0.17707717,0.6401873230934143
GS_AD_SH_160517_SCH_-500 µm_007.tif,16,Clupeids,Clupea harengus,0.98819727,0.8876494765281677
GS_AD_SH_160517_SCH_-500 µm_007.tif,17,Clupeids,Clupea harengus,0.99716514,0.7866678833961487
GS_AD_SH_160517_SCH_-500 µm_007.tif,18,Sandeels,Ammodytes tobianus,0.38254008,0.6149616241455078
GS_AD_SH_160517_SCH_-500 µm_007.tif,19,Clupeids,Clupea harengus,0.95027256,0.6489500403404236
GS_AD_SH_160517_SCH_-500 µm_007.tif,20,Clupeids,Clupea harengus,0.9865289,0.5923349857330322
GS_AD_SH_160517_SCH_-500 µm_007.tif,21,Clupeids,Clupea harengus,0.942213,0.3971426784992218
GS_AD_SH_160517_SCH_-500 µm_007.tif,22,Clupeids,Clupea harengus,0.9848579,0.875807523727417
GS_AD_SH_160517_SCH_-500 µm_007.tif,23,Clupeids,Clupea harengus,0.9981185,0.7086976170539856
GS_AD_SH_160517_SCH_-500 µm_007.tif,24,Clupeids,Sprattus sprattus,0.53976184,0.47047558426856995
GS_AD_SH_160517_SCH_-500 µm_007.tif,25,Clupeids,Sprattus sprattus,0.66479045,0.6278030872344971
GS_AD_SH_160517_SCH_-500 µm_007.tif,26,Clupeids,Sprattus sprattus,0.99445724,0.5985206961631775
GS_AD_SH_160517_SCH_-500 µm_007.tif,27,Clupeids,Sprattus sprattus,0.9971391,0.8019005060195923
GS_AD_SH_160517_SCH_-500 µm_008.tif,1,Clupeids,Clupea harengus,0.86970174,0.7631579041481018
GS_AD_SH_160517_SCH_-500 µm_008.tif,2,Sandeels,Ammodytes tobianus,0.0018039752,0.7685216069221497
GS_AD_SH_160517_SCH_-500 µm_008.tif,3,Sandeels,Ammodytes tobianus,0.011271434,0.710733950138092
GS_AD_SH_160517_SCH_-500 µm_008.tif,4,Sandeels,Ammodytes tobianus,0.01348401,0.8225592970848083
GS_AD_SH_160517_SCH_-500 µm_008.tif,5,Sandeels,Ammodytes tobianus,0.1265709,0.8097182512283325
GS_AD_SH_160517_SCH_-500 µm_008.tif,6,Sandeels,Ammodytes tobianus,0.00034083202,0.8023903369903564
GS_AD_SH_160517_SCH_-500 µm_008.tif,7,Clupeids,Clupea harengus,0.7780901,0.5775105953216553
GS_AD_SH_160517_SCH_-500 µm_009.tif,1,Sandeels,Ammodytes marinus,0.40210629,0.617576539516449
GS_AD_SH_160517_SCH_-500 µm_009.tif,2,Clupeids,Clupea harengus,0.5608926,0.6482807993888855
GS_AD_SH_160517_SCH_-500 µm_009.tif,3,Clupeids,Clupea harengus,0.9750737,0.8947359919548035
GS_AD_SH_160517_SCH_-500 µm_009.tif,4,Sandeels,Ammodytes tobianus,0.007773063,0.8178824186325073
GS_AD_SH_160517_SCH_-500 µm_009.tif,5,Clupeids,Sprattus sprattus,0.8326075,0.7403746843338013
GS_AD_SH_160517_SCH_-500 µm_009.tif,6,Clupeids,Sprattus sprattus,0.9873734,0.6084100008010864
GS_AD_SH_160517_SCH_-500 µm_009.tif,7,Clupeids,Clupea harengus,0.98400426,0.5766900777816772
GS_AD_SH_160517_SCH_-500 µm_009.tif,8,Sandeels,Ammodytes tobianus,0.0032259386,0.788968026638031
GS_AD_SH_160517_SCH_-500 µm_009.tif,9,Clupeids,Sprattus sprattus,0.7634807,0.7053759694099426
GS_AD_SH_160517_SCH_-500 µm_009.tif,10,Clupeids,Clupea harengus,0.90698653,0.49770626425743103
GS_AD_SH_160517_SCH_-500 µm_009.tif,11,Sandeels,Ammodytes tobianus,0.06910144,0.6873059272766113
GS_AD_SH_160517_SCH_-500 µm_009.tif,12,Clupeids,Clupea harengus,0.98077077,0.6831777095794678
GS_AD_SH_160517_SCH_-500 µm_009.tif,13,Clupeids,Sprattus sprattus,0.96487856,0.5637333393096924
GS_AD_SH_160517_SCH_-500 µm_009.tif,14,Sandeels,Ammodytes tobianus,0.13965546,0.8206745982170105
GS_AD_SH_160517_SCH_-500 µm_009.tif,15,Clupeids,Alosa fallax,0.78314734,0.5166844129562378
GS_AD_SH_160517_SCH_-500 µm_009.tif,16,Clupeids,Clupea harengus,0.75816435,0.5095235109329224
GS_AD_SH_160517_SCH_-500 µm_009.tif,17,Clupeids,Sprattus sprattus,0.9877294,0.8480505347251892
GS_AD_SH_160517_SCH_-500 µm_009.tif,18,Clupeids,Clupea harengus,0.9984749,0.44567257165908813
GS_AD_SH_160517_SCH_-500 µm_009.tif,19,Sandeels,Ammodytes tobianus,0.26504746,0.8075275421142578
GS_AD_SH_160517_SCH_-500 µm_009.tif,20,Clupeids,Sprattus sprattus,0.96660143,0.4730018377304077
GS_AD_SH_160517_SCH_-500 µm_009.tif,21,Clupeids,Clupea harengus,0.8951019,0.5547815561294556
GS_AD_SH_160517_SCH_-500 µm_009.tif,22,Clupeids,Sprattus sprattus,0.8864906,0.7014368176460266
GS_AD_SH_160517_SCH_-500 µm_009.tif,23,Clupeids,Clupea harengus,0.9522342,0.5072792768478394
GS_AD_SH_160517_SCH_-500 µm_009.tif,24,Sandeels,Ammodytes tobianus,0.0883617,0.730586051940918
GS_AD_SH_160517_SCH_-500 µm_009.tif,25,Clupeids,Sprattus sprattus,0.9973264,0.8069958686828613
GS_AD_SH_160517_SCH_-500 µm_009.tif,26,Sandeels,Ammodytes tobianus,0.3308332,0.7391835451126099
GS_AD_SH_160517_SCH_-500 µm_009.tif,27,Sandeels,Ammodytes tobianus,0.015748732,0.8505513072013855
GS_AD_SH_160517_SCH_-500 µm_009.tif,28,Clupeids,Sprattus sprattus,0.99679226,0.79909747838974
GS_AD_SH_160517_SCH_-500 µm_009.tif,29,Sandeels,Hyperoplus lanceolatus,0.011100312,0.46455031633377075
